id,slug,name,brand,sku,category_id,description,mrp,selling_price,discount_pct,stock_qty,availability,is_new,is_bestseller,is_trending,rating_avg,rating_count,created_at
7e3d128e-7a2e-49ae-8b4c-37ca12eb3132,primary-navy-blue-solid-2-piece-suit-set-of-2,Primary Navy Blue Solid 2 Piece Suit Set Of 2,BUTTERBYTE STORE,,d5ce200a-cd25-4a93-8ec1-851dbaa9a41c,"Elevate your formalwear with the Primary Navy Blue Solid 2 Piece Suit Set Of 2 from BUTTERBYTE STORE — a meticulously crafted two-piece suit designed for the modern Indian gentleman. Tailored from premium suiting fabric with a refined navy blue finish, this set offers a sharp silhouette, structured shoulders, and a flattering fit that drapes effortlessly. Perfect for formal events, business meetings, and special occasions, it pairs beautifully with leather oxfords, a crisp pocket square, and minimal accessories for an effortlessly polished look. Features include precision stitching, premium lining, functional buttons, and durable construction for long-lasting wear. Dry-clean only to preserve the fabric and finish.",10000.00,8000.00,20,25,In Stock,t,f,f,3.5,21,2026-05-31 14:37:06.353669+00
4b37019f-8a03-4aab-a4b0-52efe76f2be4,men-tuxedo-style-black-blazer-with-pant,Men Tuxedo Style Black Blazer With Pant,BUTTERBYTE STORE,,d5ce200a-cd25-4a93-8ec1-851dbaa9a41c,"Elevate your formalwear with the Men Tuxedo Style Black Blazer With Pant from BUTTERBYTE STORE — a meticulously crafted tuxedo designed for the modern Indian gentleman. Tailored from premium suiting fabric with a refined black finish, this set offers a sharp silhouette, structured shoulders, and a flattering fit that drapes effortlessly. Perfect for weddings, receptions, and black-tie occasions, it pairs beautifully with leather oxfords, a crisp pocket square, and minimal accessories for an effortlessly polished look. Features include precision stitching, premium lining, functional buttons, and durable construction for long-lasting wear. Dry-clean only to preserve the fabric and finish.",3650.00,2950.00,19,25,In Stock,t,f,f,3.5,21,2026-05-31 14:38:07.371036+00
115da175-dfaa-45a0-821c-63714ed70a95,carnival-blazer-with-shirt-trouser-set-of-3,Carnival Blazer With Shirt Trouser Set Of 3,BUTTERBYTE STORE,,d5ce200a-cd25-4a93-8ec1-851dbaa9a41c,"Elevate your formalwear with the Carnival Blazer With Shirt Trouser Set Of 3 from BUTTERBYTE STORE — a meticulously crafted blazer set designed for the modern Indian gentleman. Tailored from premium suiting fabric, this set offers a sharp silhouette, structured shoulders, and a flattering fit that drapes effortlessly. Perfect for formal events, business meetings, and special occasions, it pairs beautifully with leather oxfords, a crisp pocket square, and minimal accessories for an effortlessly polished look. Features include precision stitching, premium lining, functional buttons, and durable construction for long-lasting wear. Dry-clean only to preserve the fabric and finish.",3600.00,2900.00,19,25,In Stock,t,f,f,3.5,21,2026-05-31 14:38:07.371036+00
2ede46c3-943a-4883-9368-0996e759589e,subtract-men-black-single-breasted-solid-blaz,Subtract Men Black Single Breasted Solid Blaz,BUTTERBYTE STORE,,d5ce200a-cd25-4a93-8ec1-851dbaa9a41c,"Elevate your formalwear with the Subtract Men Black Single Breasted Solid Blaz from BUTTERBYTE STORE — a meticulously crafted tailored suit designed for the modern Indian gentleman. Tailored from premium suiting fabric with a refined black finish, this set offers a sharp silhouette, structured shoulders, and a flattering fit that drapes effortlessly. Perfect for formal events, business meetings, and special occasions, it pairs beautifully with leather oxfords, a crisp pocket square, and minimal accessories for an effortlessly polished look. Features include precision stitching, premium lining, functional buttons, and durable construction for long-lasting wear. Dry-clean only to preserve the fabric and finish.",3500.00,2800.00,20,25,In Stock,t,f,f,5.0,35,2026-05-31 14:38:07.371036+00
75054fe5-105f-4285-9db3-1d1b1d0a5d63,embroidered-suit-set-of-2,Embroidered Suit Set Of 2,BUTTERBYTE STORE,,d5ce200a-cd25-4a93-8ec1-851dbaa9a41c,"Elevate your formalwear with the Embroidered Suit Set Of 2 from BUTTERBYTE STORE — a meticulously crafted two-piece suit designed for the modern Indian gentleman. Tailored from premium suiting fabric, this set offers a sharp silhouette, structured shoulders, and a flattering fit that drapes effortlessly. Perfect for weddings, receptions, and black-tie occasions, it pairs beautifully with leather oxfords, a crisp pocket square, and minimal accessories for an effortlessly polished look. Features include precision stitching, premium lining, functional buttons, and durable construction for long-lasting wear. Dry-clean only to preserve the fabric and finish.",10000.00,8000.00,20,25,In Stock,t,f,f,3.5,21,2026-05-31 14:38:07.371036+00
a7e03f99-bc20-4ce0-bf5b-c0b3d7077d22,brown-tailored-fit-ceremonial-blazer-with-waistcoat-pant-set-of-3,Brown Tailored Fit Ceremonial Blazer With Waistcoat Pant Set Of 3,BUTTERBYTE STORE,,d5ce200a-cd25-4a93-8ec1-851dbaa9a41c,"Elevate your formalwear with the Brown Tailored Fit Ceremonial Blazer With Waistcoat Pant Set Of 3 from BUTTERBYTE STORE — a meticulously crafted blazer set designed for the modern Indian gentleman. Tailored from premium suiting fabric with a refined brown finish, this set offers a sharp silhouette, structured shoulders, and a flattering fit that drapes effortlessly. Perfect for weddings, receptions, and black-tie occasions, it pairs beautifully with leather oxfords, a crisp pocket square, and minimal accessories for an effortlessly polished look. Features include precision stitching, premium lining, functional buttons, and durable construction for long-lasting wear. Dry-clean only to preserve the fabric and finish.",7100.00,5700.00,20,25,In Stock,t,f,f,3.5,21,2026-05-31 14:38:07.371036+00
b261f3e0-4033-491e-9928-82b48ad8a1bb,blue-velvet-collar-neck-embroidered-jacket-with-vest-and-pant,Blue Velvet Collar Neck Embroidered Jacket With Vest And Pant,BUTTERBYTE STORE,,d5ce200a-cd25-4a93-8ec1-851dbaa9a41c,"Elevate your formalwear with the Blue Velvet Collar Neck Embroidered Jacket With Vest And Pant from BUTTERBYTE STORE — a meticulously crafted tailored suit designed for the modern Indian gentleman. Tailored from premium suiting fabric with a refined blue finish, this set offers a sharp silhouette, structured shoulders, and a flattering fit that drapes effortlessly. Perfect for weddings, receptions, and black-tie occasions, it pairs beautifully with leather oxfords, a crisp pocket square, and minimal accessories for an effortlessly polished look. Features include precision stitching, premium lining, functional buttons, and durable construction for long-lasting wear. Dry-clean only to preserve the fabric and finish.",3350.00,2700.00,19,25,In Stock,t,f,f,5.0,35,2026-05-31 14:38:07.371036+00
cb695385-4662-4782-99dd-9aada25b0869,black-embroidered-tuxedo-blazer-with-pant,Black Embroidered Tuxedo Blazer With Pant,BUTTERBYTE STORE,,d5ce200a-cd25-4a93-8ec1-851dbaa9a41c,"Elevate your formalwear with the Black Embroidered Tuxedo Blazer With Pant from BUTTERBYTE STORE — a meticulously crafted tuxedo designed for the modern Indian gentleman. Tailored from premium suiting fabric with a refined black finish, this set offers a sharp silhouette, structured shoulders, and a flattering fit that drapes effortlessly. Perfect for weddings, receptions, and black-tie occasions, it pairs beautifully with leather oxfords, a crisp pocket square, and minimal accessories for an effortlessly polished look. Features include precision stitching, premium lining, functional buttons, and durable construction for long-lasting wear. Dry-clean only to preserve the fabric and finish.",3300.00,2650.00,20,25,In Stock,t,f,f,4.0,28,2026-05-31 14:38:07.371036+00
afc6239f-164a-4822-ae35-e9fb92911e68,men-tailored-fit-heathered-grey-suit,Men Tailored Fit Heathered Grey Suit,BUTTERBYTE STORE,,d5ce200a-cd25-4a93-8ec1-851dbaa9a41c,"Elevate your formalwear with the Men Tailored Fit Heathered Grey Suit from BUTTERBYTE STORE — a meticulously crafted tailored suit designed for the modern Indian gentleman. Tailored from premium suiting fabric with a refined grey finish, this set offers a sharp silhouette, structured shoulders, and a flattering fit that drapes effortlessly. Perfect for formal events, business meetings, and special occasions, it pairs beautifully with leather oxfords, a crisp pocket square, and minimal accessories for an effortlessly polished look. Features include precision stitching, premium lining, functional buttons, and durable construction for long-lasting wear. Dry-clean only to preserve the fabric and finish.",6850.00,5500.00,20,25,In Stock,t,f,f,4.0,28,2026-05-31 14:38:07.371036+00
8b0f975f-ddf1-43ae-afe9-8a97d08e588c,ahi-clothing-dark-purple-embellished-coat-and,Ahi Clothing Dark Purple Embellished Coat And,BUTTERBYTE STORE,,d5ce200a-cd25-4a93-8ec1-851dbaa9a41c,"Elevate your formalwear with the Ahi Clothing Dark Purple Embellished Coat And from BUTTERBYTE STORE — a meticulously crafted tailored suit designed for the modern Indian gentleman. Tailored from premium suiting fabric with a refined purple finish, this set offers a sharp silhouette, structured shoulders, and a flattering fit that drapes effortlessly. Perfect for weddings, receptions, and black-tie occasions, it pairs beautifully with leather oxfords, a crisp pocket square, and minimal accessories for an effortlessly polished look. Features include precision stitching, premium lining, functional buttons, and durable construction for long-lasting wear. Dry-clean only to preserve the fabric and finish.",3150.00,2550.00,19,25,In Stock,t,f,f,4.0,28,2026-05-31 14:38:07.371036+00
e2a4db50-4fb8-478e-a784-2680e9e32258,gold-cut-dana-embroidered-tuxedo-set-of-2,Gold Cut Dana Embroidered Tuxedo Set Of 2,BUTTERBYTE STORE,,d5ce200a-cd25-4a93-8ec1-851dbaa9a41c,"Elevate your formalwear with the Gold Cut Dana Embroidered Tuxedo Set Of 2 from BUTTERBYTE STORE — a meticulously crafted tuxedo designed for the modern Indian gentleman. Tailored from premium suiting fabric with a refined gold finish, this set offers a sharp silhouette, structured shoulders, and a flattering fit that drapes effortlessly. Perfect for weddings, receptions, and black-tie occasions, it pairs beautifully with leather oxfords, a crisp pocket square, and minimal accessories for an effortlessly polished look. Features include precision stitching, premium lining, functional buttons, and durable construction for long-lasting wear. Dry-clean only to preserve the fabric and finish.",3150.00,2550.00,19,25,In Stock,t,f,f,5.0,35,2026-05-31 14:38:46.570484+00
28587682-8930-41fd-a6b8-55b649609f8b,contrast-by-parth-soul-black-tuxedo-set-of-4,Contrast By Parth Soul Black Tuxedo Set Of 4,BUTTERBYTE STORE,,d5ce200a-cd25-4a93-8ec1-851dbaa9a41c,"Elevate your formalwear with the Contrast By Parth Soul Black Tuxedo Set Of 4 from BUTTERBYTE STORE — a meticulously crafted tuxedo designed for the modern Indian gentleman. Tailored from premium suiting fabric with a refined black finish, this set offers a sharp silhouette, structured shoulders, and a flattering fit that drapes effortlessly. Perfect for weddings, receptions, and black-tie occasions, it pairs beautifully with leather oxfords, a crisp pocket square, and minimal accessories for an effortlessly polished look. Features include precision stitching, premium lining, functional buttons, and durable construction for long-lasting wear. Dry-clean only to preserve the fabric and finish.",3100.00,2500.00,19,25,In Stock,t,f,f,4.0,28,2026-05-31 14:38:46.570484+00
21e416e2-ee01-44c0-b018-935adc125812,men-s-tailored-fit-dobby-blazer-with-waistcoat-and-trouser-set-of-3,Men S Tailored Fit Dobby Blazer With Waistcoat And Trouser Set Of 3,BUTTERBYTE STORE,,d5ce200a-cd25-4a93-8ec1-851dbaa9a41c,"Elevate your formalwear with the Men S Tailored Fit Dobby Blazer With Waistcoat And Trouser Set Of 3 from BUTTERBYTE STORE — a meticulously crafted blazer set designed for the modern Indian gentleman. Tailored from premium suiting fabric, this set offers a sharp silhouette, structured shoulders, and a flattering fit that drapes effortlessly. Perfect for formal events, business meetings, and special occasions, it pairs beautifully with leather oxfords, a crisp pocket square, and minimal accessories for an effortlessly polished look. Features include precision stitching, premium lining, functional buttons, and durable construction for long-lasting wear. Dry-clean only to preserve the fabric and finish.",7500.00,6000.00,20,25,In Stock,t,f,f,4.0,28,2026-05-31 14:38:46.570484+00
5566f9a2-cfef-44b3-aa91-8a14a5c2a6e4,pitch-black-tuxedo-with-shirt-trouser-set-of-3,Pitch Black Tuxedo With Shirt Trouser Set Of 3,BUTTERBYTE STORE,,d5ce200a-cd25-4a93-8ec1-851dbaa9a41c,"Elevate your formalwear with the Pitch Black Tuxedo With Shirt Trouser Set Of 3 from BUTTERBYTE STORE — a meticulously crafted tuxedo designed for the modern Indian gentleman. Tailored from premium suiting fabric with a refined black finish, this set offers a sharp silhouette, structured shoulders, and a flattering fit that drapes effortlessly. Perfect for weddings, receptions, and black-tie occasions, it pairs beautifully with leather oxfords, a crisp pocket square, and minimal accessories for an effortlessly polished look. Features include precision stitching, premium lining, functional buttons, and durable construction for long-lasting wear. Dry-clean only to preserve the fabric and finish.",2800.00,2250.00,20,25,In Stock,t,f,f,5.0,35,2026-05-31 14:38:46.570484+00
8f4c2bc9-dfd4-400a-b2ac-1851b7c757bd,men-black-tailored-regular-fit-solid-two-piece-suit,Men Black Tailored Regular Fit Solid Two Piece Suit,BUTTERBYTE STORE,,d5ce200a-cd25-4a93-8ec1-851dbaa9a41c,"Elevate your formalwear with the Men Black Tailored Regular Fit Solid Two Piece Suit from BUTTERBYTE STORE — a meticulously crafted two-piece suit designed for the modern Indian gentleman. Tailored from premium suiting fabric with a refined black finish, this set offers a sharp silhouette, structured shoulders, and a flattering fit that drapes effortlessly. Perfect for formal events, business meetings, and special occasions, it pairs beautifully with leather oxfords, a crisp pocket square, and minimal accessories for an effortlessly polished look. Features include precision stitching, premium lining, functional buttons, and durable construction for long-lasting wear. Dry-clean only to preserve the fabric and finish.",2750.00,2200.00,20,25,In Stock,t,f,f,4.0,28,2026-05-31 14:38:46.570484+00
04513120-e1f2-498f-a0af-3701cfcae4f4,mens-tailored-fit-two-piece-suit-grey,Mens Tailored Fit Two Piece Suit Grey,BUTTERBYTE STORE,,d5ce200a-cd25-4a93-8ec1-851dbaa9a41c,"Elevate your formalwear with the Mens Tailored Fit Two Piece Suit Grey from BUTTERBYTE STORE — a meticulously crafted two-piece suit designed for the modern Indian gentleman. Tailored from premium suiting fabric with a refined grey finish, this set offers a sharp silhouette, structured shoulders, and a flattering fit that drapes effortlessly. Perfect for formal events, business meetings, and special occasions, it pairs beautifully with leather oxfords, a crisp pocket square, and minimal accessories for an effortlessly polished look. Features include precision stitching, premium lining, functional buttons, and durable construction for long-lasting wear. Dry-clean only to preserve the fabric and finish.",2650.00,2150.00,19,25,In Stock,t,f,f,3.5,21,2026-05-31 14:38:46.570484+00
9c12297b-e521-4074-b366-682bbab666fd,contrast-by-parth-navy-blue-cord-tuxedo-set-o,Contrast By Parth Navy Blue Cord Tuxedo Set O,BUTTERBYTE STORE,,d5ce200a-cd25-4a93-8ec1-851dbaa9a41c,"Elevate your formalwear with the Contrast By Parth Navy Blue Cord Tuxedo Set O from BUTTERBYTE STORE — a meticulously crafted tuxedo designed for the modern Indian gentleman. Tailored from premium suiting fabric with a refined navy blue finish, this set offers a sharp silhouette, structured shoulders, and a flattering fit that drapes effortlessly. Perfect for weddings, receptions, and black-tie occasions, it pairs beautifully with leather oxfords, a crisp pocket square, and minimal accessories for an effortlessly polished look. Features include precision stitching, premium lining, functional buttons, and durable construction for long-lasting wear. Dry-clean only to preserve the fabric and finish.",2550.00,2050.00,20,25,In Stock,t,f,f,4.0,28,2026-05-31 14:38:46.570484+00
2aadd79b-08c0-4301-b77e-f83975e6bc2e,black-metallic-wrap-style-stroked-suit-set-of-3,Black Metallic Wrap Style Stroked Suit Set Of 3,BUTTERBYTE STORE,,d5ce200a-cd25-4a93-8ec1-851dbaa9a41c,"Elevate your formalwear with the Black Metallic Wrap Style Stroked Suit Set Of 3 from BUTTERBYTE STORE — a meticulously crafted three-piece suit designed for the modern Indian gentleman. Tailored from premium suiting fabric with a refined black finish, this set offers a sharp silhouette, structured shoulders, and a flattering fit that drapes effortlessly. Perfect for formal events, business meetings, and special occasions, it pairs beautifully with leather oxfords, a crisp pocket square, and minimal accessories for an effortlessly polished look. Features include precision stitching, premium lining, functional buttons, and durable construction for long-lasting wear. Dry-clean only to preserve the fabric and finish.",2500.00,2000.00,20,25,In Stock,t,f,f,5.0,35,2026-05-31 14:38:46.570484+00
0a532b52-d045-445e-ae20-a8270608733f,the-floating-spider-blazer-with-shirt-trouser-set-of-3,The Floating Spider Blazer With Shirt Trouser Set Of 3,BUTTERBYTE STORE,,d5ce200a-cd25-4a93-8ec1-851dbaa9a41c,"Elevate your formalwear with the The Floating Spider Blazer With Shirt Trouser Set Of 3 from BUTTERBYTE STORE — a meticulously crafted blazer set designed for the modern Indian gentleman. Tailored from premium suiting fabric, this set offers a sharp silhouette, structured shoulders, and a flattering fit that drapes effortlessly. Perfect for formal events, business meetings, and special occasions, it pairs beautifully with leather oxfords, a crisp pocket square, and minimal accessories for an effortlessly polished look. Features include precision stitching, premium lining, functional buttons, and durable construction for long-lasting wear. Dry-clean only to preserve the fabric and finish.",2500.00,2000.00,20,25,In Stock,t,f,f,3.5,21,2026-05-31 14:38:46.570484+00
0d536b79-3efa-4dec-81de-b8929ba28100,white-embroidered-tuxedo-blazer-with-pant,White Embroidered Tuxedo Blazer With Pant,BUTTERBYTE STORE,,d5ce200a-cd25-4a93-8ec1-851dbaa9a41c,"Elevate your formalwear with the White Embroidered Tuxedo Blazer With Pant from BUTTERBYTE STORE — a meticulously crafted tuxedo designed for the modern Indian gentleman. Tailored from premium suiting fabric with a refined white finish, this set offers a sharp silhouette, structured shoulders, and a flattering fit that drapes effortlessly. Perfect for weddings, receptions, and black-tie occasions, it pairs beautifully with leather oxfords, a crisp pocket square, and minimal accessories for an effortlessly polished look. Features include precision stitching, premium lining, functional buttons, and durable construction for long-lasting wear. Dry-clean only to preserve the fabric and finish.",2400.00,1950.00,19,25,In Stock,t,f,f,5.0,35,2026-05-31 14:39:28.513661+00
4e7dfe36-87fb-4de5-94b4-539b67cf0269,white-charm-jacket-with-shirt-pant-set-of-3,White Charm Jacket With Shirt Pant Set Of 3,BUTTERBYTE STORE,,d5ce200a-cd25-4a93-8ec1-851dbaa9a41c,"Elevate your formalwear with the White Charm Jacket With Shirt Pant Set Of 3 from BUTTERBYTE STORE — a meticulously crafted three-piece suit designed for the modern Indian gentleman. Tailored from premium suiting fabric with a refined white finish, this set offers a sharp silhouette, structured shoulders, and a flattering fit that drapes effortlessly. Perfect for formal events, business meetings, and special occasions, it pairs beautifully with leather oxfords, a crisp pocket square, and minimal accessories for an effortlessly polished look. Features include precision stitching, premium lining, functional buttons, and durable construction for long-lasting wear. Dry-clean only to preserve the fabric and finish.",2400.00,1950.00,19,25,In Stock,t,f,f,3.5,21,2026-05-31 14:39:28.513661+00
d9926923-a2c6-44dd-a8db-4fe58eb2cc33,birdseye-suit-set-of-3,Birdseye Suit Set Of 3,BUTTERBYTE STORE,,d5ce200a-cd25-4a93-8ec1-851dbaa9a41c,"Elevate your formalwear with the Birdseye Suit Set Of 3 from BUTTERBYTE STORE — a meticulously crafted three-piece suit designed for the modern Indian gentleman. Tailored from premium suiting fabric, this set offers a sharp silhouette, structured shoulders, and a flattering fit that drapes effortlessly. Perfect for formal events, business meetings, and special occasions, it pairs beautifully with leather oxfords, a crisp pocket square, and minimal accessories for an effortlessly polished look. Features include precision stitching, premium lining, functional buttons, and durable construction for long-lasting wear. Dry-clean only to preserve the fabric and finish.",2400.00,1950.00,19,25,In Stock,t,f,f,5.0,35,2026-05-31 14:39:28.513661+00
f24a1522-56a3-40ad-b2ca-79d0e5f18e58,brown-slim-fit-formal-suit,Brown Slim Fit Formal Suit,BUTTERBYTE STORE,,d5ce200a-cd25-4a93-8ec1-851dbaa9a41c,"Elevate your formalwear with the Brown Slim Fit Formal Suit from BUTTERBYTE STORE — a meticulously crafted tailored suit designed for the modern Indian gentleman. Tailored from premium suiting fabric with a refined brown finish, this set offers a sharp silhouette, structured shoulders, and a flattering fit that drapes effortlessly. Perfect for formal events, business meetings, and special occasions, it pairs beautifully with leather oxfords, a crisp pocket square, and minimal accessories for an effortlessly polished look. Features include precision stitching, premium lining, functional buttons, and durable construction for long-lasting wear. Dry-clean only to preserve the fabric and finish.",2350.00,1900.00,19,25,In Stock,t,f,f,5.0,35,2026-05-31 14:39:28.513661+00
287c52d6-bc7e-42c0-ab53-74a09ab43531,black-single-breasted-embellished-blazer-with-pant,Black Single Breasted Embellished Blazer With Pant,BUTTERBYTE STORE,,d5ce200a-cd25-4a93-8ec1-851dbaa9a41c,"Elevate your formalwear with the Black Single Breasted Embellished Blazer With Pant from BUTTERBYTE STORE — a meticulously crafted blazer set designed for the modern Indian gentleman. Tailored from premium suiting fabric with a refined black finish, this set offers a sharp silhouette, structured shoulders, and a flattering fit that drapes effortlessly. Perfect for weddings, receptions, and black-tie occasions, it pairs beautifully with leather oxfords, a crisp pocket square, and minimal accessories for an effortlessly polished look. Features include precision stitching, premium lining, functional buttons, and durable construction for long-lasting wear. Dry-clean only to preserve the fabric and finish.",2300.00,1850.00,20,25,In Stock,t,f,f,5.0,35,2026-05-31 14:39:28.513661+00
291a959f-7089-447e-8f98-ddd61d65fb5a,primary-black-2-piece-checks-suit-set-of-2,Primary Black 2 Piece Checks Suit Set Of 2,BUTTERBYTE STORE,,d5ce200a-cd25-4a93-8ec1-851dbaa9a41c,"Elevate your formalwear with the Primary Black 2 Piece Checks Suit Set Of 2 from BUTTERBYTE STORE — a meticulously crafted two-piece suit designed for the modern Indian gentleman. Tailored from premium suiting fabric with a refined black finish, this set offers a sharp silhouette, structured shoulders, and a flattering fit that drapes effortlessly. Perfect for formal events, business meetings, and special occasions, it pairs beautifully with leather oxfords, a crisp pocket square, and minimal accessories for an effortlessly polished look. Features include precision stitching, premium lining, functional buttons, and durable construction for long-lasting wear. Dry-clean only to preserve the fabric and finish.",2050.00,1650.00,20,25,In Stock,t,f,f,4.0,28,2026-05-31 14:39:28.513661+00
9f1fcba9-eb09-470d-ab4c-bcc2850c9f3b,black-boat-neck-midi-dress,Black Boat Neck Midi Dress,BUTTERBYTE STORE,BB-DRESS-001,13fe2d01-8918-412c-8917-c508525e02b5,"Discover the Black Boat Neck Midi Dress from BUTTERBYTE STORE — a thoughtfully designed dress crafted for the modern Indian wardrobe. Made with premium, breathable fabric and finished with meticulous tailoring, this Black Boat Neck Midi Dress blends contemporary design with timeless ethnic sensibility — ideal for festive occasions, everyday wear, gifting and special celebrations.

Key Highlights:
• Premium soft-touch fabric with a comfortable hand feel
• Tailored fit designed for all-day comfort and easy movement
• Durable double-stitched seams and color-fast dyes for long-lasting wear
• Easy care — machine washable, low maintenance
• Versatile styling — pair with traditional or contemporary essentials

Why shop the Black Boat Neck Midi Dress at BUTTERBYTE STORE? Enjoy authentic quality, pan-India shipping, secure checkout, easy 7-day returns and dedicated customer support. Elevate your ethnic and everyday wardrobe with BUTTERBYTE STORE — premium fashion for the modern Indian.",1375.00,1100.00,20,25,In Stock,t,f,f,4.3,0,2026-05-30 23:57:24.994122+00
fdeb6aa4-f82b-4495-ad98-890ae45a1f6c,midi-dress-with-belt-white-floral,Midi Dress With Belt White Floral,BUTTERBYTE STORE,BB-DRESS-002,13fe2d01-8918-412c-8917-c508525e02b5,"Discover the Midi Dress With Belt White Floral from BUTTERBYTE STORE — a thoughtfully designed dress crafted for the modern Indian wardrobe. Made with premium, breathable fabric and finished with meticulous tailoring, this Midi Dress With Belt White Floral blends contemporary design with timeless ethnic sensibility — ideal for festive occasions, everyday wear, gifting and special celebrations.

Key Highlights:
• Premium soft-touch fabric with a comfortable hand feel
• Tailored fit designed for all-day comfort and easy movement
• Durable double-stitched seams and color-fast dyes for long-lasting wear
• Easy care — machine washable, low maintenance
• Versatile styling — pair with traditional or contemporary essentials

Why shop the Midi Dress With Belt White Floral at BUTTERBYTE STORE? Enjoy authentic quality, pan-India shipping, secure checkout, easy 7-day returns and dedicated customer support. Elevate your ethnic and everyday wardrobe with BUTTERBYTE STORE — premium fashion for the modern Indian.",3125.00,2500.00,20,25,In Stock,t,f,f,4.3,0,2026-05-30 23:57:25.069333+00
f2b6742b-17b1-45f1-9055-adff32e115cd,white-printed-a-line-maxi-dress,White Printed A Line Maxi Dress,BUTTERBYTE STORE,BB-DRESS-003,13fe2d01-8918-412c-8917-c508525e02b5,"Discover the White Printed A Line Maxi Dress from BUTTERBYTE STORE — a thoughtfully designed dress crafted for the modern Indian wardrobe. Made with premium, breathable fabric and finished with meticulous tailoring, this White Printed A Line Maxi Dress blends contemporary design with timeless ethnic sensibility — ideal for festive occasions, everyday wear, gifting and special celebrations.

Key Highlights:
• Premium soft-touch fabric with a comfortable hand feel
• Tailored fit designed for all-day comfort and easy movement
• Durable double-stitched seams and color-fast dyes for long-lasting wear
• Easy care — machine washable, low maintenance
• Versatile styling — pair with traditional or contemporary essentials

Why shop the White Printed A Line Maxi Dress at BUTTERBYTE STORE? Enjoy authentic quality, pan-India shipping, secure checkout, easy 7-day returns and dedicated customer support. Elevate your ethnic and everyday wardrobe with BUTTERBYTE STORE — premium fashion for the modern Indian.",2250.00,1800.00,20,25,In Stock,t,f,f,4.3,0,2026-05-30 23:57:25.138847+00
bdc07a4c-5236-4786-97c5-31d55e6b7e5d,brown-round-neck-shirt-d,Brown Round Neck Shirt D,BUTTERBYTE STORE,BB-DRESS-004,13fe2d01-8918-412c-8917-c508525e02b5,"Discover the Brown Round Neck Shirt D from BUTTERBYTE STORE — a thoughtfully designed dress crafted for the modern Indian wardrobe. Made with premium, breathable fabric and finished with meticulous tailoring, this Brown Round Neck Shirt D blends contemporary design with timeless ethnic sensibility — ideal for festive occasions, everyday wear, gifting and special celebrations.

Key Highlights:
• Premium soft-touch fabric with a comfortable hand feel
• Tailored fit designed for all-day comfort and easy movement
• Durable double-stitched seams and color-fast dyes for long-lasting wear
• Easy care — machine washable, low maintenance
• Versatile styling — pair with traditional or contemporary essentials

Why shop the Brown Round Neck Shirt D at BUTTERBYTE STORE? Enjoy authentic quality, pan-India shipping, secure checkout, easy 7-day returns and dedicated customer support. Elevate your ethnic and everyday wardrobe with BUTTERBYTE STORE — premium fashion for the modern Indian.",2625.00,2100.00,20,25,In Stock,t,f,f,4.3,0,2026-05-30 23:57:25.207742+00
8cb8b655-695e-49d5-97de-03ee368eb751,pink-and-black-printed-sleeveless-maxi-dress,Pink And Black Printed Sleeveless Maxi Dress,BUTTERBYTE STORE,BB-DRESS-005,13fe2d01-8918-412c-8917-c508525e02b5,"Discover the Pink And Black Printed Sleeveless Maxi Dress from BUTTERBYTE STORE — a thoughtfully designed dress crafted for the modern Indian wardrobe. Made with premium, breathable fabric and finished with meticulous tailoring, this Pink And Black Printed Sleeveless Maxi Dress blends contemporary design with timeless ethnic sensibility — ideal for festive occasions, everyday wear, gifting and special celebrations.

Key Highlights:
• Premium soft-touch fabric with a comfortable hand feel
• Tailored fit designed for all-day comfort and easy movement
• Durable double-stitched seams and color-fast dyes for long-lasting wear
• Easy care — machine washable, low maintenance
• Versatile styling — pair with traditional or contemporary essentials

Why shop the Pink And Black Printed Sleeveless Maxi Dress at BUTTERBYTE STORE? Enjoy authentic quality, pan-India shipping, secure checkout, easy 7-day returns and dedicated customer support. Elevate your ethnic and everyday wardrobe with BUTTERBYTE STORE — premium fashion for the modern Indian.",3375.00,2700.00,20,25,In Stock,f,t,f,4.3,0,2026-05-30 23:57:25.276629+00
e0630480-265f-42b5-b656-e76d7cd08ec6,pink-elasticated-cinched-waist-maxi-dress,Pink Elasticated Cinched Waist Maxi Dress,BUTTERBYTE STORE,BB-DRESS-006,13fe2d01-8918-412c-8917-c508525e02b5,"Discover the Pink Elasticated Cinched Waist Maxi Dress from BUTTERBYTE STORE — a thoughtfully designed dress crafted for the modern Indian wardrobe. Made with premium, breathable fabric and finished with meticulous tailoring, this Pink Elasticated Cinched Waist Maxi Dress blends contemporary design with timeless ethnic sensibility — ideal for festive occasions, everyday wear, gifting and special celebrations.

Key Highlights:
• Premium soft-touch fabric with a comfortable hand feel
• Tailored fit designed for all-day comfort and easy movement
• Durable double-stitched seams and color-fast dyes for long-lasting wear
• Easy care — machine washable, low maintenance
• Versatile styling — pair with traditional or contemporary essentials

Why shop the Pink Elasticated Cinched Waist Maxi Dress at BUTTERBYTE STORE? Enjoy authentic quality, pan-India shipping, secure checkout, easy 7-day returns and dedicated customer support. Elevate your ethnic and everyday wardrobe with BUTTERBYTE STORE — premium fashion for the modern Indian.",1375.00,1100.00,20,25,In Stock,f,t,f,4.3,0,2026-05-30 23:57:25.345546+00
056d94a7-8cfc-49ce-8ad7-ea95943adfb6,ultra-baggy-fit-high-rise-jeans,Ultra Baggy Fit High Rise Jeans,BUTTERBYTE STORE,BB-JEANS-014,d61afce9-9269-4065-a9bf-8bb446295246,"Discover the Ultra Baggy Fit High Rise Jeans from BUTTERBYTE STORE — a thoughtfully designed jeans crafted for the modern Indian wardrobe. Made with premium, breathable fabric and finished with meticulous tailoring, this Ultra Baggy Fit High Rise Jeans blends contemporary design with timeless ethnic sensibility — ideal for festive occasions, everyday wear, gifting and special celebrations.

Key Highlights:
• Premium soft-touch fabric with a comfortable hand feel
• Tailored fit designed for all-day comfort and easy movement
• Durable double-stitched seams and color-fast dyes for long-lasting wear
• Easy care — machine washable, low maintenance
• Versatile styling — pair with traditional or contemporary essentials

Why shop the Ultra Baggy Fit High Rise Jeans at BUTTERBYTE STORE? Enjoy authentic quality, pan-India shipping, secure checkout, easy 7-day returns and dedicated customer support. Elevate your ethnic and everyday wardrobe with BUTTERBYTE STORE — premium fashion for the modern Indian.",375.00,300.00,20,25,In Stock,f,f,t,4.3,0,2026-05-30 23:57:29.353091+00
64334984-7214-4e05-9720-c31d707937b4,subtract-men-grey-single-breasted-solid-blaze,Subtract Men Grey Single Breasted Solid Blaze,BUTTERBYTE STORE,,d5ce200a-cd25-4a93-8ec1-851dbaa9a41c,"Elevate your formalwear with the Subtract Men Grey Single Breasted Solid Blaze from BUTTERBYTE STORE — a meticulously crafted tailored suit designed for the modern Indian gentleman. Tailored from premium suiting fabric with a refined grey finish, this set offers a sharp silhouette, structured shoulders, and a flattering fit that drapes effortlessly. Perfect for formal events, business meetings, and special occasions, it pairs beautifully with leather oxfords, a crisp pocket square, and minimal accessories for an effortlessly polished look. Features include precision stitching, premium lining, functional buttons, and durable construction for long-lasting wear. Dry-clean only to preserve the fabric and finish.",2000.00,1600.00,20,25,In Stock,t,f,f,3.5,21,2026-05-31 14:39:28.513661+00
3dafda07-00ac-4837-bf9e-9ddf5311ccaf,subtract-men-green-single-breasted-solid-blaz,Subtract Men Green Single Breasted Solid Blaz,BUTTERBYTE STORE,,d5ce200a-cd25-4a93-8ec1-851dbaa9a41c,"Elevate your formalwear with the Subtract Men Green Single Breasted Solid Blaz from BUTTERBYTE STORE — a meticulously crafted tailored suit designed for the modern Indian gentleman. Tailored from premium suiting fabric with a refined green finish, this set offers a sharp silhouette, structured shoulders, and a flattering fit that drapes effortlessly. Perfect for formal events, business meetings, and special occasions, it pairs beautifully with leather oxfords, a crisp pocket square, and minimal accessories for an effortlessly polished look. Features include precision stitching, premium lining, functional buttons, and durable construction for long-lasting wear. Dry-clean only to preserve the fabric and finish.",1900.00,1550.00,18,25,In Stock,t,f,f,5.0,35,2026-05-31 14:39:28.513661+00
75aba3e4-1d11-4d57-8424-c4fb006b7d5f,subtract-men-blue-single-breasted-solid-blaze,Subtract Men Blue Single Breasted Solid Blaze,BUTTERBYTE STORE,,d5ce200a-cd25-4a93-8ec1-851dbaa9a41c,"Elevate your formalwear with the Subtract Men Blue Single Breasted Solid Blaze from BUTTERBYTE STORE — a meticulously crafted tailored suit designed for the modern Indian gentleman. Tailored from premium suiting fabric with a refined blue finish, this set offers a sharp silhouette, structured shoulders, and a flattering fit that drapes effortlessly. Perfect for formal events, business meetings, and special occasions, it pairs beautifully with leather oxfords, a crisp pocket square, and minimal accessories for an effortlessly polished look. Features include precision stitching, premium lining, functional buttons, and durable construction for long-lasting wear. Dry-clean only to preserve the fabric and finish.",1900.00,1550.00,18,25,In Stock,t,f,f,5.0,35,2026-05-31 14:39:28.513661+00
bb0014fe-2336-4ec9-9135-2a9d8366bc83,midnight-corseted-drape-dress-with-dupatta-set-of-2,Midnight Corseted Drape Dress With Dupatta Set Of 2,BUTTERBYTE STORE,BB-DRESS-007,13fe2d01-8918-412c-8917-c508525e02b5,"Discover the Midnight Corseted Drape Dress With Dupatta Set Of 2 from BUTTERBYTE STORE — a thoughtfully designed dress crafted for the modern Indian wardrobe. Made with premium, breathable fabric and finished with meticulous tailoring, this Midnight Corseted Drape Dress With Dupatta Set Of 2 blends contemporary design with timeless ethnic sensibility — ideal for festive occasions, everyday wear, gifting and special celebrations.

Key Highlights:
• Premium soft-touch fabric with a comfortable hand feel
• Tailored fit designed for all-day comfort and easy movement
• Durable double-stitched seams and color-fast dyes for long-lasting wear
• Easy care — machine washable, low maintenance
• Versatile styling — pair with traditional or contemporary essentials

Why shop the Midnight Corseted Drape Dress With Dupatta Set Of 2 at BUTTERBYTE STORE? Enjoy authentic quality, pan-India shipping, secure checkout, easy 7-day returns and dedicated customer support. Elevate your ethnic and everyday wardrobe with BUTTERBYTE STORE — premium fashion for the modern Indian.",1125.00,900.00,20,25,In Stock,f,t,f,4.3,0,2026-05-30 23:57:25.41437+00
a8b6918e-55bb-4324-ac65-e207ee270e35,neckline-floral-cut-out-tie-front-mini-dress,Neckline Floral Cut Out Tie Front Mini Dress,BUTTERBYTE STORE,BB-DRESS-008,13fe2d01-8918-412c-8917-c508525e02b5,"Discover the Neckline Floral Cut Out Tie Front Mini Dress from BUTTERBYTE STORE — a thoughtfully designed dress crafted for the modern Indian wardrobe. Made with premium, breathable fabric and finished with meticulous tailoring, this Neckline Floral Cut Out Tie Front Mini Dress blends contemporary design with timeless ethnic sensibility — ideal for festive occasions, everyday wear, gifting and special celebrations.

Key Highlights:
• Premium soft-touch fabric with a comfortable hand feel
• Tailored fit designed for all-day comfort and easy movement
• Durable double-stitched seams and color-fast dyes for long-lasting wear
• Easy care — machine washable, low maintenance
• Versatile styling — pair with traditional or contemporary essentials

Why shop the Neckline Floral Cut Out Tie Front Mini Dress at BUTTERBYTE STORE? Enjoy authentic quality, pan-India shipping, secure checkout, easy 7-day returns and dedicated customer support. Elevate your ethnic and everyday wardrobe with BUTTERBYTE STORE — premium fashion for the modern Indian.",3500.00,2800.00,20,25,In Stock,f,t,f,4.3,0,2026-05-30 23:57:25.483185+00
4dee7945-de7f-4283-b05e-15d71cb0741c,neck-solid-criss-cross-ruffle-midi-dress,Neck Solid Criss Cross Ruffle Midi Dress,BUTTERBYTE STORE,BB-DRESS-009,13fe2d01-8918-412c-8917-c508525e02b5,"Discover the Neck Solid Criss Cross Ruffle Midi Dress from BUTTERBYTE STORE — a thoughtfully designed dress crafted for the modern Indian wardrobe. Made with premium, breathable fabric and finished with meticulous tailoring, this Neck Solid Criss Cross Ruffle Midi Dress blends contemporary design with timeless ethnic sensibility — ideal for festive occasions, everyday wear, gifting and special celebrations.

Key Highlights:
• Premium soft-touch fabric with a comfortable hand feel
• Tailored fit designed for all-day comfort and easy movement
• Durable double-stitched seams and color-fast dyes for long-lasting wear
• Easy care — machine washable, low maintenance
• Versatile styling — pair with traditional or contemporary essentials

Why shop the Neck Solid Criss Cross Ruffle Midi Dress at BUTTERBYTE STORE? Enjoy authentic quality, pan-India shipping, secure checkout, easy 7-day returns and dedicated customer support. Elevate your ethnic and everyday wardrobe with BUTTERBYTE STORE — premium fashion for the modern Indian.",3250.00,2600.00,20,25,In Stock,f,t,f,4.3,0,2026-05-30 23:57:25.551816+00
15a59524-6423-436d-b410-55f310350096,solid-color-midi-western-party-dress-for-women,Solid Color Midi Western Party Dress For Women,BUTTERBYTE STORE,BB-DRESS-010,13fe2d01-8918-412c-8917-c508525e02b5,"Discover the Solid Color Midi Western Party Dress For Women from BUTTERBYTE STORE — a thoughtfully designed dress crafted for the modern Indian wardrobe. Made with premium, breathable fabric and finished with meticulous tailoring, this Solid Color Midi Western Party Dress For Women blends contemporary design with timeless ethnic sensibility — ideal for festive occasions, everyday wear, gifting and special celebrations.

Key Highlights:
• Premium soft-touch fabric with a comfortable hand feel
• Tailored fit designed for all-day comfort and easy movement
• Durable double-stitched seams and color-fast dyes for long-lasting wear
• Easy care — machine washable, low maintenance
• Versatile styling — pair with traditional or contemporary essentials

Why shop the Solid Color Midi Western Party Dress For Women at BUTTERBYTE STORE? Enjoy authentic quality, pan-India shipping, secure checkout, easy 7-day returns and dedicated customer support. Elevate your ethnic and everyday wardrobe with BUTTERBYTE STORE — premium fashion for the modern Indian.",500.00,400.00,20,25,In Stock,f,f,t,4.3,0,2026-05-30 23:57:25.620541+00
a862c7d4-b9ee-48ec-be3e-d76b3c4997bf,multi-color-cotton-maxi-dress,Multi Color Cotton Maxi Dress,BUTTERBYTE STORE,BB-DRESS-011,13fe2d01-8918-412c-8917-c508525e02b5,"Discover the Multi Color Cotton Maxi Dress from BUTTERBYTE STORE — a thoughtfully designed dress crafted for the modern Indian wardrobe. Made with premium, breathable fabric and finished with meticulous tailoring, this Multi Color Cotton Maxi Dress blends contemporary design with timeless ethnic sensibility — ideal for festive occasions, everyday wear, gifting and special celebrations.

Key Highlights:
• Premium soft-touch fabric with a comfortable hand feel
• Tailored fit designed for all-day comfort and easy movement
• Durable double-stitched seams and color-fast dyes for long-lasting wear
• Easy care — machine washable, low maintenance
• Versatile styling — pair with traditional or contemporary essentials

Why shop the Multi Color Cotton Maxi Dress at BUTTERBYTE STORE? Enjoy authentic quality, pan-India shipping, secure checkout, easy 7-day returns and dedicated customer support. Elevate your ethnic and everyday wardrobe with BUTTERBYTE STORE — premium fashion for the modern Indian.",2625.00,2100.00,20,25,In Stock,f,f,t,4.3,0,2026-05-30 23:57:25.689291+00
009acc0a-6bef-4d9b-b743-d326a6cdbdef,yellow-cutwork-embroidered-midi-dress,Yellow Cutwork Embroidered Midi Dress,BUTTERBYTE STORE,BB-DRESS-012,13fe2d01-8918-412c-8917-c508525e02b5,"Discover the Yellow Cutwork Embroidered Midi Dress from BUTTERBYTE STORE — a thoughtfully designed dress crafted for the modern Indian wardrobe. Made with premium, breathable fabric and finished with meticulous tailoring, this Yellow Cutwork Embroidered Midi Dress blends contemporary design with timeless ethnic sensibility — ideal for festive occasions, everyday wear, gifting and special celebrations.

Key Highlights:
• Premium soft-touch fabric with a comfortable hand feel
• Tailored fit designed for all-day comfort and easy movement
• Durable double-stitched seams and color-fast dyes for long-lasting wear
• Easy care — machine washable, low maintenance
• Versatile styling — pair with traditional or contemporary essentials

Why shop the Yellow Cutwork Embroidered Midi Dress at BUTTERBYTE STORE? Enjoy authentic quality, pan-India shipping, secure checkout, easy 7-day returns and dedicated customer support. Elevate your ethnic and everyday wardrobe with BUTTERBYTE STORE — premium fashion for the modern Indian.",875.00,700.00,20,25,In Stock,f,f,t,4.3,0,2026-05-30 23:57:25.758166+00
0d21d46a-6633-46d9-aa1f-205fe7af46bf,straight-shirt-dress-with-belt,Straight Shirt Dress With Belt,BUTTERBYTE STORE,BB-DRESS-013,13fe2d01-8918-412c-8917-c508525e02b5,"Discover the Straight Shirt Dress With Belt from BUTTERBYTE STORE — a thoughtfully designed dress crafted for the modern Indian wardrobe. Made with premium, breathable fabric and finished with meticulous tailoring, this Straight Shirt Dress With Belt blends contemporary design with timeless ethnic sensibility — ideal for festive occasions, everyday wear, gifting and special celebrations.

Key Highlights:
• Premium soft-touch fabric with a comfortable hand feel
• Tailored fit designed for all-day comfort and easy movement
• Durable double-stitched seams and color-fast dyes for long-lasting wear
• Easy care — machine washable, low maintenance
• Versatile styling — pair with traditional or contemporary essentials

Why shop the Straight Shirt Dress With Belt at BUTTERBYTE STORE? Enjoy authentic quality, pan-India shipping, secure checkout, easy 7-day returns and dedicated customer support. Elevate your ethnic and everyday wardrobe with BUTTERBYTE STORE — premium fashion for the modern Indian.",3125.00,2500.00,20,25,In Stock,f,f,t,4.3,0,2026-05-30 23:57:25.827108+00
aad9ce9a-2eb3-416a-995f-180999257bae,black-v-neck-midi-dress-with-belt,Black V Neck Midi Dress With Belt,BUTTERBYTE STORE,BB-DRESS-014,13fe2d01-8918-412c-8917-c508525e02b5,"Discover the Black V Neck Midi Dress With Belt from BUTTERBYTE STORE — a thoughtfully designed dress crafted for the modern Indian wardrobe. Made with premium, breathable fabric and finished with meticulous tailoring, this Black V Neck Midi Dress With Belt blends contemporary design with timeless ethnic sensibility — ideal for festive occasions, everyday wear, gifting and special celebrations.

Key Highlights:
• Premium soft-touch fabric with a comfortable hand feel
• Tailored fit designed for all-day comfort and easy movement
• Durable double-stitched seams and color-fast dyes for long-lasting wear
• Easy care — machine washable, low maintenance
• Versatile styling — pair with traditional or contemporary essentials

Why shop the Black V Neck Midi Dress With Belt at BUTTERBYTE STORE? Enjoy authentic quality, pan-India shipping, secure checkout, easy 7-day returns and dedicated customer support. Elevate your ethnic and everyday wardrobe with BUTTERBYTE STORE — premium fashion for the modern Indian.",2500.00,2000.00,20,25,In Stock,f,f,t,4.3,0,2026-05-30 23:57:25.896052+00
cf340725-6989-4ed8-a252-991167691dad,shirt-style-midi-sleeveless-square-solid-dress,Shirt Style Midi Sleeveless Square Solid Dress,BUTTERBYTE STORE,BB-DRESS-015,13fe2d01-8918-412c-8917-c508525e02b5,"Discover the Shirt Style Midi Sleeveless Square Solid Dress from BUTTERBYTE STORE — a thoughtfully designed dress crafted for the modern Indian wardrobe. Made with premium, breathable fabric and finished with meticulous tailoring, this Shirt Style Midi Sleeveless Square Solid Dress blends contemporary design with timeless ethnic sensibility — ideal for festive occasions, everyday wear, gifting and special celebrations.

Key Highlights:
• Premium soft-touch fabric with a comfortable hand feel
• Tailored fit designed for all-day comfort and easy movement
• Durable double-stitched seams and color-fast dyes for long-lasting wear
• Easy care — machine washable, low maintenance
• Versatile styling — pair with traditional or contemporary essentials

Why shop the Shirt Style Midi Sleeveless Square Solid Dress at BUTTERBYTE STORE? Enjoy authentic quality, pan-India shipping, secure checkout, easy 7-day returns and dedicated customer support. Elevate your ethnic and everyday wardrobe with BUTTERBYTE STORE — premium fashion for the modern Indian.",2125.00,1700.00,20,25,In Stock,f,f,f,4.3,0,2026-05-30 23:57:25.965163+00
400727d5-0f3d-4bd0-aab6-55920053d149,puff-sleeve-crew-neck-dress,Puff Sleeve Crew Neck Dress,BUTTERBYTE STORE,BB-DRESS-016,13fe2d01-8918-412c-8917-c508525e02b5,"Discover the Puff Sleeve Crew Neck Dress from BUTTERBYTE STORE — a thoughtfully designed dress crafted for the modern Indian wardrobe. Made with premium, breathable fabric and finished with meticulous tailoring, this Puff Sleeve Crew Neck Dress blends contemporary design with timeless ethnic sensibility — ideal for festive occasions, everyday wear, gifting and special celebrations.

Key Highlights:
• Premium soft-touch fabric with a comfortable hand feel
• Tailored fit designed for all-day comfort and easy movement
• Durable double-stitched seams and color-fast dyes for long-lasting wear
• Easy care — machine washable, low maintenance
• Versatile styling — pair with traditional or contemporary essentials

Why shop the Puff Sleeve Crew Neck Dress at BUTTERBYTE STORE? Enjoy authentic quality, pan-India shipping, secure checkout, easy 7-day returns and dedicated customer support. Elevate your ethnic and everyday wardrobe with BUTTERBYTE STORE — premium fashion for the modern Indian.",2750.00,2200.00,20,25,In Stock,f,f,f,4.3,0,2026-05-30 23:57:26.035287+00
68e3e13e-06dd-44eb-9c02-2569795faf08,cotton-solid-dress,Cotton Solid Dress,BUTTERBYTE STORE,BB-DRESS-017,13fe2d01-8918-412c-8917-c508525e02b5,"Discover the Cotton Solid Dress from BUTTERBYTE STORE — a thoughtfully designed dress crafted for the modern Indian wardrobe. Made with premium, breathable fabric and finished with meticulous tailoring, this Cotton Solid Dress blends contemporary design with timeless ethnic sensibility — ideal for festive occasions, everyday wear, gifting and special celebrations.

Key Highlights:
• Premium soft-touch fabric with a comfortable hand feel
• Tailored fit designed for all-day comfort and easy movement
• Durable double-stitched seams and color-fast dyes for long-lasting wear
• Easy care — machine washable, low maintenance
• Versatile styling — pair with traditional or contemporary essentials

Why shop the Cotton Solid Dress at BUTTERBYTE STORE? Enjoy authentic quality, pan-India shipping, secure checkout, easy 7-day returns and dedicated customer support. Elevate your ethnic and everyday wardrobe with BUTTERBYTE STORE — premium fashion for the modern Indian.",750.00,600.00,20,25,In Stock,f,f,f,4.3,0,2026-05-30 23:57:26.104277+00
fc2119b6-17fe-4401-9bc4-37a64fa04ffb,bean-polka-cotton-dress,Bean Polka Cotton Dress,BUTTERBYTE STORE,BB-DRESS-018,13fe2d01-8918-412c-8917-c508525e02b5,"Discover the Bean Polka Cotton Dress from BUTTERBYTE STORE — a thoughtfully designed dress crafted for the modern Indian wardrobe. Made with premium, breathable fabric and finished with meticulous tailoring, this Bean Polka Cotton Dress blends contemporary design with timeless ethnic sensibility — ideal for festive occasions, everyday wear, gifting and special celebrations.

Key Highlights:
• Premium soft-touch fabric with a comfortable hand feel
• Tailored fit designed for all-day comfort and easy movement
• Durable double-stitched seams and color-fast dyes for long-lasting wear
• Easy care — machine washable, low maintenance
• Versatile styling — pair with traditional or contemporary essentials

Why shop the Bean Polka Cotton Dress at BUTTERBYTE STORE? Enjoy authentic quality, pan-India shipping, secure checkout, easy 7-day returns and dedicated customer support. Elevate your ethnic and everyday wardrobe with BUTTERBYTE STORE — premium fashion for the modern Indian.",2750.00,2200.00,20,25,In Stock,f,f,f,4.3,0,2026-05-30 23:57:26.173243+00
545d5810-43bb-4273-b0c7-07c86bd1526a,line-midi-dress-with-back-tie-up,Line Midi Dress With Back Tie Up,BUTTERBYTE STORE,BB-DRESS-019,13fe2d01-8918-412c-8917-c508525e02b5,"Discover the Line Midi Dress With Back Tie Up from BUTTERBYTE STORE — a thoughtfully designed dress crafted for the modern Indian wardrobe. Made with premium, breathable fabric and finished with meticulous tailoring, this Line Midi Dress With Back Tie Up blends contemporary design with timeless ethnic sensibility — ideal for festive occasions, everyday wear, gifting and special celebrations.

Key Highlights:
• Premium soft-touch fabric with a comfortable hand feel
• Tailored fit designed for all-day comfort and easy movement
• Durable double-stitched seams and color-fast dyes for long-lasting wear
• Easy care — machine washable, low maintenance
• Versatile styling — pair with traditional or contemporary essentials

Why shop the Line Midi Dress With Back Tie Up at BUTTERBYTE STORE? Enjoy authentic quality, pan-India shipping, secure checkout, easy 7-day returns and dedicated customer support. Elevate your ethnic and everyday wardrobe with BUTTERBYTE STORE — premium fashion for the modern Indian.",1250.00,1000.00,20,25,In Stock,f,f,f,4.3,0,2026-05-30 23:57:26.24288+00
f9dd4a05-81cf-462a-9ad5-81d334e7e83a,boat-neck-ruched-maxi-dress,Boat Neck Ruched Maxi Dress,BUTTERBYTE STORE,BB-DRESS-020,13fe2d01-8918-412c-8917-c508525e02b5,"Discover the Boat Neck Ruched Maxi Dress from BUTTERBYTE STORE — a thoughtfully designed dress crafted for the modern Indian wardrobe. Made with premium, breathable fabric and finished with meticulous tailoring, this Boat Neck Ruched Maxi Dress blends contemporary design with timeless ethnic sensibility — ideal for festive occasions, everyday wear, gifting and special celebrations.

Key Highlights:
• Premium soft-touch fabric with a comfortable hand feel
• Tailored fit designed for all-day comfort and easy movement
• Durable double-stitched seams and color-fast dyes for long-lasting wear
• Easy care — machine washable, low maintenance
• Versatile styling — pair with traditional or contemporary essentials

Why shop the Boat Neck Ruched Maxi Dress at BUTTERBYTE STORE? Enjoy authentic quality, pan-India shipping, secure checkout, easy 7-day returns and dedicated customer support. Elevate your ethnic and everyday wardrobe with BUTTERBYTE STORE — premium fashion for the modern Indian.",3500.00,2800.00,20,25,In Stock,f,f,f,4.3,0,2026-05-30 23:57:26.311882+00
a7439198-62fc-4849-a160-daab14ef9c79,puff-sleeve-magenta-solid-v-neck-a-line-maxi-dress,Puff Sleeve Magenta Solid V Neck A Line Maxi Dress,BUTTERBYTE STORE,BB-DRESS-021,13fe2d01-8918-412c-8917-c508525e02b5,"Discover the Puff Sleeve Magenta Solid V Neck A Line Maxi Dress from BUTTERBYTE STORE — a thoughtfully designed dress crafted for the modern Indian wardrobe. Made with premium, breathable fabric and finished with meticulous tailoring, this Puff Sleeve Magenta Solid V Neck A Line Maxi Dress blends contemporary design with timeless ethnic sensibility — ideal for festive occasions, everyday wear, gifting and special celebrations.

Key Highlights:
• Premium soft-touch fabric with a comfortable hand feel
• Tailored fit designed for all-day comfort and easy movement
• Durable double-stitched seams and color-fast dyes for long-lasting wear
• Easy care — machine washable, low maintenance
• Versatile styling — pair with traditional or contemporary essentials

Why shop the Puff Sleeve Magenta Solid V Neck A Line Maxi Dress at BUTTERBYTE STORE? Enjoy authentic quality, pan-India shipping, secure checkout, easy 7-day returns and dedicated customer support. Elevate your ethnic and everyday wardrobe with BUTTERBYTE STORE — premium fashion for the modern Indian.",2000.00,1600.00,20,25,In Stock,f,f,f,4.3,0,2026-05-30 23:57:26.380888+00
10556a74-0489-494f-bedf-4d3856cb0fc1,floral-printed-lyra-dress,Floral Printed Lyra Dress,BUTTERBYTE STORE,BB-DRESS-022,13fe2d01-8918-412c-8917-c508525e02b5,"Discover the Floral Printed Lyra Dress from BUTTERBYTE STORE — a thoughtfully designed dress crafted for the modern Indian wardrobe. Made with premium, breathable fabric and finished with meticulous tailoring, this Floral Printed Lyra Dress blends contemporary design with timeless ethnic sensibility — ideal for festive occasions, everyday wear, gifting and special celebrations.

Key Highlights:
• Premium soft-touch fabric with a comfortable hand feel
• Tailored fit designed for all-day comfort and easy movement
• Durable double-stitched seams and color-fast dyes for long-lasting wear
• Easy care — machine washable, low maintenance
• Versatile styling — pair with traditional or contemporary essentials

Why shop the Floral Printed Lyra Dress at BUTTERBYTE STORE? Enjoy authentic quality, pan-India shipping, secure checkout, easy 7-day returns and dedicated customer support. Elevate your ethnic and everyday wardrobe with BUTTERBYTE STORE — premium fashion for the modern Indian.",1500.00,1200.00,20,25,In Stock,f,f,f,4.3,0,2026-05-30 23:57:26.449677+00
b068db70-f656-4df6-b3bd-14f517736abb,chiffon-ruffled-dress,Chiffon Ruffled Dress,BUTTERBYTE STORE,BB-DRESS-023,13fe2d01-8918-412c-8917-c508525e02b5,"Discover the Chiffon Ruffled Dress from BUTTERBYTE STORE — a thoughtfully designed dress crafted for the modern Indian wardrobe. Made with premium, breathable fabric and finished with meticulous tailoring, this Chiffon Ruffled Dress blends contemporary design with timeless ethnic sensibility — ideal for festive occasions, everyday wear, gifting and special celebrations.

Key Highlights:
• Premium soft-touch fabric with a comfortable hand feel
• Tailored fit designed for all-day comfort and easy movement
• Durable double-stitched seams and color-fast dyes for long-lasting wear
• Easy care — machine washable, low maintenance
• Versatile styling — pair with traditional or contemporary essentials

Why shop the Chiffon Ruffled Dress at BUTTERBYTE STORE? Enjoy authentic quality, pan-India shipping, secure checkout, easy 7-day returns and dedicated customer support. Elevate your ethnic and everyday wardrobe with BUTTERBYTE STORE — premium fashion for the modern Indian.",750.00,600.00,20,25,In Stock,f,f,f,4.3,0,2026-05-30 23:57:26.51859+00
9c215c46-6f25-4d1e-b0ac-7fd86deb9ba0,midi-dress-with-black-floral-with-belt,Midi Dress With Black Floral With Belt,BUTTERBYTE STORE,BB-DRESS-024,13fe2d01-8918-412c-8917-c508525e02b5,"Discover the Midi Dress With Black Floral With Belt from BUTTERBYTE STORE — a thoughtfully designed dress crafted for the modern Indian wardrobe. Made with premium, breathable fabric and finished with meticulous tailoring, this Midi Dress With Black Floral With Belt blends contemporary design with timeless ethnic sensibility — ideal for festive occasions, everyday wear, gifting and special celebrations.

Key Highlights:
• Premium soft-touch fabric with a comfortable hand feel
• Tailored fit designed for all-day comfort and easy movement
• Durable double-stitched seams and color-fast dyes for long-lasting wear
• Easy care — machine washable, low maintenance
• Versatile styling — pair with traditional or contemporary essentials

Why shop the Midi Dress With Black Floral With Belt at BUTTERBYTE STORE? Enjoy authentic quality, pan-India shipping, secure checkout, easy 7-day returns and dedicated customer support. Elevate your ethnic and everyday wardrobe with BUTTERBYTE STORE — premium fashion for the modern Indian.",2750.00,2200.00,20,25,In Stock,f,f,f,4.3,0,2026-05-30 23:57:26.588178+00
3ae88f2e-eb95-4853-8fea-b86c8331cdd6,polka-dot-lace-trim-maxi-dress,Polka Dot Lace Trim Maxi Dress,BUTTERBYTE STORE,BB-DRESS-025,13fe2d01-8918-412c-8917-c508525e02b5,"Discover the Polka Dot Lace Trim Maxi Dress from BUTTERBYTE STORE — a thoughtfully designed dress crafted for the modern Indian wardrobe. Made with premium, breathable fabric and finished with meticulous tailoring, this Polka Dot Lace Trim Maxi Dress blends contemporary design with timeless ethnic sensibility — ideal for festive occasions, everyday wear, gifting and special celebrations.

Key Highlights:
• Premium soft-touch fabric with a comfortable hand feel
• Tailored fit designed for all-day comfort and easy movement
• Durable double-stitched seams and color-fast dyes for long-lasting wear
• Easy care — machine washable, low maintenance
• Versatile styling — pair with traditional or contemporary essentials

Why shop the Polka Dot Lace Trim Maxi Dress at BUTTERBYTE STORE? Enjoy authentic quality, pan-India shipping, secure checkout, easy 7-day returns and dedicated customer support. Elevate your ethnic and everyday wardrobe with BUTTERBYTE STORE — premium fashion for the modern Indian.",2250.00,1800.00,20,25,In Stock,f,f,f,4.3,0,2026-05-30 23:57:26.657544+00
3f181886-4516-4fec-8b01-34d4242f5515,fit-and-flare-maxi-dress,Fit And Flare Maxi Dress,BUTTERBYTE STORE,BB-DRESS-026,13fe2d01-8918-412c-8917-c508525e02b5,"Discover the Fit And Flare Maxi Dress from BUTTERBYTE STORE — a thoughtfully designed dress crafted for the modern Indian wardrobe. Made with premium, breathable fabric and finished with meticulous tailoring, this Fit And Flare Maxi Dress blends contemporary design with timeless ethnic sensibility — ideal for festive occasions, everyday wear, gifting and special celebrations.

Key Highlights:
• Premium soft-touch fabric with a comfortable hand feel
• Tailored fit designed for all-day comfort and easy movement
• Durable double-stitched seams and color-fast dyes for long-lasting wear
• Easy care — machine washable, low maintenance
• Versatile styling — pair with traditional or contemporary essentials

Why shop the Fit And Flare Maxi Dress at BUTTERBYTE STORE? Enjoy authentic quality, pan-India shipping, secure checkout, easy 7-day returns and dedicated customer support. Elevate your ethnic and everyday wardrobe with BUTTERBYTE STORE — premium fashion for the modern Indian.",500.00,400.00,20,25,In Stock,f,f,f,4.3,0,2026-05-30 23:57:26.726666+00
c382fe22-c207-4e85-94e8-284e65f611c3,rose-hot-pink-solid-plain-midi-dress,Rose Hot Pink Solid Plain Midi Dress,BUTTERBYTE STORE,BB-DRESS-027,13fe2d01-8918-412c-8917-c508525e02b5,"Discover the Rose Hot Pink Solid Plain Midi Dress from BUTTERBYTE STORE — a thoughtfully designed dress crafted for the modern Indian wardrobe. Made with premium, breathable fabric and finished with meticulous tailoring, this Rose Hot Pink Solid Plain Midi Dress blends contemporary design with timeless ethnic sensibility — ideal for festive occasions, everyday wear, gifting and special celebrations.

Key Highlights:
• Premium soft-touch fabric with a comfortable hand feel
• Tailored fit designed for all-day comfort and easy movement
• Durable double-stitched seams and color-fast dyes for long-lasting wear
• Easy care — machine washable, low maintenance
• Versatile styling — pair with traditional or contemporary essentials

Why shop the Rose Hot Pink Solid Plain Midi Dress at BUTTERBYTE STORE? Enjoy authentic quality, pan-India shipping, secure checkout, easy 7-day returns and dedicated customer support. Elevate your ethnic and everyday wardrobe with BUTTERBYTE STORE — premium fashion for the modern Indian.",875.00,700.00,20,25,In Stock,f,f,f,4.3,0,2026-05-30 23:57:26.795517+00
a9f4f0db-5ad5-4194-8afc-aa54b32c212f,women-solid-stylish-casual-dresses,Women Solid Stylish Casual Dresses,BUTTERBYTE STORE,BB-DRESS-028,13fe2d01-8918-412c-8917-c508525e02b5,"Discover the Women Solid Stylish Casual Dresses from BUTTERBYTE STORE — a thoughtfully designed dress crafted for the modern Indian wardrobe. Made with premium, breathable fabric and finished with meticulous tailoring, this Women Solid Stylish Casual Dresses blends contemporary design with timeless ethnic sensibility — ideal for festive occasions, everyday wear, gifting and special celebrations.

Key Highlights:
• Premium soft-touch fabric with a comfortable hand feel
• Tailored fit designed for all-day comfort and easy movement
• Durable double-stitched seams and color-fast dyes for long-lasting wear
• Easy care — machine washable, low maintenance
• Versatile styling — pair with traditional or contemporary essentials

Why shop the Women Solid Stylish Casual Dresses at BUTTERBYTE STORE? Enjoy authentic quality, pan-India shipping, secure checkout, easy 7-day returns and dedicated customer support. Elevate your ethnic and everyday wardrobe with BUTTERBYTE STORE — premium fashion for the modern Indian.",750.00,600.00,20,25,In Stock,f,f,f,4.3,0,2026-05-30 23:57:26.865194+00
ea54c5df-fb14-48ff-be82-332c9e07abc3,neck-wrap-around-dress,Neck Wrap Around Dress,BUTTERBYTE STORE,BB-DRESS-029,13fe2d01-8918-412c-8917-c508525e02b5,"Discover the Neck Wrap Around Dress from BUTTERBYTE STORE — a thoughtfully designed dress crafted for the modern Indian wardrobe. Made with premium, breathable fabric and finished with meticulous tailoring, this Neck Wrap Around Dress blends contemporary design with timeless ethnic sensibility — ideal for festive occasions, everyday wear, gifting and special celebrations.

Key Highlights:
• Premium soft-touch fabric with a comfortable hand feel
• Tailored fit designed for all-day comfort and easy movement
• Durable double-stitched seams and color-fast dyes for long-lasting wear
• Easy care — machine washable, low maintenance
• Versatile styling — pair with traditional or contemporary essentials

Why shop the Neck Wrap Around Dress at BUTTERBYTE STORE? Enjoy authentic quality, pan-India shipping, secure checkout, easy 7-day returns and dedicated customer support. Elevate your ethnic and everyday wardrobe with BUTTERBYTE STORE — premium fashion for the modern Indian.",750.00,600.00,20,25,In Stock,f,f,f,4.3,0,2026-05-30 23:57:26.934877+00
36d98588-6c11-40e3-a2a3-cb60d509ebdc,gown-with-off-shoulder-pearl-straps,Gown With Off Shoulder Pearl Straps,BUTTERBYTE STORE,BB-DRESS-030,13fe2d01-8918-412c-8917-c508525e02b5,"Discover the Gown With Off Shoulder Pearl Straps from BUTTERBYTE STORE — a thoughtfully designed dress crafted for the modern Indian wardrobe. Made with premium, breathable fabric and finished with meticulous tailoring, this Gown With Off Shoulder Pearl Straps blends contemporary design with timeless ethnic sensibility — ideal for festive occasions, everyday wear, gifting and special celebrations.

Key Highlights:
• Premium soft-touch fabric with a comfortable hand feel
• Tailored fit designed for all-day comfort and easy movement
• Durable double-stitched seams and color-fast dyes for long-lasting wear
• Easy care — machine washable, low maintenance
• Versatile styling — pair with traditional or contemporary essentials

Why shop the Gown With Off Shoulder Pearl Straps at BUTTERBYTE STORE? Enjoy authentic quality, pan-India shipping, secure checkout, easy 7-day returns and dedicated customer support. Elevate your ethnic and everyday wardrobe with BUTTERBYTE STORE — premium fashion for the modern Indian.",1250.00,1000.00,20,25,In Stock,f,f,f,4.3,0,2026-05-30 23:57:27.004222+00
cbf6a5e3-fbdc-44a3-aa94-60df9ff2cf93,neck-metal-detail-draped-mini-dress,Neck Metal Detail Draped Mini Dress,BUTTERBYTE STORE,BB-DRESS-031,13fe2d01-8918-412c-8917-c508525e02b5,"Discover the Neck Metal Detail Draped Mini Dress from BUTTERBYTE STORE — a thoughtfully designed dress crafted for the modern Indian wardrobe. Made with premium, breathable fabric and finished with meticulous tailoring, this Neck Metal Detail Draped Mini Dress blends contemporary design with timeless ethnic sensibility — ideal for festive occasions, everyday wear, gifting and special celebrations.

Key Highlights:
• Premium soft-touch fabric with a comfortable hand feel
• Tailored fit designed for all-day comfort and easy movement
• Durable double-stitched seams and color-fast dyes for long-lasting wear
• Easy care — machine washable, low maintenance
• Versatile styling — pair with traditional or contemporary essentials

Why shop the Neck Metal Detail Draped Mini Dress at BUTTERBYTE STORE? Enjoy authentic quality, pan-India shipping, secure checkout, easy 7-day returns and dedicated customer support. Elevate your ethnic and everyday wardrobe with BUTTERBYTE STORE — premium fashion for the modern Indian.",500.00,400.00,20,25,In Stock,f,f,f,4.3,0,2026-05-30 23:57:27.07313+00
4e34314a-3888-4edd-8533-96c7d1243f7c,puff-sleeve-peach-solid-v-neck-a-line-maxi-dress,Puff Sleeve Peach Solid V Neck A Line Maxi Dress,BUTTERBYTE STORE,BB-DRESS-032,13fe2d01-8918-412c-8917-c508525e02b5,"Discover the Puff Sleeve Peach Solid V Neck A Line Maxi Dress from BUTTERBYTE STORE — a thoughtfully designed dress crafted for the modern Indian wardrobe. Made with premium, breathable fabric and finished with meticulous tailoring, this Puff Sleeve Peach Solid V Neck A Line Maxi Dress blends contemporary design with timeless ethnic sensibility — ideal for festive occasions, everyday wear, gifting and special celebrations.

Key Highlights:
• Premium soft-touch fabric with a comfortable hand feel
• Tailored fit designed for all-day comfort and easy movement
• Durable double-stitched seams and color-fast dyes for long-lasting wear
• Easy care — machine washable, low maintenance
• Versatile styling — pair with traditional or contemporary essentials

Why shop the Puff Sleeve Peach Solid V Neck A Line Maxi Dress at BUTTERBYTE STORE? Enjoy authentic quality, pan-India shipping, secure checkout, easy 7-day returns and dedicated customer support. Elevate your ethnic and everyday wardrobe with BUTTERBYTE STORE — premium fashion for the modern Indian.",1000.00,800.00,20,25,In Stock,f,f,f,4.3,0,2026-05-30 23:57:27.142419+00
7f75b278-d5a7-4fb6-b5b6-fd55cee353f7,tube-tie-back-mini-dress,Tube Tie Back Mini Dress,BUTTERBYTE STORE,BB-DRESS-033,13fe2d01-8918-412c-8917-c508525e02b5,"Discover the Tube Tie Back Mini Dress from BUTTERBYTE STORE — a thoughtfully designed dress crafted for the modern Indian wardrobe. Made with premium, breathable fabric and finished with meticulous tailoring, this Tube Tie Back Mini Dress blends contemporary design with timeless ethnic sensibility — ideal for festive occasions, everyday wear, gifting and special celebrations.

Key Highlights:
• Premium soft-touch fabric with a comfortable hand feel
• Tailored fit designed for all-day comfort and easy movement
• Durable double-stitched seams and color-fast dyes for long-lasting wear
• Easy care — machine washable, low maintenance
• Versatile styling — pair with traditional or contemporary essentials

Why shop the Tube Tie Back Mini Dress at BUTTERBYTE STORE? Enjoy authentic quality, pan-India shipping, secure checkout, easy 7-day returns and dedicated customer support. Elevate your ethnic and everyday wardrobe with BUTTERBYTE STORE — premium fashion for the modern Indian.",3000.00,2400.00,20,25,In Stock,f,f,f,4.3,0,2026-05-30 23:57:27.211246+00
e960bc33-f993-441c-a6cb-0cd47810a8ae,cotton-mini-dress,Cotton Mini Dress,BUTTERBYTE STORE,BB-DRESS-034,13fe2d01-8918-412c-8917-c508525e02b5,"Discover the Cotton Mini Dress from BUTTERBYTE STORE — a thoughtfully designed dress crafted for the modern Indian wardrobe. Made with premium, breathable fabric and finished with meticulous tailoring, this Cotton Mini Dress blends contemporary design with timeless ethnic sensibility — ideal for festive occasions, everyday wear, gifting and special celebrations.

Key Highlights:
• Premium soft-touch fabric with a comfortable hand feel
• Tailored fit designed for all-day comfort and easy movement
• Durable double-stitched seams and color-fast dyes for long-lasting wear
• Easy care — machine washable, low maintenance
• Versatile styling — pair with traditional or contemporary essentials

Why shop the Cotton Mini Dress at BUTTERBYTE STORE? Enjoy authentic quality, pan-India shipping, secure checkout, easy 7-day returns and dedicated customer support. Elevate your ethnic and everyday wardrobe with BUTTERBYTE STORE — premium fashion for the modern Indian.",625.00,500.00,20,25,In Stock,f,f,f,4.3,0,2026-05-30 23:57:27.280127+00
e3d4cbf5-c938-4b8f-9ceb-c1296279c7bd,dress-with-belt,Dress With Belt,BUTTERBYTE STORE,BB-DRESS-035,13fe2d01-8918-412c-8917-c508525e02b5,"Discover the Dress With Belt from BUTTERBYTE STORE — a thoughtfully designed dress crafted for the modern Indian wardrobe. Made with premium, breathable fabric and finished with meticulous tailoring, this Dress With Belt blends contemporary design with timeless ethnic sensibility — ideal for festive occasions, everyday wear, gifting and special celebrations.

Key Highlights:
• Premium soft-touch fabric with a comfortable hand feel
• Tailored fit designed for all-day comfort and easy movement
• Durable double-stitched seams and color-fast dyes for long-lasting wear
• Easy care — machine washable, low maintenance
• Versatile styling — pair with traditional or contemporary essentials

Why shop the Dress With Belt at BUTTERBYTE STORE? Enjoy authentic quality, pan-India shipping, secure checkout, easy 7-day returns and dedicated customer support. Elevate your ethnic and everyday wardrobe with BUTTERBYTE STORE — premium fashion for the modern Indian.",875.00,700.00,20,25,In Stock,f,f,f,4.3,0,2026-05-30 23:57:27.349468+00
c71ea916-219b-4253-a78d-b144377f01ee,bodycon-dress,Bodycon Dress,BUTTERBYTE STORE,BB-DRESS-036,13fe2d01-8918-412c-8917-c508525e02b5,"Discover the Bodycon Dress from BUTTERBYTE STORE — a thoughtfully designed dress crafted for the modern Indian wardrobe. Made with premium, breathable fabric and finished with meticulous tailoring, this Bodycon Dress blends contemporary design with timeless ethnic sensibility — ideal for festive occasions, everyday wear, gifting and special celebrations.

Key Highlights:
• Premium soft-touch fabric with a comfortable hand feel
• Tailored fit designed for all-day comfort and easy movement
• Durable double-stitched seams and color-fast dyes for long-lasting wear
• Easy care — machine washable, low maintenance
• Versatile styling — pair with traditional or contemporary essentials

Why shop the Bodycon Dress at BUTTERBYTE STORE? Enjoy authentic quality, pan-India shipping, secure checkout, easy 7-day returns and dedicated customer support. Elevate your ethnic and everyday wardrobe with BUTTERBYTE STORE — premium fashion for the modern Indian.",3500.00,2800.00,20,25,In Stock,f,f,f,4.3,0,2026-05-30 23:57:27.418353+00
ab230373-e7f8-4709-92cf-d65d016dfb91,embroidered-cut-out-sheath-dress,Embroidered Cut Out Sheath Dress,BUTTERBYTE STORE,BB-DRESS-037,13fe2d01-8918-412c-8917-c508525e02b5,"Discover the Embroidered Cut Out Sheath Dress from BUTTERBYTE STORE — a thoughtfully designed dress crafted for the modern Indian wardrobe. Made with premium, breathable fabric and finished with meticulous tailoring, this Embroidered Cut Out Sheath Dress blends contemporary design with timeless ethnic sensibility — ideal for festive occasions, everyday wear, gifting and special celebrations.

Key Highlights:
• Premium soft-touch fabric with a comfortable hand feel
• Tailored fit designed for all-day comfort and easy movement
• Durable double-stitched seams and color-fast dyes for long-lasting wear
• Easy care — machine washable, low maintenance
• Versatile styling — pair with traditional or contemporary essentials

Why shop the Embroidered Cut Out Sheath Dress at BUTTERBYTE STORE? Enjoy authentic quality, pan-India shipping, secure checkout, easy 7-day returns and dedicated customer support. Elevate your ethnic and everyday wardrobe with BUTTERBYTE STORE — premium fashion for the modern Indian.",2625.00,2100.00,20,25,In Stock,f,f,f,4.3,0,2026-05-30 23:57:27.487196+00
c359509f-5211-426b-8cb5-1bb1364eae78,printed-wrap-mini-dress,Printed Wrap Mini Dress,BUTTERBYTE STORE,BB-DRESS-038,13fe2d01-8918-412c-8917-c508525e02b5,"Discover the Printed Wrap Mini Dress from BUTTERBYTE STORE — a thoughtfully designed dress crafted for the modern Indian wardrobe. Made with premium, breathable fabric and finished with meticulous tailoring, this Printed Wrap Mini Dress blends contemporary design with timeless ethnic sensibility — ideal for festive occasions, everyday wear, gifting and special celebrations.

Key Highlights:
• Premium soft-touch fabric with a comfortable hand feel
• Tailored fit designed for all-day comfort and easy movement
• Durable double-stitched seams and color-fast dyes for long-lasting wear
• Easy care — machine washable, low maintenance
• Versatile styling — pair with traditional or contemporary essentials

Why shop the Printed Wrap Mini Dress at BUTTERBYTE STORE? Enjoy authentic quality, pan-India shipping, secure checkout, easy 7-day returns and dedicated customer support. Elevate your ethnic and everyday wardrobe with BUTTERBYTE STORE — premium fashion for the modern Indian.",2250.00,1800.00,20,25,In Stock,f,f,f,4.3,0,2026-05-30 23:57:27.556051+00
66928987-776c-4cc8-83af-12097f059775,animal-print-midi-dress,Animal Print Midi Dress,BUTTERBYTE STORE,BB-DRESS-039,13fe2d01-8918-412c-8917-c508525e02b5,"Discover the Animal Print Midi Dress from BUTTERBYTE STORE — a thoughtfully designed dress crafted for the modern Indian wardrobe. Made with premium, breathable fabric and finished with meticulous tailoring, this Animal Print Midi Dress blends contemporary design with timeless ethnic sensibility — ideal for festive occasions, everyday wear, gifting and special celebrations.

Key Highlights:
• Premium soft-touch fabric with a comfortable hand feel
• Tailored fit designed for all-day comfort and easy movement
• Durable double-stitched seams and color-fast dyes for long-lasting wear
• Easy care — machine washable, low maintenance
• Versatile styling — pair with traditional or contemporary essentials

Why shop the Animal Print Midi Dress at BUTTERBYTE STORE? Enjoy authentic quality, pan-India shipping, secure checkout, easy 7-day returns and dedicated customer support. Elevate your ethnic and everyday wardrobe with BUTTERBYTE STORE — premium fashion for the modern Indian.",2125.00,1700.00,20,25,In Stock,f,f,f,4.3,0,2026-05-30 23:57:27.624865+00
215e737c-4398-4622-833a-77c652e43f01,black-gold-foil-chiffon-maxi-dress,Black Gold Foil Chiffon Maxi Dress,BUTTERBYTE STORE,BB-DRESS-040,13fe2d01-8918-412c-8917-c508525e02b5,"Discover the Black Gold Foil Chiffon Maxi Dress from BUTTERBYTE STORE — a thoughtfully designed dress crafted for the modern Indian wardrobe. Made with premium, breathable fabric and finished with meticulous tailoring, this Black Gold Foil Chiffon Maxi Dress blends contemporary design with timeless ethnic sensibility — ideal for festive occasions, everyday wear, gifting and special celebrations.

Key Highlights:
• Premium soft-touch fabric with a comfortable hand feel
• Tailored fit designed for all-day comfort and easy movement
• Durable double-stitched seams and color-fast dyes for long-lasting wear
• Easy care — machine washable, low maintenance
• Versatile styling — pair with traditional or contemporary essentials

Why shop the Black Gold Foil Chiffon Maxi Dress at BUTTERBYTE STORE? Enjoy authentic quality, pan-India shipping, secure checkout, easy 7-day returns and dedicated customer support. Elevate your ethnic and everyday wardrobe with BUTTERBYTE STORE — premium fashion for the modern Indian.",1000.00,800.00,20,25,In Stock,f,f,f,4.3,0,2026-05-30 23:57:27.693758+00
30d1ddc0-fc4e-4410-b2b3-c1ede2388244,cotton-midi-western-dress,Cotton Midi Western Dress,BUTTERBYTE STORE,BB-DRESS-041,13fe2d01-8918-412c-8917-c508525e02b5,"Discover the Cotton Midi Western Dress from BUTTERBYTE STORE — a thoughtfully designed dress crafted for the modern Indian wardrobe. Made with premium, breathable fabric and finished with meticulous tailoring, this Cotton Midi Western Dress blends contemporary design with timeless ethnic sensibility — ideal for festive occasions, everyday wear, gifting and special celebrations.

Key Highlights:
• Premium soft-touch fabric with a comfortable hand feel
• Tailored fit designed for all-day comfort and easy movement
• Durable double-stitched seams and color-fast dyes for long-lasting wear
• Easy care — machine washable, low maintenance
• Versatile styling — pair with traditional or contemporary essentials

Why shop the Cotton Midi Western Dress at BUTTERBYTE STORE? Enjoy authentic quality, pan-India shipping, secure checkout, easy 7-day returns and dedicated customer support. Elevate your ethnic and everyday wardrobe with BUTTERBYTE STORE — premium fashion for the modern Indian.",1250.00,1000.00,20,25,In Stock,f,f,f,4.3,0,2026-05-30 23:57:27.762781+00
c999ae77-7015-4d8f-a899-2bb9f100f796,fit-and-flared-midi-length-sleeveless-square-neck-dress,Fit And Flared Midi Length Sleeveless Square Neck Dress,BUTTERBYTE STORE,BB-DRESS-042,13fe2d01-8918-412c-8917-c508525e02b5,"Discover the Fit And Flared Midi Length Sleeveless Square Neck Dress from BUTTERBYTE STORE — a thoughtfully designed dress crafted for the modern Indian wardrobe. Made with premium, breathable fabric and finished with meticulous tailoring, this Fit And Flared Midi Length Sleeveless Square Neck Dress blends contemporary design with timeless ethnic sensibility — ideal for festive occasions, everyday wear, gifting and special celebrations.

Key Highlights:
• Premium soft-touch fabric with a comfortable hand feel
• Tailored fit designed for all-day comfort and easy movement
• Durable double-stitched seams and color-fast dyes for long-lasting wear
• Easy care — machine washable, low maintenance
• Versatile styling — pair with traditional or contemporary essentials

Why shop the Fit And Flared Midi Length Sleeveless Square Neck Dress at BUTTERBYTE STORE? Enjoy authentic quality, pan-India shipping, secure checkout, easy 7-day returns and dedicated customer support. Elevate your ethnic and everyday wardrobe with BUTTERBYTE STORE — premium fashion for the modern Indian.",1375.00,1100.00,20,25,In Stock,f,f,f,4.3,0,2026-05-30 23:57:27.831645+00
2be24e07-c0e0-43ac-9449-77bc9f1e4410,neck-floral-knotted-mini-dress,Neck Floral Knotted Mini Dress,BUTTERBYTE STORE,BB-DRESS-043,13fe2d01-8918-412c-8917-c508525e02b5,"Discover the Neck Floral Knotted Mini Dress from BUTTERBYTE STORE — a thoughtfully designed dress crafted for the modern Indian wardrobe. Made with premium, breathable fabric and finished with meticulous tailoring, this Neck Floral Knotted Mini Dress blends contemporary design with timeless ethnic sensibility — ideal for festive occasions, everyday wear, gifting and special celebrations.

Key Highlights:
• Premium soft-touch fabric with a comfortable hand feel
• Tailored fit designed for all-day comfort and easy movement
• Durable double-stitched seams and color-fast dyes for long-lasting wear
• Easy care — machine washable, low maintenance
• Versatile styling — pair with traditional or contemporary essentials

Why shop the Neck Floral Knotted Mini Dress at BUTTERBYTE STORE? Enjoy authentic quality, pan-India shipping, secure checkout, easy 7-day returns and dedicated customer support. Elevate your ethnic and everyday wardrobe with BUTTERBYTE STORE — premium fashion for the modern Indian.",1000.00,800.00,20,25,In Stock,f,f,f,4.3,0,2026-05-30 23:57:27.900234+00
ce109be4-ff46-482c-ae38-9e01c2098034,womens-flutter-sleeves-brown-pleated-midi-dress,Womens Flutter Sleeves Brown Pleated Midi Dress,BUTTERBYTE STORE,BB-DRESS-044,13fe2d01-8918-412c-8917-c508525e02b5,"Discover the Womens Flutter Sleeves Brown Pleated Midi Dress from BUTTERBYTE STORE — a thoughtfully designed dress crafted for the modern Indian wardrobe. Made with premium, breathable fabric and finished with meticulous tailoring, this Womens Flutter Sleeves Brown Pleated Midi Dress blends contemporary design with timeless ethnic sensibility — ideal for festive occasions, everyday wear, gifting and special celebrations.

Key Highlights:
• Premium soft-touch fabric with a comfortable hand feel
• Tailored fit designed for all-day comfort and easy movement
• Durable double-stitched seams and color-fast dyes for long-lasting wear
• Easy care — machine washable, low maintenance
• Versatile styling — pair with traditional or contemporary essentials

Why shop the Womens Flutter Sleeves Brown Pleated Midi Dress at BUTTERBYTE STORE? Enjoy authentic quality, pan-India shipping, secure checkout, easy 7-day returns and dedicated customer support. Elevate your ethnic and everyday wardrobe with BUTTERBYTE STORE — premium fashion for the modern Indian.",3750.00,3000.00,20,25,In Stock,f,f,f,4.3,0,2026-05-30 23:57:27.96895+00
34bfbc02-fd33-472c-b6e3-cc9ad745bc22,women-mauve-cotton-midi-dress,Women Mauve Cotton Midi Dress,BUTTERBYTE STORE,BB-DRESS-045,13fe2d01-8918-412c-8917-c508525e02b5,"Discover the Women Mauve Cotton Midi Dress from BUTTERBYTE STORE — a thoughtfully designed dress crafted for the modern Indian wardrobe. Made with premium, breathable fabric and finished with meticulous tailoring, this Women Mauve Cotton Midi Dress blends contemporary design with timeless ethnic sensibility — ideal for festive occasions, everyday wear, gifting and special celebrations.

Key Highlights:
• Premium soft-touch fabric with a comfortable hand feel
• Tailored fit designed for all-day comfort and easy movement
• Durable double-stitched seams and color-fast dyes for long-lasting wear
• Easy care — machine washable, low maintenance
• Versatile styling — pair with traditional or contemporary essentials

Why shop the Women Mauve Cotton Midi Dress at BUTTERBYTE STORE? Enjoy authentic quality, pan-India shipping, secure checkout, easy 7-day returns and dedicated customer support. Elevate your ethnic and everyday wardrobe with BUTTERBYTE STORE — premium fashion for the modern Indian.",1250.00,1000.00,20,25,In Stock,f,f,f,4.3,0,2026-05-30 23:57:28.037652+00
ece6b2bc-2f19-4e9e-837a-bf4996a00967,pink-midi-dress,Pink Midi Dress,BUTTERBYTE STORE,BB-DRESS-046,13fe2d01-8918-412c-8917-c508525e02b5,"Discover the Pink Midi Dress from BUTTERBYTE STORE — a thoughtfully designed dress crafted for the modern Indian wardrobe. Made with premium, breathable fabric and finished with meticulous tailoring, this Pink Midi Dress blends contemporary design with timeless ethnic sensibility — ideal for festive occasions, everyday wear, gifting and special celebrations.

Key Highlights:
• Premium soft-touch fabric with a comfortable hand feel
• Tailored fit designed for all-day comfort and easy movement
• Durable double-stitched seams and color-fast dyes for long-lasting wear
• Easy care — machine washable, low maintenance
• Versatile styling — pair with traditional or contemporary essentials

Why shop the Pink Midi Dress at BUTTERBYTE STORE? Enjoy authentic quality, pan-India shipping, secure checkout, easy 7-day returns and dedicated customer support. Elevate your ethnic and everyday wardrobe with BUTTERBYTE STORE — premium fashion for the modern Indian.",2500.00,2000.00,20,25,In Stock,f,f,f,4.3,0,2026-05-30 23:57:28.106549+00
c6c79054-2df8-4c75-b207-c1cd530ee9bb,embellished-shirt-midi-dress,Embellished Shirt Midi Dress,BUTTERBYTE STORE,BB-DRESS-047,13fe2d01-8918-412c-8917-c508525e02b5,"Discover the Embellished Shirt Midi Dress from BUTTERBYTE STORE — a thoughtfully designed dress crafted for the modern Indian wardrobe. Made with premium, breathable fabric and finished with meticulous tailoring, this Embellished Shirt Midi Dress blends contemporary design with timeless ethnic sensibility — ideal for festive occasions, everyday wear, gifting and special celebrations.

Key Highlights:
• Premium soft-touch fabric with a comfortable hand feel
• Tailored fit designed for all-day comfort and easy movement
• Durable double-stitched seams and color-fast dyes for long-lasting wear
• Easy care — machine washable, low maintenance
• Versatile styling — pair with traditional or contemporary essentials

Why shop the Embellished Shirt Midi Dress at BUTTERBYTE STORE? Enjoy authentic quality, pan-India shipping, secure checkout, easy 7-day returns and dedicated customer support. Elevate your ethnic and everyday wardrobe with BUTTERBYTE STORE — premium fashion for the modern Indian.",750.00,600.00,20,25,In Stock,f,f,f,4.3,0,2026-05-30 23:57:28.175546+00
bb2209e0-64aa-4857-903b-ae532ab7e2fd,floral-regular-dress,Floral Regular Dress,BUTTERBYTE STORE,BB-DRESS-048,13fe2d01-8918-412c-8917-c508525e02b5,"Discover the Floral Regular Dress from BUTTERBYTE STORE — a thoughtfully designed dress crafted for the modern Indian wardrobe. Made with premium, breathable fabric and finished with meticulous tailoring, this Floral Regular Dress blends contemporary design with timeless ethnic sensibility — ideal for festive occasions, everyday wear, gifting and special celebrations.

Key Highlights:
• Premium soft-touch fabric with a comfortable hand feel
• Tailored fit designed for all-day comfort and easy movement
• Durable double-stitched seams and color-fast dyes for long-lasting wear
• Easy care — machine washable, low maintenance
• Versatile styling — pair with traditional or contemporary essentials

Why shop the Floral Regular Dress at BUTTERBYTE STORE? Enjoy authentic quality, pan-India shipping, secure checkout, easy 7-day returns and dedicated customer support. Elevate your ethnic and everyday wardrobe with BUTTERBYTE STORE — premium fashion for the modern Indian.",625.00,500.00,20,25,In Stock,f,f,f,4.3,0,2026-05-30 23:57:28.24421+00
15addda3-1d92-470c-8792-c3107c718ea2,blue-flared-high-jeans,Blue Flared High Jeans,BUTTERBYTE STORE,BB-JEANS-001,d61afce9-9269-4065-a9bf-8bb446295246,"Discover the Blue Flared High Jeans from BUTTERBYTE STORE — a thoughtfully designed jeans crafted for the modern Indian wardrobe. Made with premium, breathable fabric and finished with meticulous tailoring, this Blue Flared High Jeans blends contemporary design with timeless ethnic sensibility — ideal for festive occasions, everyday wear, gifting and special celebrations.

Key Highlights:
• Premium soft-touch fabric with a comfortable hand feel
• Tailored fit designed for all-day comfort and easy movement
• Durable double-stitched seams and color-fast dyes for long-lasting wear
• Easy care — machine washable, low maintenance
• Versatile styling — pair with traditional or contemporary essentials

Why shop the Blue Flared High Jeans at BUTTERBYTE STORE? Enjoy authentic quality, pan-India shipping, secure checkout, easy 7-day returns and dedicated customer support. Elevate your ethnic and everyday wardrobe with BUTTERBYTE STORE — premium fashion for the modern Indian.",750.00,600.00,20,25,In Stock,t,f,f,4.3,0,2026-05-30 23:57:28.450911+00
76518fe7-9a25-4171-9672-e3a6e33b9994,plus-size-women-navy-blue-stretchable-bootcut-jeans,Plus Size Women Navy Blue Stretchable Bootcut Jeans,BUTTERBYTE STORE,BB-JEANS-002,d61afce9-9269-4065-a9bf-8bb446295246,"Discover the Plus Size Women Navy Blue Stretchable Bootcut Jeans from BUTTERBYTE STORE — a thoughtfully designed jeans crafted for the modern Indian wardrobe. Made with premium, breathable fabric and finished with meticulous tailoring, this Plus Size Women Navy Blue Stretchable Bootcut Jeans blends contemporary design with timeless ethnic sensibility — ideal for festive occasions, everyday wear, gifting and special celebrations.

Key Highlights:
• Premium soft-touch fabric with a comfortable hand feel
• Tailored fit designed for all-day comfort and easy movement
• Durable double-stitched seams and color-fast dyes for long-lasting wear
• Easy care — machine washable, low maintenance
• Versatile styling — pair with traditional or contemporary essentials

Why shop the Plus Size Women Navy Blue Stretchable Bootcut Jeans at BUTTERBYTE STORE? Enjoy authentic quality, pan-India shipping, secure checkout, easy 7-day returns and dedicated customer support. Elevate your ethnic and everyday wardrobe with BUTTERBYTE STORE — premium fashion for the modern Indian.",625.00,500.00,20,25,In Stock,t,f,f,4.3,0,2026-05-30 23:57:28.51988+00
ef9554ce-2d50-4cbb-9a5c-9b505a817ef2,women-cowl-neck-top,Women Cowl Neck Top,BUTTERBYTE STORE,BB-TOPS-009,5af8213b-af8d-4e0b-b176-dfff53880fe9,"Discover the Women Cowl Neck Top from BUTTERBYTE STORE — a thoughtfully designed tops crafted for the modern Indian wardrobe. Made with premium, breathable fabric and finished with meticulous tailoring, this Women Cowl Neck Top blends contemporary design with timeless ethnic sensibility — ideal for festive occasions, everyday wear, gifting and special celebrations.

Key Highlights:
• Premium soft-touch fabric with a comfortable hand feel
• Tailored fit designed for all-day comfort and easy movement
• Durable double-stitched seams and color-fast dyes for long-lasting wear
• Easy care — machine washable, low maintenance
• Versatile styling — pair with traditional or contemporary essentials

Why shop the Women Cowl Neck Top at BUTTERBYTE STORE? Enjoy authentic quality, pan-India shipping, secure checkout, easy 7-day returns and dedicated customer support. Elevate your ethnic and everyday wardrobe with BUTTERBYTE STORE — premium fashion for the modern Indian.",3125.00,2500.00,20,25,In Stock,f,t,f,4.3,0,2026-05-30 23:57:43.492582+00
3e20760b-8b72-46f5-ad50-080f9ed38b7d,blue-solid-bootcut-fit-jeans,Blue Solid Bootcut Fit Jeans,BUTTERBYTE STORE,BB-JEANS-003,d61afce9-9269-4065-a9bf-8bb446295246,"Discover the Blue Solid Bootcut Fit Jeans from BUTTERBYTE STORE — a thoughtfully designed jeans crafted for the modern Indian wardrobe. Made with premium, breathable fabric and finished with meticulous tailoring, this Blue Solid Bootcut Fit Jeans blends contemporary design with timeless ethnic sensibility — ideal for festive occasions, everyday wear, gifting and special celebrations.

Key Highlights:
• Premium soft-touch fabric with a comfortable hand feel
• Tailored fit designed for all-day comfort and easy movement
• Durable double-stitched seams and color-fast dyes for long-lasting wear
• Easy care — machine washable, low maintenance
• Versatile styling — pair with traditional or contemporary essentials

Why shop the Blue Solid Bootcut Fit Jeans at BUTTERBYTE STORE? Enjoy authentic quality, pan-India shipping, secure checkout, easy 7-day returns and dedicated customer support. Elevate your ethnic and everyday wardrobe with BUTTERBYTE STORE — premium fashion for the modern Indian.",3375.00,2700.00,20,25,In Stock,t,f,f,4.3,0,2026-05-30 23:57:28.588857+00
47f53c60-d843-4dd6-87f0-84c453ae0dcd,women-jet-black-baggy-jeans,Women Jet Black Baggy Jeans,BUTTERBYTE STORE,BB-JEANS-015,d61afce9-9269-4065-a9bf-8bb446295246,"Discover the Women Jet Black Baggy Jeans from BUTTERBYTE STORE — a thoughtfully designed jeans crafted for the modern Indian wardrobe. Made with premium, breathable fabric and finished with meticulous tailoring, this Women Jet Black Baggy Jeans blends contemporary design with timeless ethnic sensibility — ideal for festive occasions, everyday wear, gifting and special celebrations.

Key Highlights:
• Premium soft-touch fabric with a comfortable hand feel
• Tailored fit designed for all-day comfort and easy movement
• Durable double-stitched seams and color-fast dyes for long-lasting wear
• Easy care — machine washable, low maintenance
• Versatile styling — pair with traditional or contemporary essentials

Why shop the Women Jet Black Baggy Jeans at BUTTERBYTE STORE? Enjoy authentic quality, pan-India shipping, secure checkout, easy 7-day returns and dedicated customer support. Elevate your ethnic and everyday wardrobe with BUTTERBYTE STORE — premium fashion for the modern Indian.",1250.00,1000.00,20,25,In Stock,f,f,f,4.3,0,2026-05-30 23:57:29.422193+00
5c8dff67-5b69-48c0-825f-e1ca72887a6c,women-blue-slim-fit-mom-high-ankle-jeans,Women Blue Slim Fit Mom High Ankle Jeans,BUTTERBYTE STORE,BB-JEANS-004,d61afce9-9269-4065-a9bf-8bb446295246,"Discover the Women Blue Slim Fit Mom High Ankle Jeans from BUTTERBYTE STORE — a thoughtfully designed jeans crafted for the modern Indian wardrobe. Made with premium, breathable fabric and finished with meticulous tailoring, this Women Blue Slim Fit Mom High Ankle Jeans blends contemporary design with timeless ethnic sensibility — ideal for festive occasions, everyday wear, gifting and special celebrations.

Key Highlights:
• Premium soft-touch fabric with a comfortable hand feel
• Tailored fit designed for all-day comfort and easy movement
• Durable double-stitched seams and color-fast dyes for long-lasting wear
• Easy care — machine washable, low maintenance
• Versatile styling — pair with traditional or contemporary essentials

Why shop the Women Blue Slim Fit Mom High Ankle Jeans at BUTTERBYTE STORE? Enjoy authentic quality, pan-India shipping, secure checkout, easy 7-day returns and dedicated customer support. Elevate your ethnic and everyday wardrobe with BUTTERBYTE STORE — premium fashion for the modern Indian.",3625.00,2900.00,20,25,In Stock,t,f,f,4.3,0,2026-05-30 23:57:28.657859+00
a5a250fc-caf4-4fc5-8612-b0894bb6fc28,women-s-blue-solid-regular-fit-jeans,Women S Blue Solid Regular Fit Jeans,BUTTERBYTE STORE,BB-JEANS-005,d61afce9-9269-4065-a9bf-8bb446295246,"Discover the Women S Blue Solid Regular Fit Jeans from BUTTERBYTE STORE — a thoughtfully designed jeans crafted for the modern Indian wardrobe. Made with premium, breathable fabric and finished with meticulous tailoring, this Women S Blue Solid Regular Fit Jeans blends contemporary design with timeless ethnic sensibility — ideal for festive occasions, everyday wear, gifting and special celebrations.

Key Highlights:
• Premium soft-touch fabric with a comfortable hand feel
• Tailored fit designed for all-day comfort and easy movement
• Durable double-stitched seams and color-fast dyes for long-lasting wear
• Easy care — machine washable, low maintenance
• Versatile styling — pair with traditional or contemporary essentials

Why shop the Women S Blue Solid Regular Fit Jeans at BUTTERBYTE STORE? Enjoy authentic quality, pan-India shipping, secure checkout, easy 7-day returns and dedicated customer support. Elevate your ethnic and everyday wardrobe with BUTTERBYTE STORE — premium fashion for the modern Indian.",1250.00,1000.00,20,25,In Stock,f,t,f,4.3,0,2026-05-30 23:57:28.727042+00
472093e6-5fef-49f8-8f8c-20e065547d70,women-high-rise-wide-leg-grey-jeans,Women High Rise Wide Leg Grey Jeans,BUTTERBYTE STORE,BB-JEANS-006,d61afce9-9269-4065-a9bf-8bb446295246,"Discover the Women High Rise Wide Leg Grey Jeans from BUTTERBYTE STORE — a thoughtfully designed jeans crafted for the modern Indian wardrobe. Made with premium, breathable fabric and finished with meticulous tailoring, this Women High Rise Wide Leg Grey Jeans blends contemporary design with timeless ethnic sensibility — ideal for festive occasions, everyday wear, gifting and special celebrations.

Key Highlights:
• Premium soft-touch fabric with a comfortable hand feel
• Tailored fit designed for all-day comfort and easy movement
• Durable double-stitched seams and color-fast dyes for long-lasting wear
• Easy care — machine washable, low maintenance
• Versatile styling — pair with traditional or contemporary essentials

Why shop the Women High Rise Wide Leg Grey Jeans at BUTTERBYTE STORE? Enjoy authentic quality, pan-India shipping, secure checkout, easy 7-day returns and dedicated customer support. Elevate your ethnic and everyday wardrobe with BUTTERBYTE STORE — premium fashion for the modern Indian.",2062.50,1650.00,20,25,In Stock,f,t,f,4.3,0,2026-05-30 23:57:28.796098+00
8e39437f-5082-438e-b440-706633aa3641,high-waist-stretch-flared-jeans,High Waist Stretch Flared Jeans,BUTTERBYTE STORE,BB-JEANS-007,d61afce9-9269-4065-a9bf-8bb446295246,"Discover the High Waist Stretch Flared Jeans from BUTTERBYTE STORE — a thoughtfully designed jeans crafted for the modern Indian wardrobe. Made with premium, breathable fabric and finished with meticulous tailoring, this High Waist Stretch Flared Jeans blends contemporary design with timeless ethnic sensibility — ideal for festive occasions, everyday wear, gifting and special celebrations.

Key Highlights:
• Premium soft-touch fabric with a comfortable hand feel
• Tailored fit designed for all-day comfort and easy movement
• Durable double-stitched seams and color-fast dyes for long-lasting wear
• Easy care — machine washable, low maintenance
• Versatile styling — pair with traditional or contemporary essentials

Why shop the High Waist Stretch Flared Jeans at BUTTERBYTE STORE? Enjoy authentic quality, pan-India shipping, secure checkout, easy 7-day returns and dedicated customer support. Elevate your ethnic and everyday wardrobe with BUTTERBYTE STORE — premium fashion for the modern Indian.",1500.00,1200.00,20,25,In Stock,f,t,f,4.3,0,2026-05-30 23:57:28.865199+00
3f6841eb-2d1c-4760-b2d3-50cf39580cf6,womens-black-high-rise-stretch-bootcut-jeans,Womens Black High Rise Stretch Bootcut Jeans,BUTTERBYTE STORE,BB-JEANS-008,d61afce9-9269-4065-a9bf-8bb446295246,"Discover the Womens Black High Rise Stretch Bootcut Jeans from BUTTERBYTE STORE — a thoughtfully designed jeans crafted for the modern Indian wardrobe. Made with premium, breathable fabric and finished with meticulous tailoring, this Womens Black High Rise Stretch Bootcut Jeans blends contemporary design with timeless ethnic sensibility — ideal for festive occasions, everyday wear, gifting and special celebrations.

Key Highlights:
• Premium soft-touch fabric with a comfortable hand feel
• Tailored fit designed for all-day comfort and easy movement
• Durable double-stitched seams and color-fast dyes for long-lasting wear
• Easy care — machine washable, low maintenance
• Versatile styling — pair with traditional or contemporary essentials

Why shop the Womens Black High Rise Stretch Bootcut Jeans at BUTTERBYTE STORE? Enjoy authentic quality, pan-India shipping, secure checkout, easy 7-day returns and dedicated customer support. Elevate your ethnic and everyday wardrobe with BUTTERBYTE STORE — premium fashion for the modern Indian.",2062.50,1650.00,20,25,In Stock,f,t,f,4.3,0,2026-05-30 23:57:28.934424+00
5cb5be0a-ff80-40d0-b2d6-03c2cc7fa3ad,only-womens-solid-straight-fit-high-rise-blue,Only Womens Solid Straight Fit High Rise Blue,BUTTERBYTE STORE,BB-JEANS-009,d61afce9-9269-4065-a9bf-8bb446295246,"Discover the Only Womens Solid Straight Fit High Rise Blue from BUTTERBYTE STORE — a thoughtfully designed jeans crafted for the modern Indian wardrobe. Made with premium, breathable fabric and finished with meticulous tailoring, this Only Womens Solid Straight Fit High Rise Blue blends contemporary design with timeless ethnic sensibility — ideal for festive occasions, everyday wear, gifting and special celebrations.

Key Highlights:
• Premium soft-touch fabric with a comfortable hand feel
• Tailored fit designed for all-day comfort and easy movement
• Durable double-stitched seams and color-fast dyes for long-lasting wear
• Easy care — machine washable, low maintenance
• Versatile styling — pair with traditional or contemporary essentials

Why shop the Only Womens Solid Straight Fit High Rise Blue at BUTTERBYTE STORE? Enjoy authentic quality, pan-India shipping, secure checkout, easy 7-day returns and dedicated customer support. Elevate your ethnic and everyday wardrobe with BUTTERBYTE STORE — premium fashion for the modern Indian.",562.50,450.00,20,25,In Stock,f,t,f,4.3,0,2026-05-30 23:57:29.003513+00
8224bf57-7502-4651-b787-6f459b4bc475,women-blue-wide-high-waist-jeans,Women Blue Wide High Waist Jeans,BUTTERBYTE STORE,BB-JEANS-010,d61afce9-9269-4065-a9bf-8bb446295246,"Discover the Women Blue Wide High Waist Jeans from BUTTERBYTE STORE — a thoughtfully designed jeans crafted for the modern Indian wardrobe. Made with premium, breathable fabric and finished with meticulous tailoring, this Women Blue Wide High Waist Jeans blends contemporary design with timeless ethnic sensibility — ideal for festive occasions, everyday wear, gifting and special celebrations.

Key Highlights:
• Premium soft-touch fabric with a comfortable hand feel
• Tailored fit designed for all-day comfort and easy movement
• Durable double-stitched seams and color-fast dyes for long-lasting wear
• Easy care — machine washable, low maintenance
• Versatile styling — pair with traditional or contemporary essentials

Why shop the Women Blue Wide High Waist Jeans at BUTTERBYTE STORE? Enjoy authentic quality, pan-India shipping, secure checkout, easy 7-day returns and dedicated customer support. Elevate your ethnic and everyday wardrobe with BUTTERBYTE STORE — premium fashion for the modern Indian.",1375.00,1100.00,20,25,In Stock,f,f,t,4.3,0,2026-05-30 23:57:29.073401+00
0a31b76a-a9c9-4a9b-944e-70f3ca92f9fe,womens-black-straight-fit-cargo-jeans,Womens Black Straight Fit Cargo Jeans,BUTTERBYTE STORE,BB-JEANS-011,d61afce9-9269-4065-a9bf-8bb446295246,"Discover the Womens Black Straight Fit Cargo Jeans from BUTTERBYTE STORE — a thoughtfully designed jeans crafted for the modern Indian wardrobe. Made with premium, breathable fabric and finished with meticulous tailoring, this Womens Black Straight Fit Cargo Jeans blends contemporary design with timeless ethnic sensibility — ideal for festive occasions, everyday wear, gifting and special celebrations.

Key Highlights:
• Premium soft-touch fabric with a comfortable hand feel
• Tailored fit designed for all-day comfort and easy movement
• Durable double-stitched seams and color-fast dyes for long-lasting wear
• Easy care — machine washable, low maintenance
• Versatile styling — pair with traditional or contemporary essentials

Why shop the Womens Black Straight Fit Cargo Jeans at BUTTERBYTE STORE? Enjoy authentic quality, pan-India shipping, secure checkout, easy 7-day returns and dedicated customer support. Elevate your ethnic and everyday wardrobe with BUTTERBYTE STORE — premium fashion for the modern Indian.",2187.50,1750.00,20,25,In Stock,f,f,t,4.3,0,2026-05-30 23:57:29.142382+00
b2c6c7ec-2016-451e-94b7-b31953588823,women-high-rise-wide-leg-jeans,Women High Rise Wide Leg Jeans,BUTTERBYTE STORE,BB-JEANS-012,d61afce9-9269-4065-a9bf-8bb446295246,"Discover the Women High Rise Wide Leg Jeans from BUTTERBYTE STORE — a thoughtfully designed jeans crafted for the modern Indian wardrobe. Made with premium, breathable fabric and finished with meticulous tailoring, this Women High Rise Wide Leg Jeans blends contemporary design with timeless ethnic sensibility — ideal for festive occasions, everyday wear, gifting and special celebrations.

Key Highlights:
• Premium soft-touch fabric with a comfortable hand feel
• Tailored fit designed for all-day comfort and easy movement
• Durable double-stitched seams and color-fast dyes for long-lasting wear
• Easy care — machine washable, low maintenance
• Versatile styling — pair with traditional or contemporary essentials

Why shop the Women High Rise Wide Leg Jeans at BUTTERBYTE STORE? Enjoy authentic quality, pan-India shipping, secure checkout, easy 7-day returns and dedicated customer support. Elevate your ethnic and everyday wardrobe with BUTTERBYTE STORE — premium fashion for the modern Indian.",687.50,550.00,20,25,In Stock,f,f,t,4.3,0,2026-05-30 23:57:29.213113+00
e7ae550b-4a1d-4730-afe2-37b90ae06c2e,straight-fit-high-rise-cargo-jeans-blue,Straight Fit High Rise Cargo Jeans Blue,BUTTERBYTE STORE,BB-JEANS-013,d61afce9-9269-4065-a9bf-8bb446295246,"Discover the Straight Fit High Rise Cargo Jeans Blue from BUTTERBYTE STORE — a thoughtfully designed jeans crafted for the modern Indian wardrobe. Made with premium, breathable fabric and finished with meticulous tailoring, this Straight Fit High Rise Cargo Jeans Blue blends contemporary design with timeless ethnic sensibility — ideal for festive occasions, everyday wear, gifting and special celebrations.

Key Highlights:
• Premium soft-touch fabric with a comfortable hand feel
• Tailored fit designed for all-day comfort and easy movement
• Durable double-stitched seams and color-fast dyes for long-lasting wear
• Easy care — machine washable, low maintenance
• Versatile styling — pair with traditional or contemporary essentials

Why shop the Straight Fit High Rise Cargo Jeans Blue at BUTTERBYTE STORE? Enjoy authentic quality, pan-India shipping, secure checkout, easy 7-day returns and dedicated customer support. Elevate your ethnic and everyday wardrobe with BUTTERBYTE STORE — premium fashion for the modern Indian.",2937.50,2350.00,20,25,In Stock,f,f,t,4.3,0,2026-05-30 23:57:29.282956+00
0231f432-e216-4735-9fe0-6896cc931352,women-blue-distressed-baggy-fit-jeans,Women Blue Distressed Baggy Fit Jeans,BUTTERBYTE STORE,BB-JEANS-016,d61afce9-9269-4065-a9bf-8bb446295246,"Discover the Women Blue Distressed Baggy Fit Jeans from BUTTERBYTE STORE — a thoughtfully designed jeans crafted for the modern Indian wardrobe. Made with premium, breathable fabric and finished with meticulous tailoring, this Women Blue Distressed Baggy Fit Jeans blends contemporary design with timeless ethnic sensibility — ideal for festive occasions, everyday wear, gifting and special celebrations.

Key Highlights:
• Premium soft-touch fabric with a comfortable hand feel
• Tailored fit designed for all-day comfort and easy movement
• Durable double-stitched seams and color-fast dyes for long-lasting wear
• Easy care — machine washable, low maintenance
• Versatile styling — pair with traditional or contemporary essentials

Why shop the Women Blue Distressed Baggy Fit Jeans at BUTTERBYTE STORE? Enjoy authentic quality, pan-India shipping, secure checkout, easy 7-day returns and dedicated customer support. Elevate your ethnic and everyday wardrobe with BUTTERBYTE STORE — premium fashion for the modern Indian.",1437.50,1150.00,20,25,In Stock,f,f,f,4.3,0,2026-05-30 23:57:29.492992+00
654acf89-2ce6-4f6b-91e7-5d6c8cfac3a0,blue-bootcut-high-jeans,Blue Bootcut High Jeans,BUTTERBYTE STORE,BB-JEANS-017,d61afce9-9269-4065-a9bf-8bb446295246,"Discover the Blue Bootcut High Jeans from BUTTERBYTE STORE — a thoughtfully designed jeans crafted for the modern Indian wardrobe. Made with premium, breathable fabric and finished with meticulous tailoring, this Blue Bootcut High Jeans blends contemporary design with timeless ethnic sensibility — ideal for festive occasions, everyday wear, gifting and special celebrations.

Key Highlights:
• Premium soft-touch fabric with a comfortable hand feel
• Tailored fit designed for all-day comfort and easy movement
• Durable double-stitched seams and color-fast dyes for long-lasting wear
• Easy care — machine washable, low maintenance
• Versatile styling — pair with traditional or contemporary essentials

Why shop the Blue Bootcut High Jeans at BUTTERBYTE STORE? Enjoy authentic quality, pan-India shipping, secure checkout, easy 7-day returns and dedicated customer support. Elevate your ethnic and everyday wardrobe with BUTTERBYTE STORE — premium fashion for the modern Indian.",1500.00,1200.00,20,25,In Stock,f,f,f,4.3,0,2026-05-30 23:57:29.562184+00
02b338ea-a92f-41e3-ad2a-221a95db39e0,wide-leg-denim-jeans,Wide Leg Denim Jeans,BUTTERBYTE STORE,BB-JEANS-018,d61afce9-9269-4065-a9bf-8bb446295246,"Discover the Wide Leg Denim Jeans from BUTTERBYTE STORE — a thoughtfully designed jeans crafted for the modern Indian wardrobe. Made with premium, breathable fabric and finished with meticulous tailoring, this Wide Leg Denim Jeans blends contemporary design with timeless ethnic sensibility — ideal for festive occasions, everyday wear, gifting and special celebrations.

Key Highlights:
• Premium soft-touch fabric with a comfortable hand feel
• Tailored fit designed for all-day comfort and easy movement
• Durable double-stitched seams and color-fast dyes for long-lasting wear
• Easy care — machine washable, low maintenance
• Versatile styling — pair with traditional or contemporary essentials

Why shop the Wide Leg Denim Jeans at BUTTERBYTE STORE? Enjoy authentic quality, pan-India shipping, secure checkout, easy 7-day returns and dedicated customer support. Elevate your ethnic and everyday wardrobe with BUTTERBYTE STORE — premium fashion for the modern Indian.",2000.00,1600.00,20,25,In Stock,f,f,f,4.3,0,2026-05-30 23:57:29.631324+00
ef2cc002-bd00-4e07-8f86-5d7986d62709,women-blue-wide-high-jeans,Women Blue Wide High Jeans,BUTTERBYTE STORE,BB-JEANS-019,d61afce9-9269-4065-a9bf-8bb446295246,"Discover the Women Blue Wide High Jeans from BUTTERBYTE STORE — a thoughtfully designed jeans crafted for the modern Indian wardrobe. Made with premium, breathable fabric and finished with meticulous tailoring, this Women Blue Wide High Jeans blends contemporary design with timeless ethnic sensibility — ideal for festive occasions, everyday wear, gifting and special celebrations.

Key Highlights:
• Premium soft-touch fabric with a comfortable hand feel
• Tailored fit designed for all-day comfort and easy movement
• Durable double-stitched seams and color-fast dyes for long-lasting wear
• Easy care — machine washable, low maintenance
• Versatile styling — pair with traditional or contemporary essentials

Why shop the Women Blue Wide High Jeans at BUTTERBYTE STORE? Enjoy authentic quality, pan-India shipping, secure checkout, easy 7-day returns and dedicated customer support. Elevate your ethnic and everyday wardrobe with BUTTERBYTE STORE — premium fashion for the modern Indian.",1062.50,850.00,20,25,In Stock,f,f,f,4.3,0,2026-05-30 23:57:29.700851+00
ebc94ee5-f512-4dea-b3b6-19e674417488,blue-women-loose-fit-mid-waist-jeans,Blue Women Loose Fit Mid Waist Jeans,BUTTERBYTE STORE,BB-JEANS-020,d61afce9-9269-4065-a9bf-8bb446295246,"Discover the Blue Women Loose Fit Mid Waist Jeans from BUTTERBYTE STORE — a thoughtfully designed jeans crafted for the modern Indian wardrobe. Made with premium, breathable fabric and finished with meticulous tailoring, this Blue Women Loose Fit Mid Waist Jeans blends contemporary design with timeless ethnic sensibility — ideal for festive occasions, everyday wear, gifting and special celebrations.

Key Highlights:
• Premium soft-touch fabric with a comfortable hand feel
• Tailored fit designed for all-day comfort and easy movement
• Durable double-stitched seams and color-fast dyes for long-lasting wear
• Easy care — machine washable, low maintenance
• Versatile styling — pair with traditional or contemporary essentials

Why shop the Blue Women Loose Fit Mid Waist Jeans at BUTTERBYTE STORE? Enjoy authentic quality, pan-India shipping, secure checkout, easy 7-day returns and dedicated customer support. Elevate your ethnic and everyday wardrobe with BUTTERBYTE STORE — premium fashion for the modern Indian.",2937.50,2350.00,20,25,In Stock,f,f,f,4.3,0,2026-05-30 23:57:29.770123+00
d1eed319-e5f1-42cc-bbc2-bcb5ab74002b,wide-leg-high-rise-regular-stretchable-jeans,Wide Leg High Rise Regular Stretchable Jeans,BUTTERBYTE STORE,BB-JEANS-021,d61afce9-9269-4065-a9bf-8bb446295246,"Discover the Wide Leg High Rise Regular Stretchable Jeans from BUTTERBYTE STORE — a thoughtfully designed jeans crafted for the modern Indian wardrobe. Made with premium, breathable fabric and finished with meticulous tailoring, this Wide Leg High Rise Regular Stretchable Jeans blends contemporary design with timeless ethnic sensibility — ideal for festive occasions, everyday wear, gifting and special celebrations.

Key Highlights:
• Premium soft-touch fabric with a comfortable hand feel
• Tailored fit designed for all-day comfort and easy movement
• Durable double-stitched seams and color-fast dyes for long-lasting wear
• Easy care — machine washable, low maintenance
• Versatile styling — pair with traditional or contemporary essentials

Why shop the Wide Leg High Rise Regular Stretchable Jeans at BUTTERBYTE STORE? Enjoy authentic quality, pan-India shipping, secure checkout, easy 7-day returns and dedicated customer support. Elevate your ethnic and everyday wardrobe with BUTTERBYTE STORE — premium fashion for the modern Indian.",2687.50,2150.00,20,25,In Stock,f,f,f,4.3,0,2026-05-30 23:57:29.839443+00
8c307d78-75ce-4229-a821-af2ef0ff490b,wide-leg-fit-blue-jeans,Wide Leg Fit Blue Jeans,BUTTERBYTE STORE,BB-JEANS-022,d61afce9-9269-4065-a9bf-8bb446295246,"Discover the Wide Leg Fit Blue Jeans from BUTTERBYTE STORE — a thoughtfully designed jeans crafted for the modern Indian wardrobe. Made with premium, breathable fabric and finished with meticulous tailoring, this Wide Leg Fit Blue Jeans blends contemporary design with timeless ethnic sensibility — ideal for festive occasions, everyday wear, gifting and special celebrations.

Key Highlights:
• Premium soft-touch fabric with a comfortable hand feel
• Tailored fit designed for all-day comfort and easy movement
• Durable double-stitched seams and color-fast dyes for long-lasting wear
• Easy care — machine washable, low maintenance
• Versatile styling — pair with traditional or contemporary essentials

Why shop the Wide Leg Fit Blue Jeans at BUTTERBYTE STORE? Enjoy authentic quality, pan-India shipping, secure checkout, easy 7-day returns and dedicated customer support. Elevate your ethnic and everyday wardrobe with BUTTERBYTE STORE — premium fashion for the modern Indian.",1875.00,1500.00,20,25,In Stock,f,f,f,4.3,0,2026-05-30 23:57:29.909542+00
6d4f9648-84fe-491d-a67f-0a3de92f0498,blue-high-waist-floral-pocket-wide-leg-jeans,Blue High Waist Floral Pocket Wide Leg Jeans,BUTTERBYTE STORE,BB-JEANS-023,d61afce9-9269-4065-a9bf-8bb446295246,"Discover the Blue High Waist Floral Pocket Wide Leg Jeans from BUTTERBYTE STORE — a thoughtfully designed jeans crafted for the modern Indian wardrobe. Made with premium, breathable fabric and finished with meticulous tailoring, this Blue High Waist Floral Pocket Wide Leg Jeans blends contemporary design with timeless ethnic sensibility — ideal for festive occasions, everyday wear, gifting and special celebrations.

Key Highlights:
• Premium soft-touch fabric with a comfortable hand feel
• Tailored fit designed for all-day comfort and easy movement
• Durable double-stitched seams and color-fast dyes for long-lasting wear
• Easy care — machine washable, low maintenance
• Versatile styling — pair with traditional or contemporary essentials

Why shop the Blue High Waist Floral Pocket Wide Leg Jeans at BUTTERBYTE STORE? Enjoy authentic quality, pan-India shipping, secure checkout, easy 7-day returns and dedicated customer support. Elevate your ethnic and everyday wardrobe with BUTTERBYTE STORE — premium fashion for the modern Indian.",1062.50,850.00,20,25,In Stock,f,f,f,4.3,0,2026-05-30 23:57:29.978798+00
4b134ed3-f65d-4422-bbf7-ea0f568b4f65,women-blue-wide-high-waist-jeans-2,Women Blue Wide High Waist Jeans,BUTTERBYTE STORE,BB-JEANS-024,d61afce9-9269-4065-a9bf-8bb446295246,"Discover the Women Blue Wide High Waist Jeans from BUTTERBYTE STORE — a thoughtfully designed jeans crafted for the modern Indian wardrobe. Made with premium, breathable fabric and finished with meticulous tailoring, this Women Blue Wide High Waist Jeans blends contemporary design with timeless ethnic sensibility — ideal for festive occasions, everyday wear, gifting and special celebrations.

Key Highlights:
• Premium soft-touch fabric with a comfortable hand feel
• Tailored fit designed for all-day comfort and easy movement
• Durable double-stitched seams and color-fast dyes for long-lasting wear
• Easy care — machine washable, low maintenance
• Versatile styling — pair with traditional or contemporary essentials

Why shop the Women Blue Wide High Waist Jeans at BUTTERBYTE STORE? Enjoy authentic quality, pan-India shipping, secure checkout, easy 7-day returns and dedicated customer support. Elevate your ethnic and everyday wardrobe with BUTTERBYTE STORE — premium fashion for the modern Indian.",2937.50,2350.00,20,25,In Stock,f,f,f,4.3,0,2026-05-30 23:57:30.047866+00
28ddec27-6fb2-42cf-81c6-d9bea0d01582,only-womens-solid-loose-fit-high-rise-navy-bl,Only Womens Solid Loose Fit High Rise Navy Bl,BUTTERBYTE STORE,BB-JEANS-025,d61afce9-9269-4065-a9bf-8bb446295246,"Discover the Only Womens Solid Loose Fit High Rise Navy Bl from BUTTERBYTE STORE — a thoughtfully designed jeans crafted for the modern Indian wardrobe. Made with premium, breathable fabric and finished with meticulous tailoring, this Only Womens Solid Loose Fit High Rise Navy Bl blends contemporary design with timeless ethnic sensibility — ideal for festive occasions, everyday wear, gifting and special celebrations.

Key Highlights:
• Premium soft-touch fabric with a comfortable hand feel
• Tailored fit designed for all-day comfort and easy movement
• Durable double-stitched seams and color-fast dyes for long-lasting wear
• Easy care — machine washable, low maintenance
• Versatile styling — pair with traditional or contemporary essentials

Why shop the Only Womens Solid Loose Fit High Rise Navy Bl at BUTTERBYTE STORE? Enjoy authentic quality, pan-India shipping, secure checkout, easy 7-day returns and dedicated customer support. Elevate your ethnic and everyday wardrobe with BUTTERBYTE STORE — premium fashion for the modern Indian.",3750.00,3000.00,20,25,In Stock,f,f,f,4.3,0,2026-05-30 23:57:30.118265+00
51086ff3-6646-43c6-9467-07575dc442eb,women-s-blue-solid-bootcut-fit-jeans,Women S Blue Solid Bootcut Fit Jeans,BUTTERBYTE STORE,BB-JEANS-026,d61afce9-9269-4065-a9bf-8bb446295246,"Discover the Women S Blue Solid Bootcut Fit Jeans from BUTTERBYTE STORE — a thoughtfully designed jeans crafted for the modern Indian wardrobe. Made with premium, breathable fabric and finished with meticulous tailoring, this Women S Blue Solid Bootcut Fit Jeans blends contemporary design with timeless ethnic sensibility — ideal for festive occasions, everyday wear, gifting and special celebrations.

Key Highlights:
• Premium soft-touch fabric with a comfortable hand feel
• Tailored fit designed for all-day comfort and easy movement
• Durable double-stitched seams and color-fast dyes for long-lasting wear
• Easy care — machine washable, low maintenance
• Versatile styling — pair with traditional or contemporary essentials

Why shop the Women S Blue Solid Bootcut Fit Jeans at BUTTERBYTE STORE? Enjoy authentic quality, pan-India shipping, secure checkout, easy 7-day returns and dedicated customer support. Elevate your ethnic and everyday wardrobe with BUTTERBYTE STORE — premium fashion for the modern Indian.",750.00,600.00,20,25,In Stock,f,f,f,4.3,0,2026-05-30 23:57:30.187467+00
5a8d281c-c441-4bbd-8ceb-688c04c01c4b,women-s-blue-loose-fit-jeans,Women S Blue Loose Fit Jeans,BUTTERBYTE STORE,BB-JEANS-027,d61afce9-9269-4065-a9bf-8bb446295246,"Discover the Women S Blue Loose Fit Jeans from BUTTERBYTE STORE — a thoughtfully designed jeans crafted for the modern Indian wardrobe. Made with premium, breathable fabric and finished with meticulous tailoring, this Women S Blue Loose Fit Jeans blends contemporary design with timeless ethnic sensibility — ideal for festive occasions, everyday wear, gifting and special celebrations.

Key Highlights:
• Premium soft-touch fabric with a comfortable hand feel
• Tailored fit designed for all-day comfort and easy movement
• Durable double-stitched seams and color-fast dyes for long-lasting wear
• Easy care — machine washable, low maintenance
• Versatile styling — pair with traditional or contemporary essentials

Why shop the Women S Blue Loose Fit Jeans at BUTTERBYTE STORE? Enjoy authentic quality, pan-India shipping, secure checkout, easy 7-day returns and dedicated customer support. Elevate your ethnic and everyday wardrobe with BUTTERBYTE STORE — premium fashion for the modern Indian.",2312.50,1850.00,20,25,In Stock,f,f,f,4.3,0,2026-05-30 23:57:30.258032+00
92a0022c-e661-48ed-bff8-395418b0b783,women-blue-cotton-solid-bootcut-jeans,Women Blue Cotton Solid Bootcut Jeans,BUTTERBYTE STORE,BB-JEANS-028,d61afce9-9269-4065-a9bf-8bb446295246,"Discover the Women Blue Cotton Solid Bootcut Jeans from BUTTERBYTE STORE — a thoughtfully designed jeans crafted for the modern Indian wardrobe. Made with premium, breathable fabric and finished with meticulous tailoring, this Women Blue Cotton Solid Bootcut Jeans blends contemporary design with timeless ethnic sensibility — ideal for festive occasions, everyday wear, gifting and special celebrations.

Key Highlights:
• Premium soft-touch fabric with a comfortable hand feel
• Tailored fit designed for all-day comfort and easy movement
• Durable double-stitched seams and color-fast dyes for long-lasting wear
• Easy care — machine washable, low maintenance
• Versatile styling — pair with traditional or contemporary essentials

Why shop the Women Blue Cotton Solid Bootcut Jeans at BUTTERBYTE STORE? Enjoy authentic quality, pan-India shipping, secure checkout, easy 7-day returns and dedicated customer support. Elevate your ethnic and everyday wardrobe with BUTTERBYTE STORE — premium fashion for the modern Indian.",1250.00,1000.00,20,25,In Stock,f,f,f,4.3,0,2026-05-30 23:57:30.330601+00
b33f38f7-defe-45d9-ad2d-cf21a0f05d2a,black-wide-leg-high-rise-jeans,Black Wide Leg High Rise Jeans,BUTTERBYTE STORE,BB-JEANS-029,d61afce9-9269-4065-a9bf-8bb446295246,"Discover the Black Wide Leg High Rise Jeans from BUTTERBYTE STORE — a thoughtfully designed jeans crafted for the modern Indian wardrobe. Made with premium, breathable fabric and finished with meticulous tailoring, this Black Wide Leg High Rise Jeans blends contemporary design with timeless ethnic sensibility — ideal for festive occasions, everyday wear, gifting and special celebrations.

Key Highlights:
• Premium soft-touch fabric with a comfortable hand feel
• Tailored fit designed for all-day comfort and easy movement
• Durable double-stitched seams and color-fast dyes for long-lasting wear
• Easy care — machine washable, low maintenance
• Versatile styling — pair with traditional or contemporary essentials

Why shop the Black Wide Leg High Rise Jeans at BUTTERBYTE STORE? Enjoy authentic quality, pan-India shipping, secure checkout, easy 7-day returns and dedicated customer support. Elevate your ethnic and everyday wardrobe with BUTTERBYTE STORE — premium fashion for the modern Indian.",3562.50,2850.00,20,25,In Stock,f,f,f,4.3,0,2026-05-30 23:57:30.399525+00
6832f79b-99b3-475c-8ce7-772839374462,blue-flared-wide-leg-high-rise-non-stretchable-jeans,Blue Flared Wide Leg High Rise Non Stretchable Jeans,BUTTERBYTE STORE,BB-JEANS-030,d61afce9-9269-4065-a9bf-8bb446295246,"Discover the Blue Flared Wide Leg High Rise Non Stretchable Jeans from BUTTERBYTE STORE — a thoughtfully designed jeans crafted for the modern Indian wardrobe. Made with premium, breathable fabric and finished with meticulous tailoring, this Blue Flared Wide Leg High Rise Non Stretchable Jeans blends contemporary design with timeless ethnic sensibility — ideal for festive occasions, everyday wear, gifting and special celebrations.

Key Highlights:
• Premium soft-touch fabric with a comfortable hand feel
• Tailored fit designed for all-day comfort and easy movement
• Durable double-stitched seams and color-fast dyes for long-lasting wear
• Easy care — machine washable, low maintenance
• Versatile styling — pair with traditional or contemporary essentials

Why shop the Blue Flared Wide Leg High Rise Non Stretchable Jeans at BUTTERBYTE STORE? Enjoy authentic quality, pan-India shipping, secure checkout, easy 7-day returns and dedicated customer support. Elevate your ethnic and everyday wardrobe with BUTTERBYTE STORE — premium fashion for the modern Indian.",937.50,750.00,20,25,In Stock,f,f,f,4.3,0,2026-05-30 23:57:30.468657+00
4d5674de-502c-4757-af94-1d4759124aa8,blue-high-rise-baggy-fit-jeans,Blue High Rise Baggy Fit Jeans,BUTTERBYTE STORE,BB-JEANS-031,d61afce9-9269-4065-a9bf-8bb446295246,"Discover the Blue High Rise Baggy Fit Jeans from BUTTERBYTE STORE — a thoughtfully designed jeans crafted for the modern Indian wardrobe. Made with premium, breathable fabric and finished with meticulous tailoring, this Blue High Rise Baggy Fit Jeans blends contemporary design with timeless ethnic sensibility — ideal for festive occasions, everyday wear, gifting and special celebrations.

Key Highlights:
• Premium soft-touch fabric with a comfortable hand feel
• Tailored fit designed for all-day comfort and easy movement
• Durable double-stitched seams and color-fast dyes for long-lasting wear
• Easy care — machine washable, low maintenance
• Versatile styling — pair with traditional or contemporary essentials

Why shop the Blue High Rise Baggy Fit Jeans at BUTTERBYTE STORE? Enjoy authentic quality, pan-India shipping, secure checkout, easy 7-day returns and dedicated customer support. Elevate your ethnic and everyday wardrobe with BUTTERBYTE STORE — premium fashion for the modern Indian.",2562.50,2050.00,20,25,In Stock,f,f,f,4.3,0,2026-05-30 23:57:30.538744+00
586856f4-b0d8-4bed-bdcc-1dc40f6d302f,high-waist-button-flared-jeans,High Waist Button Flared Jeans,BUTTERBYTE STORE,BB-JEANS-032,d61afce9-9269-4065-a9bf-8bb446295246,"Discover the High Waist Button Flared Jeans from BUTTERBYTE STORE — a thoughtfully designed jeans crafted for the modern Indian wardrobe. Made with premium, breathable fabric and finished with meticulous tailoring, this High Waist Button Flared Jeans blends contemporary design with timeless ethnic sensibility — ideal for festive occasions, everyday wear, gifting and special celebrations.

Key Highlights:
• Premium soft-touch fabric with a comfortable hand feel
• Tailored fit designed for all-day comfort and easy movement
• Durable double-stitched seams and color-fast dyes for long-lasting wear
• Easy care — machine washable, low maintenance
• Versatile styling — pair with traditional or contemporary essentials

Why shop the High Waist Button Flared Jeans at BUTTERBYTE STORE? Enjoy authentic quality, pan-India shipping, secure checkout, easy 7-day returns and dedicated customer support. Elevate your ethnic and everyday wardrobe with BUTTERBYTE STORE — premium fashion for the modern Indian.",2750.00,2200.00,20,25,In Stock,f,f,f,4.3,0,2026-05-30 23:57:30.608182+00
f8933022-b876-4c14-953c-570e1b1034b1,bootcut-high-rise-clean-look-regular-length-stretchable-denim-jeans,Bootcut High Rise Clean Look Regular Length Stretchable Denim Jeans,BUTTERBYTE STORE,BB-JEANS-033,d61afce9-9269-4065-a9bf-8bb446295246,"Discover the Bootcut High Rise Clean Look Regular Length Stretchable Denim Jeans from BUTTERBYTE STORE — a thoughtfully designed jeans crafted for the modern Indian wardrobe. Made with premium, breathable fabric and finished with meticulous tailoring, this Bootcut High Rise Clean Look Regular Length Stretchable Denim Jeans blends contemporary design with timeless ethnic sensibility — ideal for festive occasions, everyday wear, gifting and special celebrations.

Key Highlights:
• Premium soft-touch fabric with a comfortable hand feel
• Tailored fit designed for all-day comfort and easy movement
• Durable double-stitched seams and color-fast dyes for long-lasting wear
• Easy care — machine washable, low maintenance
• Versatile styling — pair with traditional or contemporary essentials

Why shop the Bootcut High Rise Clean Look Regular Length Stretchable Denim Jeans at BUTTERBYTE STORE? Enjoy authentic quality, pan-India shipping, secure checkout, easy 7-day returns and dedicated customer support. Elevate your ethnic and everyday wardrobe with BUTTERBYTE STORE — premium fashion for the modern Indian.",1500.00,1200.00,20,25,In Stock,f,f,f,4.3,0,2026-05-30 23:57:30.677424+00
66f71273-e6b7-46d2-acf4-c262ba09adbf,only-womens-embroidered-straight-fit-high-ris,Only Womens Embroidered Straight Fit High Ris,BUTTERBYTE STORE,BB-JEANS-034,d61afce9-9269-4065-a9bf-8bb446295246,"Discover the Only Womens Embroidered Straight Fit High Ris from BUTTERBYTE STORE — a thoughtfully designed jeans crafted for the modern Indian wardrobe. Made with premium, breathable fabric and finished with meticulous tailoring, this Only Womens Embroidered Straight Fit High Ris blends contemporary design with timeless ethnic sensibility — ideal for festive occasions, everyday wear, gifting and special celebrations.

Key Highlights:
• Premium soft-touch fabric with a comfortable hand feel
• Tailored fit designed for all-day comfort and easy movement
• Durable double-stitched seams and color-fast dyes for long-lasting wear
• Easy care — machine washable, low maintenance
• Versatile styling — pair with traditional or contemporary essentials

Why shop the Only Womens Embroidered Straight Fit High Ris at BUTTERBYTE STORE? Enjoy authentic quality, pan-India shipping, secure checkout, easy 7-day returns and dedicated customer support. Elevate your ethnic and everyday wardrobe with BUTTERBYTE STORE — premium fashion for the modern Indian.",3750.00,3000.00,20,25,In Stock,f,f,f,4.3,0,2026-05-30 23:57:30.746741+00
a56d65a5-66f1-4bad-9661-024bfefef0a7,women-s-721-high-rise-skinny-blue-jeans,Women S 721 High Rise Skinny Blue Jeans,BUTTERBYTE STORE,BB-JEANS-035,d61afce9-9269-4065-a9bf-8bb446295246,"Discover the Women S 721 High Rise Skinny Blue Jeans from BUTTERBYTE STORE — a thoughtfully designed jeans crafted for the modern Indian wardrobe. Made with premium, breathable fabric and finished with meticulous tailoring, this Women S 721 High Rise Skinny Blue Jeans blends contemporary design with timeless ethnic sensibility — ideal for festive occasions, everyday wear, gifting and special celebrations.

Key Highlights:
• Premium soft-touch fabric with a comfortable hand feel
• Tailored fit designed for all-day comfort and easy movement
• Durable double-stitched seams and color-fast dyes for long-lasting wear
• Easy care — machine washable, low maintenance
• Versatile styling — pair with traditional or contemporary essentials

Why shop the Women S 721 High Rise Skinny Blue Jeans at BUTTERBYTE STORE? Enjoy authentic quality, pan-India shipping, secure checkout, easy 7-day returns and dedicated customer support. Elevate your ethnic and everyday wardrobe with BUTTERBYTE STORE — premium fashion for the modern Indian.",375.00,300.00,20,25,In Stock,f,f,f,4.3,0,2026-05-30 23:57:30.815604+00
9ef209f2-d8ba-4dd6-8d28-f4e5486a0e86,hight-rise-straight-fit-leg-black-jeans,Hight Rise Straight Fit Leg Black Jeans,BUTTERBYTE STORE,BB-JEANS-036,d61afce9-9269-4065-a9bf-8bb446295246,"Discover the Hight Rise Straight Fit Leg Black Jeans from BUTTERBYTE STORE — a thoughtfully designed jeans crafted for the modern Indian wardrobe. Made with premium, breathable fabric and finished with meticulous tailoring, this Hight Rise Straight Fit Leg Black Jeans blends contemporary design with timeless ethnic sensibility — ideal for festive occasions, everyday wear, gifting and special celebrations.

Key Highlights:
• Premium soft-touch fabric with a comfortable hand feel
• Tailored fit designed for all-day comfort and easy movement
• Durable double-stitched seams and color-fast dyes for long-lasting wear
• Easy care — machine washable, low maintenance
• Versatile styling — pair with traditional or contemporary essentials

Why shop the Hight Rise Straight Fit Leg Black Jeans at BUTTERBYTE STORE? Enjoy authentic quality, pan-India shipping, secure checkout, easy 7-day returns and dedicated customer support. Elevate your ethnic and everyday wardrobe with BUTTERBYTE STORE — premium fashion for the modern Indian.",2750.00,2200.00,20,25,In Stock,f,f,f,4.3,0,2026-05-30 23:57:30.884928+00
fc66011e-405f-4042-99c6-c1db2e1c5f13,women-high-rise-denim-navy-blue-jeans,Women High Rise Denim Navy Blue Jeans,BUTTERBYTE STORE,BB-JEANS-037,d61afce9-9269-4065-a9bf-8bb446295246,"Discover the Women High Rise Denim Navy Blue Jeans from BUTTERBYTE STORE — a thoughtfully designed jeans crafted for the modern Indian wardrobe. Made with premium, breathable fabric and finished with meticulous tailoring, this Women High Rise Denim Navy Blue Jeans blends contemporary design with timeless ethnic sensibility — ideal for festive occasions, everyday wear, gifting and special celebrations.

Key Highlights:
• Premium soft-touch fabric with a comfortable hand feel
• Tailored fit designed for all-day comfort and easy movement
• Durable double-stitched seams and color-fast dyes for long-lasting wear
• Easy care — machine washable, low maintenance
• Versatile styling — pair with traditional or contemporary essentials

Why shop the Women High Rise Denim Navy Blue Jeans at BUTTERBYTE STORE? Enjoy authentic quality, pan-India shipping, secure checkout, easy 7-day returns and dedicated customer support. Elevate your ethnic and everyday wardrobe with BUTTERBYTE STORE — premium fashion for the modern Indian.",3562.50,2850.00,20,25,In Stock,f,f,f,4.3,0,2026-05-30 23:57:30.954091+00
82f95d7d-517a-482f-bb60-8659fb459697,stitch-super-wide-leg-blue-jeans,Stitch Super Wide Leg Blue Jeans,BUTTERBYTE STORE,BB-JEANS-038,d61afce9-9269-4065-a9bf-8bb446295246,"Discover the Stitch Super Wide Leg Blue Jeans from BUTTERBYTE STORE — a thoughtfully designed jeans crafted for the modern Indian wardrobe. Made with premium, breathable fabric and finished with meticulous tailoring, this Stitch Super Wide Leg Blue Jeans blends contemporary design with timeless ethnic sensibility — ideal for festive occasions, everyday wear, gifting and special celebrations.

Key Highlights:
• Premium soft-touch fabric with a comfortable hand feel
• Tailored fit designed for all-day comfort and easy movement
• Durable double-stitched seams and color-fast dyes for long-lasting wear
• Easy care — machine washable, low maintenance
• Versatile styling — pair with traditional or contemporary essentials

Why shop the Stitch Super Wide Leg Blue Jeans at BUTTERBYTE STORE? Enjoy authentic quality, pan-India shipping, secure checkout, easy 7-day returns and dedicated customer support. Elevate your ethnic and everyday wardrobe with BUTTERBYTE STORE — premium fashion for the modern Indian.",812.50,650.00,20,25,In Stock,f,f,f,4.3,0,2026-05-30 23:57:31.022939+00
51589268-aca5-4396-8aee-12905ac81340,women-black-wide-high-waist-jeans,Women Black Wide High Waist Jeans,BUTTERBYTE STORE,BB-JEANS-039,d61afce9-9269-4065-a9bf-8bb446295246,"Discover the Women Black Wide High Waist Jeans from BUTTERBYTE STORE — a thoughtfully designed jeans crafted for the modern Indian wardrobe. Made with premium, breathable fabric and finished with meticulous tailoring, this Women Black Wide High Waist Jeans blends contemporary design with timeless ethnic sensibility — ideal for festive occasions, everyday wear, gifting and special celebrations.

Key Highlights:
• Premium soft-touch fabric with a comfortable hand feel
• Tailored fit designed for all-day comfort and easy movement
• Durable double-stitched seams and color-fast dyes for long-lasting wear
• Easy care — machine washable, low maintenance
• Versatile styling — pair with traditional or contemporary essentials

Why shop the Women Black Wide High Waist Jeans at BUTTERBYTE STORE? Enjoy authentic quality, pan-India shipping, secure checkout, easy 7-day returns and dedicated customer support. Elevate your ethnic and everyday wardrobe with BUTTERBYTE STORE — premium fashion for the modern Indian.",1125.00,900.00,20,25,In Stock,f,f,f,4.3,0,2026-05-30 23:57:31.091597+00
bcfd5b1a-6979-4aa3-b982-c2a4771be325,women-black-wide-leg-high-rise-stretchable-jeans,Women Black Wide Leg High Rise Stretchable Jeans,BUTTERBYTE STORE,BB-JEANS-040,d61afce9-9269-4065-a9bf-8bb446295246,"Discover the Women Black Wide Leg High Rise Stretchable Jeans from BUTTERBYTE STORE — a thoughtfully designed jeans crafted for the modern Indian wardrobe. Made with premium, breathable fabric and finished with meticulous tailoring, this Women Black Wide Leg High Rise Stretchable Jeans blends contemporary design with timeless ethnic sensibility — ideal for festive occasions, everyday wear, gifting and special celebrations.

Key Highlights:
• Premium soft-touch fabric with a comfortable hand feel
• Tailored fit designed for all-day comfort and easy movement
• Durable double-stitched seams and color-fast dyes for long-lasting wear
• Easy care — machine washable, low maintenance
• Versatile styling — pair with traditional or contemporary essentials

Why shop the Women Black Wide Leg High Rise Stretchable Jeans at BUTTERBYTE STORE? Enjoy authentic quality, pan-India shipping, secure checkout, easy 7-day returns and dedicated customer support. Elevate your ethnic and everyday wardrobe with BUTTERBYTE STORE — premium fashion for the modern Indian.",1312.50,1050.00,20,25,In Stock,f,f,f,4.3,0,2026-05-30 23:57:31.162809+00
836278ef-1181-457e-bbb3-8281da20daf6,brown-women-straight-kurta-set,Brown Women Straight Kurta Set,BUTTERBYTE STORE,BB-KURTAS-001,1b76098d-5b6f-47c7-808b-67caf0b8c0d8,"Discover the Brown Women Straight Kurta Set from BUTTERBYTE STORE — a thoughtfully designed kurta set crafted for the modern Indian wardrobe. Made with premium, breathable fabric and finished with meticulous tailoring, this Brown Women Straight Kurta Set blends contemporary design with timeless ethnic sensibility — ideal for festive occasions, everyday wear, gifting and special celebrations.

Key Highlights:
• Premium soft-touch fabric with a comfortable hand feel
• Tailored fit designed for all-day comfort and easy movement
• Durable double-stitched seams and color-fast dyes for long-lasting wear
• Easy care — machine washable, low maintenance
• Versatile styling — pair with traditional or contemporary essentials

Why shop the Brown Women Straight Kurta Set at BUTTERBYTE STORE? Enjoy authentic quality, pan-India shipping, secure checkout, easy 7-day returns and dedicated customer support. Elevate your ethnic and everyday wardrobe with BUTTERBYTE STORE — premium fashion for the modern Indian.",750.00,600.00,20,25,In Stock,t,f,f,4.3,0,2026-05-30 23:57:31.231698+00
a4885ab8-7c0b-423d-961e-7d739ce39258,peach-women-embroidery-straight-kurta,Peach Women Embroidery Straight Kurta,BUTTERBYTE STORE,BB-KURTAS-002,1b76098d-5b6f-47c7-808b-67caf0b8c0d8,"Discover the Peach Women Embroidery Straight Kurta from BUTTERBYTE STORE — a thoughtfully designed kurta set crafted for the modern Indian wardrobe. Made with premium, breathable fabric and finished with meticulous tailoring, this Peach Women Embroidery Straight Kurta blends contemporary design with timeless ethnic sensibility — ideal for festive occasions, everyday wear, gifting and special celebrations.

Key Highlights:
• Premium soft-touch fabric with a comfortable hand feel
• Tailored fit designed for all-day comfort and easy movement
• Durable double-stitched seams and color-fast dyes for long-lasting wear
• Easy care — machine washable, low maintenance
• Versatile styling — pair with traditional or contemporary essentials

Why shop the Peach Women Embroidery Straight Kurta at BUTTERBYTE STORE? Enjoy authentic quality, pan-India shipping, secure checkout, easy 7-day returns and dedicated customer support. Elevate your ethnic and everyday wardrobe with BUTTERBYTE STORE — premium fashion for the modern Indian.",1625.00,1300.00,20,25,In Stock,t,f,f,4.3,0,2026-05-30 23:57:31.300665+00
09b5058e-4eae-4828-8eeb-59496447eb31,maroon-women-embroidered-straight-kurta-set,Maroon Women Embroidered Straight Kurta Set,BUTTERBYTE STORE,BB-KURTAS-003,1b76098d-5b6f-47c7-808b-67caf0b8c0d8,"Discover the Maroon Women Embroidered Straight Kurta Set from BUTTERBYTE STORE — a thoughtfully designed kurta set crafted for the modern Indian wardrobe. Made with premium, breathable fabric and finished with meticulous tailoring, this Maroon Women Embroidered Straight Kurta Set blends contemporary design with timeless ethnic sensibility — ideal for festive occasions, everyday wear, gifting and special celebrations.

Key Highlights:
• Premium soft-touch fabric with a comfortable hand feel
• Tailored fit designed for all-day comfort and easy movement
• Durable double-stitched seams and color-fast dyes for long-lasting wear
• Easy care — machine washable, low maintenance
• Versatile styling — pair with traditional or contemporary essentials

Why shop the Maroon Women Embroidered Straight Kurta Set at BUTTERBYTE STORE? Enjoy authentic quality, pan-India shipping, secure checkout, easy 7-day returns and dedicated customer support. Elevate your ethnic and everyday wardrobe with BUTTERBYTE STORE — premium fashion for the modern Indian.",1000.00,800.00,20,25,In Stock,t,f,f,4.3,0,2026-05-30 23:57:31.369707+00
25ba97ea-2869-405b-9d39-de4181100c4a,desinger-pink-women-floral-a-line-kurta-set,Desinger Pink Women Floral A Line Kurta Set,BUTTERBYTE STORE,BB-KURTAS-004,1b76098d-5b6f-47c7-808b-67caf0b8c0d8,"Discover the Desinger Pink Women Floral A Line Kurta Set from BUTTERBYTE STORE — a thoughtfully designed kurta set crafted for the modern Indian wardrobe. Made with premium, breathable fabric and finished with meticulous tailoring, this Desinger Pink Women Floral A Line Kurta Set blends contemporary design with timeless ethnic sensibility — ideal for festive occasions, everyday wear, gifting and special celebrations.

Key Highlights:
• Premium soft-touch fabric with a comfortable hand feel
• Tailored fit designed for all-day comfort and easy movement
• Durable double-stitched seams and color-fast dyes for long-lasting wear
• Easy care — machine washable, low maintenance
• Versatile styling — pair with traditional or contemporary essentials

Why shop the Desinger Pink Women Floral A Line Kurta Set at BUTTERBYTE STORE? Enjoy authentic quality, pan-India shipping, secure checkout, easy 7-day returns and dedicated customer support. Elevate your ethnic and everyday wardrobe with BUTTERBYTE STORE — premium fashion for the modern Indian.",750.00,600.00,20,25,In Stock,t,f,f,4.3,0,2026-05-30 23:57:31.438589+00
eff25335-3638-4bfb-9c7f-8fa2d296b550,pink-women-embroidered-straight-kurta-with-pants-dupatta,Pink Women Embroidered Straight Kurta With Pants & Dupatta,BUTTERBYTE STORE,BB-KURTAS-005,1b76098d-5b6f-47c7-808b-67caf0b8c0d8,"Discover the Pink Women Embroidered Straight Kurta With Pants & Dupatta from BUTTERBYTE STORE — a thoughtfully designed kurta set crafted for the modern Indian wardrobe. Made with premium, breathable fabric and finished with meticulous tailoring, this Pink Women Embroidered Straight Kurta With Pants & Dupatta blends contemporary design with timeless ethnic sensibility — ideal for festive occasions, everyday wear, gifting and special celebrations.

Key Highlights:
• Premium soft-touch fabric with a comfortable hand feel
• Tailored fit designed for all-day comfort and easy movement
• Durable double-stitched seams and color-fast dyes for long-lasting wear
• Easy care — machine washable, low maintenance
• Versatile styling — pair with traditional or contemporary essentials

Why shop the Pink Women Embroidered Straight Kurta With Pants & Dupatta at BUTTERBYTE STORE? Enjoy authentic quality, pan-India shipping, secure checkout, easy 7-day returns and dedicated customer support. Elevate your ethnic and everyday wardrobe with BUTTERBYTE STORE — premium fashion for the modern Indian.",812.50,650.00,20,25,In Stock,f,t,f,4.3,0,2026-05-30 23:57:31.507981+00
7cde4444-736f-491b-9237-59eb121c0bcc,fashion-rust-women-embroidery-straight-kurta-set,Fashion Rust Women Embroidery Straight Kurta Set,BUTTERBYTE STORE,BB-KURTAS-006,1b76098d-5b6f-47c7-808b-67caf0b8c0d8,"Discover the Fashion Rust Women Embroidery Straight Kurta Set from BUTTERBYTE STORE — a thoughtfully designed kurta set crafted for the modern Indian wardrobe. Made with premium, breathable fabric and finished with meticulous tailoring, this Fashion Rust Women Embroidery Straight Kurta Set blends contemporary design with timeless ethnic sensibility — ideal for festive occasions, everyday wear, gifting and special celebrations.

Key Highlights:
• Premium soft-touch fabric with a comfortable hand feel
• Tailored fit designed for all-day comfort and easy movement
• Durable double-stitched seams and color-fast dyes for long-lasting wear
• Easy care — machine washable, low maintenance
• Versatile styling — pair with traditional or contemporary essentials

Why shop the Fashion Rust Women Embroidery Straight Kurta Set at BUTTERBYTE STORE? Enjoy authentic quality, pan-India shipping, secure checkout, easy 7-day returns and dedicated customer support. Elevate your ethnic and everyday wardrobe with BUTTERBYTE STORE — premium fashion for the modern Indian.",937.50,750.00,20,25,In Stock,f,t,f,4.3,0,2026-05-30 23:57:31.577007+00
3470b300-22e1-4a0a-a61f-9ade28327e82,blue-women-embroidered-3-piece-anarkali-kurta-set,Blue Women Embroidered 3 Piece Anarkali Kurta Set,BUTTERBYTE STORE,BB-KURTAS-007,1b76098d-5b6f-47c7-808b-67caf0b8c0d8,"Discover the Blue Women Embroidered 3 Piece Anarkali Kurta Set from BUTTERBYTE STORE — a thoughtfully designed kurta set crafted for the modern Indian wardrobe. Made with premium, breathable fabric and finished with meticulous tailoring, this Blue Women Embroidered 3 Piece Anarkali Kurta Set blends contemporary design with timeless ethnic sensibility — ideal for festive occasions, everyday wear, gifting and special celebrations.

Key Highlights:
• Premium soft-touch fabric with a comfortable hand feel
• Tailored fit designed for all-day comfort and easy movement
• Durable double-stitched seams and color-fast dyes for long-lasting wear
• Easy care — machine washable, low maintenance
• Versatile styling — pair with traditional or contemporary essentials

Why shop the Blue Women Embroidered 3 Piece Anarkali Kurta Set at BUTTERBYTE STORE? Enjoy authentic quality, pan-India shipping, secure checkout, easy 7-day returns and dedicated customer support. Elevate your ethnic and everyday wardrobe with BUTTERBYTE STORE — premium fashion for the modern Indian.",1125.00,900.00,20,25,In Stock,f,t,f,4.3,0,2026-05-30 23:57:31.647199+00
68a1c9fd-f5e2-4c68-bc44-2fbee23bf192,blue-women-embroidered-anarkali-kurta-suit-set,Blue Women Embroidered Anarkali Kurta Suit Set,BUTTERBYTE STORE,BB-KURTAS-008,1b76098d-5b6f-47c7-808b-67caf0b8c0d8,"Discover the Blue Women Embroidered Anarkali Kurta Suit Set from BUTTERBYTE STORE — a thoughtfully designed kurta set crafted for the modern Indian wardrobe. Made with premium, breathable fabric and finished with meticulous tailoring, this Blue Women Embroidered Anarkali Kurta Suit Set blends contemporary design with timeless ethnic sensibility — ideal for festive occasions, everyday wear, gifting and special celebrations.

Key Highlights:
• Premium soft-touch fabric with a comfortable hand feel
• Tailored fit designed for all-day comfort and easy movement
• Durable double-stitched seams and color-fast dyes for long-lasting wear
• Easy care — machine washable, low maintenance
• Versatile styling — pair with traditional or contemporary essentials

Why shop the Blue Women Embroidered Anarkali Kurta Suit Set at BUTTERBYTE STORE? Enjoy authentic quality, pan-India shipping, secure checkout, easy 7-day returns and dedicated customer support. Elevate your ethnic and everyday wardrobe with BUTTERBYTE STORE — premium fashion for the modern Indian.",1125.00,900.00,20,25,In Stock,f,t,f,4.3,0,2026-05-30 23:57:31.715958+00
22c7cc06-da3e-4901-a9c8-d6d6d1508ea1,pink-women-cotton-embroidered-kurta-set,Pink Women Cotton Embroidered Kurta Set,BUTTERBYTE STORE,BB-KURTAS-009,1b76098d-5b6f-47c7-808b-67caf0b8c0d8,"Discover the Pink Women Cotton Embroidered Kurta Set from BUTTERBYTE STORE — a thoughtfully designed kurta set crafted for the modern Indian wardrobe. Made with premium, breathable fabric and finished with meticulous tailoring, this Pink Women Cotton Embroidered Kurta Set blends contemporary design with timeless ethnic sensibility — ideal for festive occasions, everyday wear, gifting and special celebrations.

Key Highlights:
• Premium soft-touch fabric with a comfortable hand feel
• Tailored fit designed for all-day comfort and easy movement
• Durable double-stitched seams and color-fast dyes for long-lasting wear
• Easy care — machine washable, low maintenance
• Versatile styling — pair with traditional or contemporary essentials

Why shop the Pink Women Cotton Embroidered Kurta Set at BUTTERBYTE STORE? Enjoy authentic quality, pan-India shipping, secure checkout, easy 7-day returns and dedicated customer support. Elevate your ethnic and everyday wardrobe with BUTTERBYTE STORE — premium fashion for the modern Indian.",812.50,650.00,20,25,In Stock,f,t,f,4.3,0,2026-05-30 23:57:31.785013+00
f4fa18ba-570e-48e1-9d8a-25047f7247f3,orange-women-embroidered-anarkali-kurta-suit-set,Orange Women Embroidered Anarkali Kurta Suit Set,BUTTERBYTE STORE,BB-KURTAS-010,1b76098d-5b6f-47c7-808b-67caf0b8c0d8,"Discover the Orange Women Embroidered Anarkali Kurta Suit Set from BUTTERBYTE STORE — a thoughtfully designed kurta set crafted for the modern Indian wardrobe. Made with premium, breathable fabric and finished with meticulous tailoring, this Orange Women Embroidered Anarkali Kurta Suit Set blends contemporary design with timeless ethnic sensibility — ideal for festive occasions, everyday wear, gifting and special celebrations.

Key Highlights:
• Premium soft-touch fabric with a comfortable hand feel
• Tailored fit designed for all-day comfort and easy movement
• Durable double-stitched seams and color-fast dyes for long-lasting wear
• Easy care — machine washable, low maintenance
• Versatile styling — pair with traditional or contemporary essentials

Why shop the Orange Women Embroidered Anarkali Kurta Suit Set at BUTTERBYTE STORE? Enjoy authentic quality, pan-India shipping, secure checkout, easy 7-day returns and dedicated customer support. Elevate your ethnic and everyday wardrobe with BUTTERBYTE STORE — premium fashion for the modern Indian.",1125.00,900.00,20,25,In Stock,f,f,t,4.3,0,2026-05-30 23:57:31.853668+00
6d241a8f-5902-4603-82f2-ca1bdb9f9ead,women-embroidery-flared-kurta-set,Women Embroidery Flared Kurta Set,BUTTERBYTE STORE,BB-KURTAS-011,1b76098d-5b6f-47c7-808b-67caf0b8c0d8,"Discover the Women Embroidery Flared Kurta Set from BUTTERBYTE STORE — a thoughtfully designed kurta set crafted for the modern Indian wardrobe. Made with premium, breathable fabric and finished with meticulous tailoring, this Women Embroidery Flared Kurta Set blends contemporary design with timeless ethnic sensibility — ideal for festive occasions, everyday wear, gifting and special celebrations.

Key Highlights:
• Premium soft-touch fabric with a comfortable hand feel
• Tailored fit designed for all-day comfort and easy movement
• Durable double-stitched seams and color-fast dyes for long-lasting wear
• Easy care — machine washable, low maintenance
• Versatile styling — pair with traditional or contemporary essentials

Why shop the Women Embroidery Flared Kurta Set at BUTTERBYTE STORE? Enjoy authentic quality, pan-India shipping, secure checkout, easy 7-day returns and dedicated customer support. Elevate your ethnic and everyday wardrobe with BUTTERBYTE STORE — premium fashion for the modern Indian.",1875.00,1500.00,20,25,In Stock,f,f,t,4.3,0,2026-05-30 23:57:31.922693+00
dadb1ca2-6cff-4be2-ad8a-41973c2ed6e0,brown-women-printed-straight-kurta-suit-set,Brown Women Printed Straight Kurta Suit Set,BUTTERBYTE STORE,BB-KURTAS-012,1b76098d-5b6f-47c7-808b-67caf0b8c0d8,"Discover the Brown Women Printed Straight Kurta Suit Set from BUTTERBYTE STORE — a thoughtfully designed kurta set crafted for the modern Indian wardrobe. Made with premium, breathable fabric and finished with meticulous tailoring, this Brown Women Printed Straight Kurta Suit Set blends contemporary design with timeless ethnic sensibility — ideal for festive occasions, everyday wear, gifting and special celebrations.

Key Highlights:
• Premium soft-touch fabric with a comfortable hand feel
• Tailored fit designed for all-day comfort and easy movement
• Durable double-stitched seams and color-fast dyes for long-lasting wear
• Easy care — machine washable, low maintenance
• Versatile styling — pair with traditional or contemporary essentials

Why shop the Brown Women Printed Straight Kurta Suit Set at BUTTERBYTE STORE? Enjoy authentic quality, pan-India shipping, secure checkout, easy 7-day returns and dedicated customer support. Elevate your ethnic and everyday wardrobe with BUTTERBYTE STORE — premium fashion for the modern Indian.",750.00,600.00,20,25,In Stock,f,f,t,4.3,0,2026-05-30 23:57:31.993586+00
5e2e3b96-6816-49a6-aefa-2ef3cb0fe89b,women-floral-straight-kurta-set,Women Floral Straight Kurta Set,BUTTERBYTE STORE,BB-KURTAS-013,1b76098d-5b6f-47c7-808b-67caf0b8c0d8,"Discover the Women Floral Straight Kurta Set from BUTTERBYTE STORE — a thoughtfully designed kurta set crafted for the modern Indian wardrobe. Made with premium, breathable fabric and finished with meticulous tailoring, this Women Floral Straight Kurta Set blends contemporary design with timeless ethnic sensibility — ideal for festive occasions, everyday wear, gifting and special celebrations.

Key Highlights:
• Premium soft-touch fabric with a comfortable hand feel
• Tailored fit designed for all-day comfort and easy movement
• Durable double-stitched seams and color-fast dyes for long-lasting wear
• Easy care — machine washable, low maintenance
• Versatile styling — pair with traditional or contemporary essentials

Why shop the Women Floral Straight Kurta Set at BUTTERBYTE STORE? Enjoy authentic quality, pan-India shipping, secure checkout, easy 7-day returns and dedicated customer support. Elevate your ethnic and everyday wardrobe with BUTTERBYTE STORE — premium fashion for the modern Indian.",875.00,700.00,20,25,In Stock,f,f,t,4.3,0,2026-05-30 23:57:32.062428+00
6a1ec9e6-ac7f-4d18-90ae-a4ce23eb5d22,black-women-embroidery-kurta-set,Black Women Embroidery Kurta Set,BUTTERBYTE STORE,BB-KURTAS-014,1b76098d-5b6f-47c7-808b-67caf0b8c0d8,"Discover the Black Women Embroidery Kurta Set from BUTTERBYTE STORE — a thoughtfully designed kurta set crafted for the modern Indian wardrobe. Made with premium, breathable fabric and finished with meticulous tailoring, this Black Women Embroidery Kurta Set blends contemporary design with timeless ethnic sensibility — ideal for festive occasions, everyday wear, gifting and special celebrations.

Key Highlights:
• Premium soft-touch fabric with a comfortable hand feel
• Tailored fit designed for all-day comfort and easy movement
• Durable double-stitched seams and color-fast dyes for long-lasting wear
• Easy care — machine washable, low maintenance
• Versatile styling — pair with traditional or contemporary essentials

Why shop the Black Women Embroidery Kurta Set at BUTTERBYTE STORE? Enjoy authentic quality, pan-India shipping, secure checkout, easy 7-day returns and dedicated customer support. Elevate your ethnic and everyday wardrobe with BUTTERBYTE STORE — premium fashion for the modern Indian.",750.00,600.00,20,25,In Stock,f,f,t,4.3,0,2026-05-30 23:57:32.131549+00
f3bcc7d6-22b1-46f4-a7d1-4e161a5056a4,blue-women-embroidered-3-piece-straight-kurta-set,Blue Women Embroidered 3 Piece Straight Kurta Set,BUTTERBYTE STORE,BB-KURTAS-015,1b76098d-5b6f-47c7-808b-67caf0b8c0d8,"Discover the Blue Women Embroidered 3 Piece Straight Kurta Set from BUTTERBYTE STORE — a thoughtfully designed kurta set crafted for the modern Indian wardrobe. Made with premium, breathable fabric and finished with meticulous tailoring, this Blue Women Embroidered 3 Piece Straight Kurta Set blends contemporary design with timeless ethnic sensibility — ideal for festive occasions, everyday wear, gifting and special celebrations.

Key Highlights:
• Premium soft-touch fabric with a comfortable hand feel
• Tailored fit designed for all-day comfort and easy movement
• Durable double-stitched seams and color-fast dyes for long-lasting wear
• Easy care — machine washable, low maintenance
• Versatile styling — pair with traditional or contemporary essentials

Why shop the Blue Women Embroidered 3 Piece Straight Kurta Set at BUTTERBYTE STORE? Enjoy authentic quality, pan-India shipping, secure checkout, easy 7-day returns and dedicated customer support. Elevate your ethnic and everyday wardrobe with BUTTERBYTE STORE — premium fashion for the modern Indian.",937.50,750.00,20,25,In Stock,f,f,f,4.3,0,2026-05-30 23:57:32.200598+00
8611e2e8-8bea-42a7-abb9-26750235bfc7,purple-women-embroidered-straight-kurta-suit-set,Purple Women Embroidered Straight Kurta Suit Set,BUTTERBYTE STORE,BB-KURTAS-016,1b76098d-5b6f-47c7-808b-67caf0b8c0d8,"Discover the Purple Women Embroidered Straight Kurta Suit Set from BUTTERBYTE STORE — a thoughtfully designed kurta set crafted for the modern Indian wardrobe. Made with premium, breathable fabric and finished with meticulous tailoring, this Purple Women Embroidered Straight Kurta Suit Set blends contemporary design with timeless ethnic sensibility — ideal for festive occasions, everyday wear, gifting and special celebrations.

Key Highlights:
• Premium soft-touch fabric with a comfortable hand feel
• Tailored fit designed for all-day comfort and easy movement
• Durable double-stitched seams and color-fast dyes for long-lasting wear
• Easy care — machine washable, low maintenance
• Versatile styling — pair with traditional or contemporary essentials

Why shop the Purple Women Embroidered Straight Kurta Suit Set at BUTTERBYTE STORE? Enjoy authentic quality, pan-India shipping, secure checkout, easy 7-day returns and dedicated customer support. Elevate your ethnic and everyday wardrobe with BUTTERBYTE STORE — premium fashion for the modern Indian.",937.50,750.00,20,25,In Stock,f,f,f,4.3,0,2026-05-30 23:57:32.269595+00
d3cc250e-7210-432c-b828-eff054bc2024,women-embroidered-straight-kurta-suit-set,Women Embroidered Straight Kurta Suit Set,BUTTERBYTE STORE,BB-KURTAS-017,1b76098d-5b6f-47c7-808b-67caf0b8c0d8,"Discover the Women Embroidered Straight Kurta Suit Set from BUTTERBYTE STORE — a thoughtfully designed kurta set crafted for the modern Indian wardrobe. Made with premium, breathable fabric and finished with meticulous tailoring, this Women Embroidered Straight Kurta Suit Set blends contemporary design with timeless ethnic sensibility — ideal for festive occasions, everyday wear, gifting and special celebrations.

Key Highlights:
• Premium soft-touch fabric with a comfortable hand feel
• Tailored fit designed for all-day comfort and easy movement
• Durable double-stitched seams and color-fast dyes for long-lasting wear
• Easy care — machine washable, low maintenance
• Versatile styling — pair with traditional or contemporary essentials

Why shop the Women Embroidered Straight Kurta Suit Set at BUTTERBYTE STORE? Enjoy authentic quality, pan-India shipping, secure checkout, easy 7-day returns and dedicated customer support. Elevate your ethnic and everyday wardrobe with BUTTERBYTE STORE — premium fashion for the modern Indian.",625.00,500.00,20,25,In Stock,f,f,f,4.3,0,2026-05-30 23:57:32.338332+00
ccdb8f7e-6e02-49d2-94fe-5730d1c98aa6,white-women-floral-print-straight-kurta-suit-set,White Women Floral Print Straight Kurta Suit Set,BUTTERBYTE STORE,BB-KURTAS-018,1b76098d-5b6f-47c7-808b-67caf0b8c0d8,"Discover the White Women Floral Print Straight Kurta Suit Set from BUTTERBYTE STORE — a thoughtfully designed kurta set crafted for the modern Indian wardrobe. Made with premium, breathable fabric and finished with meticulous tailoring, this White Women Floral Print Straight Kurta Suit Set blends contemporary design with timeless ethnic sensibility — ideal for festive occasions, everyday wear, gifting and special celebrations.

Key Highlights:
• Premium soft-touch fabric with a comfortable hand feel
• Tailored fit designed for all-day comfort and easy movement
• Durable double-stitched seams and color-fast dyes for long-lasting wear
• Easy care — machine washable, low maintenance
• Versatile styling — pair with traditional or contemporary essentials

Why shop the White Women Floral Print Straight Kurta Suit Set at BUTTERBYTE STORE? Enjoy authentic quality, pan-India shipping, secure checkout, easy 7-day returns and dedicated customer support. Elevate your ethnic and everyday wardrobe with BUTTERBYTE STORE — premium fashion for the modern Indian.",1187.50,950.00,20,25,In Stock,f,f,f,4.3,0,2026-05-30 23:57:32.407516+00
8156bf3d-6412-49de-a65c-4c5810c67240,pink-women-embroidered-flared-kurta-with-skirt-dupatta,Pink Women Embroidered Flared Kurta With Skirt & Dupatta,BUTTERBYTE STORE,BB-KURTAS-019,1b76098d-5b6f-47c7-808b-67caf0b8c0d8,"Discover the Pink Women Embroidered Flared Kurta With Skirt & Dupatta from BUTTERBYTE STORE — a thoughtfully designed kurta set crafted for the modern Indian wardrobe. Made with premium, breathable fabric and finished with meticulous tailoring, this Pink Women Embroidered Flared Kurta With Skirt & Dupatta blends contemporary design with timeless ethnic sensibility — ideal for festive occasions, everyday wear, gifting and special celebrations.

Key Highlights:
• Premium soft-touch fabric with a comfortable hand feel
• Tailored fit designed for all-day comfort and easy movement
• Durable double-stitched seams and color-fast dyes for long-lasting wear
• Easy care — machine washable, low maintenance
• Versatile styling — pair with traditional or contemporary essentials

Why shop the Pink Women Embroidered Flared Kurta With Skirt & Dupatta at BUTTERBYTE STORE? Enjoy authentic quality, pan-India shipping, secure checkout, easy 7-day returns and dedicated customer support. Elevate your ethnic and everyday wardrobe with BUTTERBYTE STORE — premium fashion for the modern Indian.",1125.00,900.00,20,25,In Stock,f,f,f,4.3,0,2026-05-30 23:57:32.476292+00
a70b39ea-dbb3-4a79-8b6c-c7fc76d1eabc,brown-women-leaf-print-straight-kurta-suit-set,Brown Women Leaf Print Straight Kurta Suit Set,BUTTERBYTE STORE,BB-KURTAS-020,1b76098d-5b6f-47c7-808b-67caf0b8c0d8,"Discover the Brown Women Leaf Print Straight Kurta Suit Set from BUTTERBYTE STORE — a thoughtfully designed kurta set crafted for the modern Indian wardrobe. Made with premium, breathable fabric and finished with meticulous tailoring, this Brown Women Leaf Print Straight Kurta Suit Set blends contemporary design with timeless ethnic sensibility — ideal for festive occasions, everyday wear, gifting and special celebrations.

Key Highlights:
• Premium soft-touch fabric with a comfortable hand feel
• Tailored fit designed for all-day comfort and easy movement
• Durable double-stitched seams and color-fast dyes for long-lasting wear
• Easy care — machine washable, low maintenance
• Versatile styling — pair with traditional or contemporary essentials

Why shop the Brown Women Leaf Print Straight Kurta Suit Set at BUTTERBYTE STORE? Enjoy authentic quality, pan-India shipping, secure checkout, easy 7-day returns and dedicated customer support. Elevate your ethnic and everyday wardrobe with BUTTERBYTE STORE — premium fashion for the modern Indian.",875.00,700.00,20,25,In Stock,f,f,f,4.3,0,2026-05-30 23:57:32.545302+00
d29dafb8-40d2-4619-82ae-584887649ec1,orange-women-printed-2-piece-straight-kurta-set,Orange Women Printed 2 Piece Straight Kurta Set,BUTTERBYTE STORE,BB-KURTAS-021,1b76098d-5b6f-47c7-808b-67caf0b8c0d8,"Discover the Orange Women Printed 2 Piece Straight Kurta Set from BUTTERBYTE STORE — a thoughtfully designed kurta set crafted for the modern Indian wardrobe. Made with premium, breathable fabric and finished with meticulous tailoring, this Orange Women Printed 2 Piece Straight Kurta Set blends contemporary design with timeless ethnic sensibility — ideal for festive occasions, everyday wear, gifting and special celebrations.

Key Highlights:
• Premium soft-touch fabric with a comfortable hand feel
• Tailored fit designed for all-day comfort and easy movement
• Durable double-stitched seams and color-fast dyes for long-lasting wear
• Easy care — machine washable, low maintenance
• Versatile styling — pair with traditional or contemporary essentials

Why shop the Orange Women Printed 2 Piece Straight Kurta Set at BUTTERBYTE STORE? Enjoy authentic quality, pan-India shipping, secure checkout, easy 7-day returns and dedicated customer support. Elevate your ethnic and everyday wardrobe with BUTTERBYTE STORE — premium fashion for the modern Indian.",1375.00,1100.00,20,25,In Stock,f,f,f,4.3,0,2026-05-30 23:57:32.614151+00
ed3b80e5-28d6-4dfe-8786-9c5c7b170734,peach-women-embroidery-straight-kurta-set,Peach Women Embroidery Straight Kurta Set,BUTTERBYTE STORE,BB-KURTAS-022,1b76098d-5b6f-47c7-808b-67caf0b8c0d8,"Discover the Peach Women Embroidery Straight Kurta Set from BUTTERBYTE STORE — a thoughtfully designed kurta set crafted for the modern Indian wardrobe. Made with premium, breathable fabric and finished with meticulous tailoring, this Peach Women Embroidery Straight Kurta Set blends contemporary design with timeless ethnic sensibility — ideal for festive occasions, everyday wear, gifting and special celebrations.

Key Highlights:
• Premium soft-touch fabric with a comfortable hand feel
• Tailored fit designed for all-day comfort and easy movement
• Durable double-stitched seams and color-fast dyes for long-lasting wear
• Easy care — machine washable, low maintenance
• Versatile styling — pair with traditional or contemporary essentials

Why shop the Peach Women Embroidery Straight Kurta Set at BUTTERBYTE STORE? Enjoy authentic quality, pan-India shipping, secure checkout, easy 7-day returns and dedicated customer support. Elevate your ethnic and everyday wardrobe with BUTTERBYTE STORE — premium fashion for the modern Indian.",2187.50,1750.00,20,25,In Stock,f,f,f,4.3,0,2026-05-30 23:57:32.683188+00
d50d096d-d407-4f88-b65a-a96794091db1,green-women-leaf-print-straight-kurta-set,Green Women Leaf Print Straight Kurta Set,BUTTERBYTE STORE,BB-KURTAS-023,1b76098d-5b6f-47c7-808b-67caf0b8c0d8,"Discover the Green Women Leaf Print Straight Kurta Set from BUTTERBYTE STORE — a thoughtfully designed kurta set crafted for the modern Indian wardrobe. Made with premium, breathable fabric and finished with meticulous tailoring, this Green Women Leaf Print Straight Kurta Set blends contemporary design with timeless ethnic sensibility — ideal for festive occasions, everyday wear, gifting and special celebrations.

Key Highlights:
• Premium soft-touch fabric with a comfortable hand feel
• Tailored fit designed for all-day comfort and easy movement
• Durable double-stitched seams and color-fast dyes for long-lasting wear
• Easy care — machine washable, low maintenance
• Versatile styling — pair with traditional or contemporary essentials

Why shop the Green Women Leaf Print Straight Kurta Set at BUTTERBYTE STORE? Enjoy authentic quality, pan-India shipping, secure checkout, easy 7-day returns and dedicated customer support. Elevate your ethnic and everyday wardrobe with BUTTERBYTE STORE — premium fashion for the modern Indian.",5000.00,4000.00,20,25,In Stock,f,f,f,4.3,0,2026-05-30 23:57:32.751967+00
6503fedd-447d-4717-99f7-0756184e5246,women-floral-print-straight-kurta-pants-set,Women Floral Print Straight Kurta & Pants Set,BUTTERBYTE STORE,BB-KURTAS-024,1b76098d-5b6f-47c7-808b-67caf0b8c0d8,"Discover the Women Floral Print Straight Kurta & Pants Set from BUTTERBYTE STORE — a thoughtfully designed kurta set crafted for the modern Indian wardrobe. Made with premium, breathable fabric and finished with meticulous tailoring, this Women Floral Print Straight Kurta & Pants Set blends contemporary design with timeless ethnic sensibility — ideal for festive occasions, everyday wear, gifting and special celebrations.

Key Highlights:
• Premium soft-touch fabric with a comfortable hand feel
• Tailored fit designed for all-day comfort and easy movement
• Durable double-stitched seams and color-fast dyes for long-lasting wear
• Easy care — machine washable, low maintenance
• Versatile styling — pair with traditional or contemporary essentials

Why shop the Women Floral Print Straight Kurta & Pants Set at BUTTERBYTE STORE? Enjoy authentic quality, pan-India shipping, secure checkout, easy 7-day returns and dedicated customer support. Elevate your ethnic and everyday wardrobe with BUTTERBYTE STORE — premium fashion for the modern Indian.",1812.50,1450.00,20,25,In Stock,f,f,f,4.3,0,2026-05-30 23:57:32.821292+00
9deb8796-23f3-454c-a583-d8f3f6f75afd,brown-women-embroidered-3-piece-kurta-suit-set,Brown Women Embroidered 3 Piece Kurta Suit Set,BUTTERBYTE STORE,BB-KURTAS-025,1b76098d-5b6f-47c7-808b-67caf0b8c0d8,"Discover the Brown Women Embroidered 3 Piece Kurta Suit Set from BUTTERBYTE STORE — a thoughtfully designed kurta set crafted for the modern Indian wardrobe. Made with premium, breathable fabric and finished with meticulous tailoring, this Brown Women Embroidered 3 Piece Kurta Suit Set blends contemporary design with timeless ethnic sensibility — ideal for festive occasions, everyday wear, gifting and special celebrations.

Key Highlights:
• Premium soft-touch fabric with a comfortable hand feel
• Tailored fit designed for all-day comfort and easy movement
• Durable double-stitched seams and color-fast dyes for long-lasting wear
• Easy care — machine washable, low maintenance
• Versatile styling — pair with traditional or contemporary essentials

Why shop the Brown Women Embroidered 3 Piece Kurta Suit Set at BUTTERBYTE STORE? Enjoy authentic quality, pan-India shipping, secure checkout, easy 7-day returns and dedicated customer support. Elevate your ethnic and everyday wardrobe with BUTTERBYTE STORE — premium fashion for the modern Indian.",937.50,750.00,20,25,In Stock,f,f,f,4.3,0,2026-05-30 23:57:32.890266+00
d24908b0-4db5-43d8-8adc-65e1f5f68511,maroon-women-embroidered-anarkali-kurta-suit-set,Maroon Women Embroidered Anarkali Kurta Suit Set,BUTTERBYTE STORE,BB-KURTAS-026,1b76098d-5b6f-47c7-808b-67caf0b8c0d8,"Discover the Maroon Women Embroidered Anarkali Kurta Suit Set from BUTTERBYTE STORE — a thoughtfully designed kurta set crafted for the modern Indian wardrobe. Made with premium, breathable fabric and finished with meticulous tailoring, this Maroon Women Embroidered Anarkali Kurta Suit Set blends contemporary design with timeless ethnic sensibility — ideal for festive occasions, everyday wear, gifting and special celebrations.

Key Highlights:
• Premium soft-touch fabric with a comfortable hand feel
• Tailored fit designed for all-day comfort and easy movement
• Durable double-stitched seams and color-fast dyes for long-lasting wear
• Easy care — machine washable, low maintenance
• Versatile styling — pair with traditional or contemporary essentials

Why shop the Maroon Women Embroidered Anarkali Kurta Suit Set at BUTTERBYTE STORE? Enjoy authentic quality, pan-India shipping, secure checkout, easy 7-day returns and dedicated customer support. Elevate your ethnic and everyday wardrobe with BUTTERBYTE STORE — premium fashion for the modern Indian.",2375.00,1900.00,20,25,In Stock,f,f,f,4.3,0,2026-05-30 23:57:32.959745+00
3947cf40-2eaa-4fc5-ad03-3cfd3e365337,mustard-women-embroidered-straight-kurta-suit-set,Mustard Women Embroidered Straight Kurta Suit Set,BUTTERBYTE STORE,BB-KURTAS-027,1b76098d-5b6f-47c7-808b-67caf0b8c0d8,"Discover the Mustard Women Embroidered Straight Kurta Suit Set from BUTTERBYTE STORE — a thoughtfully designed kurta set crafted for the modern Indian wardrobe. Made with premium, breathable fabric and finished with meticulous tailoring, this Mustard Women Embroidered Straight Kurta Suit Set blends contemporary design with timeless ethnic sensibility — ideal for festive occasions, everyday wear, gifting and special celebrations.

Key Highlights:
• Premium soft-touch fabric with a comfortable hand feel
• Tailored fit designed for all-day comfort and easy movement
• Durable double-stitched seams and color-fast dyes for long-lasting wear
• Easy care — machine washable, low maintenance
• Versatile styling — pair with traditional or contemporary essentials

Why shop the Mustard Women Embroidered Straight Kurta Suit Set at BUTTERBYTE STORE? Enjoy authentic quality, pan-India shipping, secure checkout, easy 7-day returns and dedicated customer support. Elevate your ethnic and everyday wardrobe with BUTTERBYTE STORE — premium fashion for the modern Indian.",1000.00,800.00,20,25,In Stock,f,f,f,4.3,0,2026-05-30 23:57:33.029222+00
70dd98d2-c3a5-4471-9c7d-aab381862238,black-women-floral-print-straight-kurta-set,Black Women Floral Print Straight Kurta Set,BUTTERBYTE STORE,BB-KURTAS-028,1b76098d-5b6f-47c7-808b-67caf0b8c0d8,"Discover the Black Women Floral Print Straight Kurta Set from BUTTERBYTE STORE — a thoughtfully designed kurta set crafted for the modern Indian wardrobe. Made with premium, breathable fabric and finished with meticulous tailoring, this Black Women Floral Print Straight Kurta Set blends contemporary design with timeless ethnic sensibility — ideal for festive occasions, everyday wear, gifting and special celebrations.

Key Highlights:
• Premium soft-touch fabric with a comfortable hand feel
• Tailored fit designed for all-day comfort and easy movement
• Durable double-stitched seams and color-fast dyes for long-lasting wear
• Easy care — machine washable, low maintenance
• Versatile styling — pair with traditional or contemporary essentials

Why shop the Black Women Floral Print Straight Kurta Set at BUTTERBYTE STORE? Enjoy authentic quality, pan-India shipping, secure checkout, easy 7-day returns and dedicated customer support. Elevate your ethnic and everyday wardrobe with BUTTERBYTE STORE — premium fashion for the modern Indian.",2000.00,1600.00,20,25,In Stock,f,f,f,4.3,0,2026-05-30 23:57:33.098463+00
9d0436d7-958f-4f16-8f90-3d11025d3a09,red-women-a-line-kurta-with-palazzos,Red Women A Line Kurta With Palazzos,BUTTERBYTE STORE,BB-KURTAS-029,1b76098d-5b6f-47c7-808b-67caf0b8c0d8,"Discover the Red Women A Line Kurta With Palazzos from BUTTERBYTE STORE — a thoughtfully designed kurta set crafted for the modern Indian wardrobe. Made with premium, breathable fabric and finished with meticulous tailoring, this Red Women A Line Kurta With Palazzos blends contemporary design with timeless ethnic sensibility — ideal for festive occasions, everyday wear, gifting and special celebrations.

Key Highlights:
• Premium soft-touch fabric with a comfortable hand feel
• Tailored fit designed for all-day comfort and easy movement
• Durable double-stitched seams and color-fast dyes for long-lasting wear
• Easy care — machine washable, low maintenance
• Versatile styling — pair with traditional or contemporary essentials

Why shop the Red Women A Line Kurta With Palazzos at BUTTERBYTE STORE? Enjoy authentic quality, pan-India shipping, secure checkout, easy 7-day returns and dedicated customer support. Elevate your ethnic and everyday wardrobe with BUTTERBYTE STORE — premium fashion for the modern Indian.",1500.00,1200.00,20,25,In Stock,f,f,f,4.3,0,2026-05-30 23:57:33.167443+00
bf71f366-cda0-4a33-837e-a6df65b7f8e9,brown-women-straight-kurta-set-2,Brown Women Straight Kurta Set,BUTTERBYTE STORE,BB-KURTAS-030,1b76098d-5b6f-47c7-808b-67caf0b8c0d8,"Discover the Brown Women Straight Kurta Set from BUTTERBYTE STORE — a thoughtfully designed kurta set crafted for the modern Indian wardrobe. Made with premium, breathable fabric and finished with meticulous tailoring, this Brown Women Straight Kurta Set blends contemporary design with timeless ethnic sensibility — ideal for festive occasions, everyday wear, gifting and special celebrations.

Key Highlights:
• Premium soft-touch fabric with a comfortable hand feel
• Tailored fit designed for all-day comfort and easy movement
• Durable double-stitched seams and color-fast dyes for long-lasting wear
• Easy care — machine washable, low maintenance
• Versatile styling — pair with traditional or contemporary essentials

Why shop the Brown Women Straight Kurta Set at BUTTERBYTE STORE? Enjoy authentic quality, pan-India shipping, secure checkout, easy 7-day returns and dedicated customer support. Elevate your ethnic and everyday wardrobe with BUTTERBYTE STORE — premium fashion for the modern Indian.",750.00,600.00,20,25,In Stock,f,f,f,4.3,0,2026-05-30 23:57:33.236516+00
e9fb43ef-5ef5-4b87-b3d0-e37dd5d501de,peach-women-indian-anarkali-kurta-set,Peach Women Indian Anarkali Kurta Set,BUTTERBYTE STORE,BB-KURTAS-031,1b76098d-5b6f-47c7-808b-67caf0b8c0d8,"Discover the Peach Women Indian Anarkali Kurta Set from BUTTERBYTE STORE — a thoughtfully designed kurta set crafted for the modern Indian wardrobe. Made with premium, breathable fabric and finished with meticulous tailoring, this Peach Women Indian Anarkali Kurta Set blends contemporary design with timeless ethnic sensibility — ideal for festive occasions, everyday wear, gifting and special celebrations.

Key Highlights:
• Premium soft-touch fabric with a comfortable hand feel
• Tailored fit designed for all-day comfort and easy movement
• Durable double-stitched seams and color-fast dyes for long-lasting wear
• Easy care — machine washable, low maintenance
• Versatile styling — pair with traditional or contemporary essentials

Why shop the Peach Women Indian Anarkali Kurta Set at BUTTERBYTE STORE? Enjoy authentic quality, pan-India shipping, secure checkout, easy 7-day returns and dedicated customer support. Elevate your ethnic and everyday wardrobe with BUTTERBYTE STORE — premium fashion for the modern Indian.",1375.00,1100.00,20,25,In Stock,f,f,f,4.3,0,2026-05-30 23:57:33.305855+00
3cbe8c33-f18c-4b67-bc37-5208bef53e43,white-women-checked-flared-tunic,White Women Checked Flared Tunic,BUTTERBYTE STORE,BB-KURTI-001,29efa722-fa1f-464e-a05b-743d1263f8ac,"Discover the White Women Checked Flared Tunic from BUTTERBYTE STORE — a thoughtfully designed kurti crafted for the modern Indian wardrobe. Made with premium, breathable fabric and finished with meticulous tailoring, this White Women Checked Flared Tunic blends contemporary design with timeless ethnic sensibility — ideal for festive occasions, everyday wear, gifting and special celebrations.

Key Highlights:
• Premium soft-touch fabric with a comfortable hand feel
• Tailored fit designed for all-day comfort and easy movement
• Durable double-stitched seams and color-fast dyes for long-lasting wear
• Easy care — machine washable, low maintenance
• Versatile styling — pair with traditional or contemporary essentials

Why shop the White Women Checked Flared Tunic at BUTTERBYTE STORE? Enjoy authentic quality, pan-India shipping, secure checkout, easy 7-day returns and dedicated customer support. Elevate your ethnic and everyday wardrobe with BUTTERBYTE STORE — premium fashion for the modern Indian.",1000.00,800.00,20,25,In Stock,t,f,f,4.3,0,2026-05-30 23:57:33.374978+00
093dbd8b-aae9-4d6b-88f9-d24de1a81e7f,black-women-floral-print-pintucks-a-line-tunic,Black Women Floral Print Pintucks A Line Tunic,BUTTERBYTE STORE,BB-KURTI-002,29efa722-fa1f-464e-a05b-743d1263f8ac,"Discover the Black Women Floral Print Pintucks A Line Tunic from BUTTERBYTE STORE — a thoughtfully designed kurti crafted for the modern Indian wardrobe. Made with premium, breathable fabric and finished with meticulous tailoring, this Black Women Floral Print Pintucks A Line Tunic blends contemporary design with timeless ethnic sensibility — ideal for festive occasions, everyday wear, gifting and special celebrations.

Key Highlights:
• Premium soft-touch fabric with a comfortable hand feel
• Tailored fit designed for all-day comfort and easy movement
• Durable double-stitched seams and color-fast dyes for long-lasting wear
• Easy care — machine washable, low maintenance
• Versatile styling — pair with traditional or contemporary essentials

Why shop the Black Women Floral Print Pintucks A Line Tunic at BUTTERBYTE STORE? Enjoy authentic quality, pan-India shipping, secure checkout, easy 7-day returns and dedicated customer support. Elevate your ethnic and everyday wardrobe with BUTTERBYTE STORE — premium fashion for the modern Indian.",750.00,600.00,20,25,In Stock,t,f,f,4.3,0,2026-05-30 23:57:33.444265+00
32d2d2b3-f7e4-47c8-b837-d907768fd67e,women-floral-print-a-line-tunic,Women Floral Print A Line Tunic,BUTTERBYTE STORE,BB-KURTI-003,29efa722-fa1f-464e-a05b-743d1263f8ac,"Discover the Women Floral Print A Line Tunic from BUTTERBYTE STORE — a thoughtfully designed kurti crafted for the modern Indian wardrobe. Made with premium, breathable fabric and finished with meticulous tailoring, this Women Floral Print A Line Tunic blends contemporary design with timeless ethnic sensibility — ideal for festive occasions, everyday wear, gifting and special celebrations.

Key Highlights:
• Premium soft-touch fabric with a comfortable hand feel
• Tailored fit designed for all-day comfort and easy movement
• Durable double-stitched seams and color-fast dyes for long-lasting wear
• Easy care — machine washable, low maintenance
• Versatile styling — pair with traditional or contemporary essentials

Why shop the Women Floral Print A Line Tunic at BUTTERBYTE STORE? Enjoy authentic quality, pan-India shipping, secure checkout, easy 7-day returns and dedicated customer support. Elevate your ethnic and everyday wardrobe with BUTTERBYTE STORE — premium fashion for the modern Indian.",1187.50,950.00,20,25,In Stock,t,f,f,4.3,0,2026-05-30 23:57:33.514861+00
6026a3d3-6c65-4bef-abfd-854d88f119ba,white-kurti-with-mandarin-collar,White Kurti With Mandarin Collar,BUTTERBYTE STORE,BB-KURTI-004,29efa722-fa1f-464e-a05b-743d1263f8ac,"Discover the White Kurti With Mandarin Collar from BUTTERBYTE STORE — a thoughtfully designed kurti crafted for the modern Indian wardrobe. Made with premium, breathable fabric and finished with meticulous tailoring, this White Kurti With Mandarin Collar blends contemporary design with timeless ethnic sensibility — ideal for festive occasions, everyday wear, gifting and special celebrations.

Key Highlights:
• Premium soft-touch fabric with a comfortable hand feel
• Tailored fit designed for all-day comfort and easy movement
• Durable double-stitched seams and color-fast dyes for long-lasting wear
• Easy care — machine washable, low maintenance
• Versatile styling — pair with traditional or contemporary essentials

Why shop the White Kurti With Mandarin Collar at BUTTERBYTE STORE? Enjoy authentic quality, pan-India shipping, secure checkout, easy 7-day returns and dedicated customer support. Elevate your ethnic and everyday wardrobe with BUTTERBYTE STORE — premium fashion for the modern Indian.",937.50,750.00,20,25,In Stock,t,f,f,4.3,0,2026-05-30 23:57:33.583812+00
8c964023-4647-4131-91d1-b3aecf03cb36,pink-women-floral-print-tunic,Pink Women Floral Print Tunic,BUTTERBYTE STORE,BB-KURTI-005,29efa722-fa1f-464e-a05b-743d1263f8ac,"Discover the Pink Women Floral Print Tunic from BUTTERBYTE STORE — a thoughtfully designed kurti crafted for the modern Indian wardrobe. Made with premium, breathable fabric and finished with meticulous tailoring, this Pink Women Floral Print Tunic blends contemporary design with timeless ethnic sensibility — ideal for festive occasions, everyday wear, gifting and special celebrations.

Key Highlights:
• Premium soft-touch fabric with a comfortable hand feel
• Tailored fit designed for all-day comfort and easy movement
• Durable double-stitched seams and color-fast dyes for long-lasting wear
• Easy care — machine washable, low maintenance
• Versatile styling — pair with traditional or contemporary essentials

Why shop the Pink Women Floral Print Tunic at BUTTERBYTE STORE? Enjoy authentic quality, pan-India shipping, secure checkout, easy 7-day returns and dedicated customer support. Elevate your ethnic and everyday wardrobe with BUTTERBYTE STORE — premium fashion for the modern Indian.",937.50,750.00,20,25,In Stock,f,t,f,4.3,0,2026-05-30 23:57:33.652755+00
0e705831-d11f-4977-a63d-fb5b959324ce,blue-floral-print-shirt-tunic-with-insert-pocket,Blue Floral Print Shirt Tunic With Insert Pocket,BUTTERBYTE STORE,BB-KURTI-006,29efa722-fa1f-464e-a05b-743d1263f8ac,"Discover the Blue Floral Print Shirt Tunic With Insert Pocket from BUTTERBYTE STORE — a thoughtfully designed kurti crafted for the modern Indian wardrobe. Made with premium, breathable fabric and finished with meticulous tailoring, this Blue Floral Print Shirt Tunic With Insert Pocket blends contemporary design with timeless ethnic sensibility — ideal for festive occasions, everyday wear, gifting and special celebrations.

Key Highlights:
• Premium soft-touch fabric with a comfortable hand feel
• Tailored fit designed for all-day comfort and easy movement
• Durable double-stitched seams and color-fast dyes for long-lasting wear
• Easy care — machine washable, low maintenance
• Versatile styling — pair with traditional or contemporary essentials

Why shop the Blue Floral Print Shirt Tunic With Insert Pocket at BUTTERBYTE STORE? Enjoy authentic quality, pan-India shipping, secure checkout, easy 7-day returns and dedicated customer support. Elevate your ethnic and everyday wardrobe with BUTTERBYTE STORE — premium fashion for the modern Indian.",3125.00,2500.00,20,25,In Stock,f,t,f,4.3,0,2026-05-30 23:57:33.722682+00
275248e1-f3fe-4f66-aa11-495c5f8abccf,women-floral-print-a-line-kurti,Women Floral Print A Line Kurti,BUTTERBYTE STORE,BB-KURTI-007,29efa722-fa1f-464e-a05b-743d1263f8ac,"Discover the Women Floral Print A Line Kurti from BUTTERBYTE STORE — a thoughtfully designed kurti crafted for the modern Indian wardrobe. Made with premium, breathable fabric and finished with meticulous tailoring, this Women Floral Print A Line Kurti blends contemporary design with timeless ethnic sensibility — ideal for festive occasions, everyday wear, gifting and special celebrations.

Key Highlights:
• Premium soft-touch fabric with a comfortable hand feel
• Tailored fit designed for all-day comfort and easy movement
• Durable double-stitched seams and color-fast dyes for long-lasting wear
• Easy care — machine washable, low maintenance
• Versatile styling — pair with traditional or contemporary essentials

Why shop the Women Floral Print A Line Kurti at BUTTERBYTE STORE? Enjoy authentic quality, pan-India shipping, secure checkout, easy 7-day returns and dedicated customer support. Elevate your ethnic and everyday wardrobe with BUTTERBYTE STORE — premium fashion for the modern Indian.",1875.00,1500.00,20,25,In Stock,f,t,f,4.3,0,2026-05-30 23:57:33.791578+00
66a24833-5403-4062-b5c6-b2a261c537bc,pink-polyester-straight-kurti,Pink Polyester Straight Kurti,BUTTERBYTE STORE,BB-KURTI-008,29efa722-fa1f-464e-a05b-743d1263f8ac,"Discover the Pink Polyester Straight Kurti from BUTTERBYTE STORE — a thoughtfully designed kurti crafted for the modern Indian wardrobe. Made with premium, breathable fabric and finished with meticulous tailoring, this Pink Polyester Straight Kurti blends contemporary design with timeless ethnic sensibility — ideal for festive occasions, everyday wear, gifting and special celebrations.

Key Highlights:
• Premium soft-touch fabric with a comfortable hand feel
• Tailored fit designed for all-day comfort and easy movement
• Durable double-stitched seams and color-fast dyes for long-lasting wear
• Easy care — machine washable, low maintenance
• Versatile styling — pair with traditional or contemporary essentials

Why shop the Pink Polyester Straight Kurti at BUTTERBYTE STORE? Enjoy authentic quality, pan-India shipping, secure checkout, easy 7-day returns and dedicated customer support. Elevate your ethnic and everyday wardrobe with BUTTERBYTE STORE — premium fashion for the modern Indian.",2062.50,1650.00,20,25,In Stock,f,t,f,4.3,0,2026-05-30 23:57:33.861415+00
606f5c28-ce68-4701-8772-72b3612813b0,navy-blue-women-notch-neck-a-line-tunic,Navy Blue Women Notch Neck A Line Tunic,BUTTERBYTE STORE,BB-KURTI-009,29efa722-fa1f-464e-a05b-743d1263f8ac,"Discover the Navy Blue Women Notch Neck A Line Tunic from BUTTERBYTE STORE — a thoughtfully designed kurti crafted for the modern Indian wardrobe. Made with premium, breathable fabric and finished with meticulous tailoring, this Navy Blue Women Notch Neck A Line Tunic blends contemporary design with timeless ethnic sensibility — ideal for festive occasions, everyday wear, gifting and special celebrations.

Key Highlights:
• Premium soft-touch fabric with a comfortable hand feel
• Tailored fit designed for all-day comfort and easy movement
• Durable double-stitched seams and color-fast dyes for long-lasting wear
• Easy care — machine washable, low maintenance
• Versatile styling — pair with traditional or contemporary essentials

Why shop the Navy Blue Women Notch Neck A Line Tunic at BUTTERBYTE STORE? Enjoy authentic quality, pan-India shipping, secure checkout, easy 7-day returns and dedicated customer support. Elevate your ethnic and everyday wardrobe with BUTTERBYTE STORE — premium fashion for the modern Indian.",1000.00,800.00,20,25,In Stock,f,t,f,4.3,0,2026-05-30 23:57:33.931173+00
c153bbde-8725-4099-8856-adef038c99a4,green-women-embroidered-kurti,Green Women Embroidered Kurti,BUTTERBYTE STORE,BB-KURTI-010,29efa722-fa1f-464e-a05b-743d1263f8ac,"Discover the Green Women Embroidered Kurti from BUTTERBYTE STORE — a thoughtfully designed kurti crafted for the modern Indian wardrobe. Made with premium, breathable fabric and finished with meticulous tailoring, this Green Women Embroidered Kurti blends contemporary design with timeless ethnic sensibility — ideal for festive occasions, everyday wear, gifting and special celebrations.

Key Highlights:
• Premium soft-touch fabric with a comfortable hand feel
• Tailored fit designed for all-day comfort and easy movement
• Durable double-stitched seams and color-fast dyes for long-lasting wear
• Easy care — machine washable, low maintenance
• Versatile styling — pair with traditional or contemporary essentials

Why shop the Green Women Embroidered Kurti at BUTTERBYTE STORE? Enjoy authentic quality, pan-India shipping, secure checkout, easy 7-day returns and dedicated customer support. Elevate your ethnic and everyday wardrobe with BUTTERBYTE STORE — premium fashion for the modern Indian.",1750.00,1400.00,20,25,In Stock,f,f,t,4.3,0,2026-05-30 23:57:34.001419+00
362ca329-4d7f-49a2-9278-0ecd5419ecda,peach-women-geometric-print-staright-tunic,Peach Women Geometric Print Staright Tunic,BUTTERBYTE STORE,BB-KURTI-011,29efa722-fa1f-464e-a05b-743d1263f8ac,"Discover the Peach Women Geometric Print Staright Tunic from BUTTERBYTE STORE — a thoughtfully designed kurti crafted for the modern Indian wardrobe. Made with premium, breathable fabric and finished with meticulous tailoring, this Peach Women Geometric Print Staright Tunic blends contemporary design with timeless ethnic sensibility — ideal for festive occasions, everyday wear, gifting and special celebrations.

Key Highlights:
• Premium soft-touch fabric with a comfortable hand feel
• Tailored fit designed for all-day comfort and easy movement
• Durable double-stitched seams and color-fast dyes for long-lasting wear
• Easy care — machine washable, low maintenance
• Versatile styling — pair with traditional or contemporary essentials

Why shop the Peach Women Geometric Print Staright Tunic at BUTTERBYTE STORE? Enjoy authentic quality, pan-India shipping, secure checkout, easy 7-day returns and dedicated customer support. Elevate your ethnic and everyday wardrobe with BUTTERBYTE STORE — premium fashion for the modern Indian.",1500.00,1200.00,20,25,In Stock,f,f,t,4.3,0,2026-05-30 23:57:34.070849+00
9c75ea64-cc3f-4e1d-bf79-f25aec82f628,purple-women-floral-print-straight-tunic,Purple Women Floral Print Straight Tunic,BUTTERBYTE STORE,BB-KURTI-012,29efa722-fa1f-464e-a05b-743d1263f8ac,"Discover the Purple Women Floral Print Straight Tunic from BUTTERBYTE STORE — a thoughtfully designed kurti crafted for the modern Indian wardrobe. Made with premium, breathable fabric and finished with meticulous tailoring, this Purple Women Floral Print Straight Tunic blends contemporary design with timeless ethnic sensibility — ideal for festive occasions, everyday wear, gifting and special celebrations.

Key Highlights:
• Premium soft-touch fabric with a comfortable hand feel
• Tailored fit designed for all-day comfort and easy movement
• Durable double-stitched seams and color-fast dyes for long-lasting wear
• Easy care — machine washable, low maintenance
• Versatile styling — pair with traditional or contemporary essentials

Why shop the Purple Women Floral Print Straight Tunic at BUTTERBYTE STORE? Enjoy authentic quality, pan-India shipping, secure checkout, easy 7-day returns and dedicated customer support. Elevate your ethnic and everyday wardrobe with BUTTERBYTE STORE — premium fashion for the modern Indian.",1000.00,800.00,20,25,In Stock,f,f,t,4.3,0,2026-05-30 23:57:34.14021+00
db1d8419-ce76-4bbb-9eb5-e6a764bf30e9,green-women-paisley-print-a-line-tunic,Green Women Paisley Print A Line Tunic,BUTTERBYTE STORE,BB-KURTI-013,29efa722-fa1f-464e-a05b-743d1263f8ac,"Discover the Green Women Paisley Print A Line Tunic from BUTTERBYTE STORE — a thoughtfully designed kurti crafted for the modern Indian wardrobe. Made with premium, breathable fabric and finished with meticulous tailoring, this Green Women Paisley Print A Line Tunic blends contemporary design with timeless ethnic sensibility — ideal for festive occasions, everyday wear, gifting and special celebrations.

Key Highlights:
• Premium soft-touch fabric with a comfortable hand feel
• Tailored fit designed for all-day comfort and easy movement
• Durable double-stitched seams and color-fast dyes for long-lasting wear
• Easy care — machine washable, low maintenance
• Versatile styling — pair with traditional or contemporary essentials

Why shop the Green Women Paisley Print A Line Tunic at BUTTERBYTE STORE? Enjoy authentic quality, pan-India shipping, secure checkout, easy 7-day returns and dedicated customer support. Elevate your ethnic and everyday wardrobe with BUTTERBYTE STORE — premium fashion for the modern Indian.",625.00,500.00,20,25,In Stock,f,f,t,4.3,0,2026-05-30 23:57:34.209565+00
594caa4e-4465-4408-95f4-99e84d8bfd0c,women-embroidered-straight-tunic,Women Embroidered Straight Tunic,BUTTERBYTE STORE,BB-KURTI-014,29efa722-fa1f-464e-a05b-743d1263f8ac,"Discover the Women Embroidered Straight Tunic from BUTTERBYTE STORE — a thoughtfully designed kurti crafted for the modern Indian wardrobe. Made with premium, breathable fabric and finished with meticulous tailoring, this Women Embroidered Straight Tunic blends contemporary design with timeless ethnic sensibility — ideal for festive occasions, everyday wear, gifting and special celebrations.

Key Highlights:
• Premium soft-touch fabric with a comfortable hand feel
• Tailored fit designed for all-day comfort and easy movement
• Durable double-stitched seams and color-fast dyes for long-lasting wear
• Easy care — machine washable, low maintenance
• Versatile styling — pair with traditional or contemporary essentials

Why shop the Women Embroidered Straight Tunic at BUTTERBYTE STORE? Enjoy authentic quality, pan-India shipping, secure checkout, easy 7-day returns and dedicated customer support. Elevate your ethnic and everyday wardrobe with BUTTERBYTE STORE — premium fashion for the modern Indian.",1562.50,1250.00,20,25,In Stock,f,f,t,4.3,0,2026-05-30 23:57:34.278857+00
ce3b1a80-8911-4144-830e-cd67dfcffe81,white-women-paisley-print-straight-tunic,White Women Paisley Print Straight Tunic,BUTTERBYTE STORE,BB-KURTI-015,29efa722-fa1f-464e-a05b-743d1263f8ac,"Discover the White Women Paisley Print Straight Tunic from BUTTERBYTE STORE — a thoughtfully designed kurti crafted for the modern Indian wardrobe. Made with premium, breathable fabric and finished with meticulous tailoring, this White Women Paisley Print Straight Tunic blends contemporary design with timeless ethnic sensibility — ideal for festive occasions, everyday wear, gifting and special celebrations.

Key Highlights:
• Premium soft-touch fabric with a comfortable hand feel
• Tailored fit designed for all-day comfort and easy movement
• Durable double-stitched seams and color-fast dyes for long-lasting wear
• Easy care — machine washable, low maintenance
• Versatile styling — pair with traditional or contemporary essentials

Why shop the White Women Paisley Print Straight Tunic at BUTTERBYTE STORE? Enjoy authentic quality, pan-India shipping, secure checkout, easy 7-day returns and dedicated customer support. Elevate your ethnic and everyday wardrobe with BUTTERBYTE STORE — premium fashion for the modern Indian.",812.50,650.00,20,25,In Stock,f,f,f,4.3,0,2026-05-30 23:57:34.347778+00
b0ed2095-e055-4e49-9cc6-442aaae52bb1,purple-floral-print-a-line-kurta,Purple Floral Print A Line Kurta,BUTTERBYTE STORE,BB-KURTI-016,29efa722-fa1f-464e-a05b-743d1263f8ac,"Discover the Purple Floral Print A Line Kurta from BUTTERBYTE STORE — a thoughtfully designed kurti crafted for the modern Indian wardrobe. Made with premium, breathable fabric and finished with meticulous tailoring, this Purple Floral Print A Line Kurta blends contemporary design with timeless ethnic sensibility — ideal for festive occasions, everyday wear, gifting and special celebrations.

Key Highlights:
• Premium soft-touch fabric with a comfortable hand feel
• Tailored fit designed for all-day comfort and easy movement
• Durable double-stitched seams and color-fast dyes for long-lasting wear
• Easy care — machine washable, low maintenance
• Versatile styling — pair with traditional or contemporary essentials

Why shop the Purple Floral Print A Line Kurta at BUTTERBYTE STORE? Enjoy authentic quality, pan-India shipping, secure checkout, easy 7-day returns and dedicated customer support. Elevate your ethnic and everyday wardrobe with BUTTERBYTE STORE — premium fashion for the modern Indian.",3250.00,2600.00,20,25,In Stock,f,f,f,4.3,0,2026-05-30 23:57:34.41718+00
6f68bd3b-6b08-4eef-98d3-8d526a9bebb8,women-floral-print-georgette-a-line-tunic,Women Floral Print Georgette A Line Tunic,BUTTERBYTE STORE,BB-KURTI-017,29efa722-fa1f-464e-a05b-743d1263f8ac,"Discover the Women Floral Print Georgette A Line Tunic from BUTTERBYTE STORE — a thoughtfully designed kurti crafted for the modern Indian wardrobe. Made with premium, breathable fabric and finished with meticulous tailoring, this Women Floral Print Georgette A Line Tunic blends contemporary design with timeless ethnic sensibility — ideal for festive occasions, everyday wear, gifting and special celebrations.

Key Highlights:
• Premium soft-touch fabric with a comfortable hand feel
• Tailored fit designed for all-day comfort and easy movement
• Durable double-stitched seams and color-fast dyes for long-lasting wear
• Easy care — machine washable, low maintenance
• Versatile styling — pair with traditional or contemporary essentials

Why shop the Women Floral Print Georgette A Line Tunic at BUTTERBYTE STORE? Enjoy authentic quality, pan-India shipping, secure checkout, easy 7-day returns and dedicated customer support. Elevate your ethnic and everyday wardrobe with BUTTERBYTE STORE — premium fashion for the modern Indian.",1062.50,850.00,20,25,In Stock,f,f,f,4.3,0,2026-05-30 23:57:34.488594+00
dd61e631-1382-4faf-84af-b2abe253f1fe,yellow-striped-a-line-kurta,Yellow Striped A Line Kurta,BUTTERBYTE STORE,BB-KURTI-018,29efa722-fa1f-464e-a05b-743d1263f8ac,"Discover the Yellow Striped A Line Kurta from BUTTERBYTE STORE — a thoughtfully designed kurti crafted for the modern Indian wardrobe. Made with premium, breathable fabric and finished with meticulous tailoring, this Yellow Striped A Line Kurta blends contemporary design with timeless ethnic sensibility — ideal for festive occasions, everyday wear, gifting and special celebrations.

Key Highlights:
• Premium soft-touch fabric with a comfortable hand feel
• Tailored fit designed for all-day comfort and easy movement
• Durable double-stitched seams and color-fast dyes for long-lasting wear
• Easy care — machine washable, low maintenance
• Versatile styling — pair with traditional or contemporary essentials

Why shop the Yellow Striped A Line Kurta at BUTTERBYTE STORE? Enjoy authentic quality, pan-India shipping, secure checkout, easy 7-day returns and dedicated customer support. Elevate your ethnic and everyday wardrobe with BUTTERBYTE STORE — premium fashion for the modern Indian.",312.50,250.00,20,25,In Stock,f,f,f,4.3,0,2026-05-30 23:57:34.557905+00
12ee14bf-5704-48b6-9b57-f5ee77eaef4b,purple-women-embroidered-straight-kurti,Purple Women Embroidered Straight Kurti,BUTTERBYTE STORE,BB-KURTI-019,29efa722-fa1f-464e-a05b-743d1263f8ac,"Discover the Purple Women Embroidered Straight Kurti from BUTTERBYTE STORE — a thoughtfully designed kurti crafted for the modern Indian wardrobe. Made with premium, breathable fabric and finished with meticulous tailoring, this Purple Women Embroidered Straight Kurti blends contemporary design with timeless ethnic sensibility — ideal for festive occasions, everyday wear, gifting and special celebrations.

Key Highlights:
• Premium soft-touch fabric with a comfortable hand feel
• Tailored fit designed for all-day comfort and easy movement
• Durable double-stitched seams and color-fast dyes for long-lasting wear
• Easy care — machine washable, low maintenance
• Versatile styling — pair with traditional or contemporary essentials

Why shop the Purple Women Embroidered Straight Kurti at BUTTERBYTE STORE? Enjoy authentic quality, pan-India shipping, secure checkout, easy 7-day returns and dedicated customer support. Elevate your ethnic and everyday wardrobe with BUTTERBYTE STORE — premium fashion for the modern Indian.",1000.00,800.00,20,25,In Stock,f,f,f,4.3,0,2026-05-30 23:57:34.627249+00
512a2736-5f80-42ae-ad67-df5792f503a4,green-women-floral-print-straight-tunic,Green Women Floral Print Straight Tunic,BUTTERBYTE STORE,BB-KURTI-020,29efa722-fa1f-464e-a05b-743d1263f8ac,"Discover the Green Women Floral Print Straight Tunic from BUTTERBYTE STORE — a thoughtfully designed kurti crafted for the modern Indian wardrobe. Made with premium, breathable fabric and finished with meticulous tailoring, this Green Women Floral Print Straight Tunic blends contemporary design with timeless ethnic sensibility — ideal for festive occasions, everyday wear, gifting and special celebrations.

Key Highlights:
• Premium soft-touch fabric with a comfortable hand feel
• Tailored fit designed for all-day comfort and easy movement
• Durable double-stitched seams and color-fast dyes for long-lasting wear
• Easy care — machine washable, low maintenance
• Versatile styling — pair with traditional or contemporary essentials

Why shop the Green Women Floral Print Straight Tunic at BUTTERBYTE STORE? Enjoy authentic quality, pan-India shipping, secure checkout, easy 7-day returns and dedicated customer support. Elevate your ethnic and everyday wardrobe with BUTTERBYTE STORE — premium fashion for the modern Indian.",625.00,500.00,20,25,In Stock,f,f,f,4.3,0,2026-05-30 23:57:34.696656+00
6400a4c0-2a4a-462f-82f7-dee667ccc4d1,cream-women-leaf-print-a-line-tunic,Cream Women Leaf Print A Line Tunic,BUTTERBYTE STORE,BB-KURTI-021,29efa722-fa1f-464e-a05b-743d1263f8ac,"Discover the Cream Women Leaf Print A Line Tunic from BUTTERBYTE STORE — a thoughtfully designed kurti crafted for the modern Indian wardrobe. Made with premium, breathable fabric and finished with meticulous tailoring, this Cream Women Leaf Print A Line Tunic blends contemporary design with timeless ethnic sensibility — ideal for festive occasions, everyday wear, gifting and special celebrations.

Key Highlights:
• Premium soft-touch fabric with a comfortable hand feel
• Tailored fit designed for all-day comfort and easy movement
• Durable double-stitched seams and color-fast dyes for long-lasting wear
• Easy care — machine washable, low maintenance
• Versatile styling — pair with traditional or contemporary essentials

Why shop the Cream Women Leaf Print A Line Tunic at BUTTERBYTE STORE? Enjoy authentic quality, pan-India shipping, secure checkout, easy 7-day returns and dedicated customer support. Elevate your ethnic and everyday wardrobe with BUTTERBYTE STORE — premium fashion for the modern Indian.",1250.00,1000.00,20,25,In Stock,f,f,f,4.3,0,2026-05-30 23:57:34.765778+00
fab55216-6f2f-4489-bb23-d5083b7765df,indigo-women-floral-print-v-neck-flared-kurti,Indigo Women Floral Print V Neck Flared Kurti,BUTTERBYTE STORE,BB-KURTI-022,29efa722-fa1f-464e-a05b-743d1263f8ac,"Discover the Indigo Women Floral Print V Neck Flared Kurti from BUTTERBYTE STORE — a thoughtfully designed kurti crafted for the modern Indian wardrobe. Made with premium, breathable fabric and finished with meticulous tailoring, this Indigo Women Floral Print V Neck Flared Kurti blends contemporary design with timeless ethnic sensibility — ideal for festive occasions, everyday wear, gifting and special celebrations.

Key Highlights:
• Premium soft-touch fabric with a comfortable hand feel
• Tailored fit designed for all-day comfort and easy movement
• Durable double-stitched seams and color-fast dyes for long-lasting wear
• Easy care — machine washable, low maintenance
• Versatile styling — pair with traditional or contemporary essentials

Why shop the Indigo Women Floral Print V Neck Flared Kurti at BUTTERBYTE STORE? Enjoy authentic quality, pan-India shipping, secure checkout, easy 7-day returns and dedicated customer support. Elevate your ethnic and everyday wardrobe with BUTTERBYTE STORE — premium fashion for the modern Indian.",1312.50,1050.00,20,25,In Stock,f,f,f,4.3,0,2026-05-30 23:57:34.835056+00
97b1806e-cdbf-4d0d-bac1-b7a3d1ed6561,blue-women-embellished-straight-kurti,Blue Women Embellished Straight Kurti,BUTTERBYTE STORE,BB-KURTI-023,29efa722-fa1f-464e-a05b-743d1263f8ac,"Discover the Blue Women Embellished Straight Kurti from BUTTERBYTE STORE — a thoughtfully designed kurti crafted for the modern Indian wardrobe. Made with premium, breathable fabric and finished with meticulous tailoring, this Blue Women Embellished Straight Kurti blends contemporary design with timeless ethnic sensibility — ideal for festive occasions, everyday wear, gifting and special celebrations.

Key Highlights:
• Premium soft-touch fabric with a comfortable hand feel
• Tailored fit designed for all-day comfort and easy movement
• Durable double-stitched seams and color-fast dyes for long-lasting wear
• Easy care — machine washable, low maintenance
• Versatile styling — pair with traditional or contemporary essentials

Why shop the Blue Women Embellished Straight Kurti at BUTTERBYTE STORE? Enjoy authentic quality, pan-India shipping, secure checkout, easy 7-day returns and dedicated customer support. Elevate your ethnic and everyday wardrobe with BUTTERBYTE STORE — premium fashion for the modern Indian.",875.00,700.00,20,25,In Stock,f,f,f,4.3,0,2026-05-30 23:57:34.9046+00
a8fbfabf-c080-42b3-9939-eaa678954eea,pink-women-bandhani-print-straight-tunic,Pink Women Bandhani Print Straight Tunic,BUTTERBYTE STORE,BB-KURTI-024,29efa722-fa1f-464e-a05b-743d1263f8ac,"Discover the Pink Women Bandhani Print Straight Tunic from BUTTERBYTE STORE — a thoughtfully designed kurti crafted for the modern Indian wardrobe. Made with premium, breathable fabric and finished with meticulous tailoring, this Pink Women Bandhani Print Straight Tunic blends contemporary design with timeless ethnic sensibility — ideal for festive occasions, everyday wear, gifting and special celebrations.

Key Highlights:
• Premium soft-touch fabric with a comfortable hand feel
• Tailored fit designed for all-day comfort and easy movement
• Durable double-stitched seams and color-fast dyes for long-lasting wear
• Easy care — machine washable, low maintenance
• Versatile styling — pair with traditional or contemporary essentials

Why shop the Pink Women Bandhani Print Straight Tunic at BUTTERBYTE STORE? Enjoy authentic quality, pan-India shipping, secure checkout, easy 7-day returns and dedicated customer support. Elevate your ethnic and everyday wardrobe with BUTTERBYTE STORE — premium fashion for the modern Indian.",1250.00,1000.00,20,25,In Stock,f,f,f,4.3,0,2026-05-30 23:57:34.973549+00
a9cf15f0-d405-408a-9d5c-d0541abf8d7f,white-women-floral-print-flared-tunic,White Women Floral Print Flared Tunic,BUTTERBYTE STORE,BB-KURTI-025,29efa722-fa1f-464e-a05b-743d1263f8ac,"Discover the White Women Floral Print Flared Tunic from BUTTERBYTE STORE — a thoughtfully designed kurti crafted for the modern Indian wardrobe. Made with premium, breathable fabric and finished with meticulous tailoring, this White Women Floral Print Flared Tunic blends contemporary design with timeless ethnic sensibility — ideal for festive occasions, everyday wear, gifting and special celebrations.

Key Highlights:
• Premium soft-touch fabric with a comfortable hand feel
• Tailored fit designed for all-day comfort and easy movement
• Durable double-stitched seams and color-fast dyes for long-lasting wear
• Easy care — machine washable, low maintenance
• Versatile styling — pair with traditional or contemporary essentials

Why shop the White Women Floral Print Flared Tunic at BUTTERBYTE STORE? Enjoy authentic quality, pan-India shipping, secure checkout, easy 7-day returns and dedicated customer support. Elevate your ethnic and everyday wardrobe with BUTTERBYTE STORE — premium fashion for the modern Indian.",1125.00,900.00,20,25,In Stock,f,f,f,4.3,0,2026-05-30 23:57:35.042855+00
6cf9d6f6-1cb3-4845-a424-8dec5d25e9ca,blue-women-embroidered-straight-kurti,Blue Women Embroidered Straight Kurti,BUTTERBYTE STORE,BB-KURTI-026,29efa722-fa1f-464e-a05b-743d1263f8ac,"Discover the Blue Women Embroidered Straight Kurti from BUTTERBYTE STORE — a thoughtfully designed kurti crafted for the modern Indian wardrobe. Made with premium, breathable fabric and finished with meticulous tailoring, this Blue Women Embroidered Straight Kurti blends contemporary design with timeless ethnic sensibility — ideal for festive occasions, everyday wear, gifting and special celebrations.

Key Highlights:
• Premium soft-touch fabric with a comfortable hand feel
• Tailored fit designed for all-day comfort and easy movement
• Durable double-stitched seams and color-fast dyes for long-lasting wear
• Easy care — machine washable, low maintenance
• Versatile styling — pair with traditional or contemporary essentials

Why shop the Blue Women Embroidered Straight Kurti at BUTTERBYTE STORE? Enjoy authentic quality, pan-India shipping, secure checkout, easy 7-day returns and dedicated customer support. Elevate your ethnic and everyday wardrobe with BUTTERBYTE STORE — premium fashion for the modern Indian.",750.00,600.00,20,25,In Stock,f,f,f,4.3,0,2026-05-30 23:57:35.11195+00
9f79eb69-f1ae-4d20-805a-af331bba60c2,mustard-viscose-straight-kurti,Mustard Viscose Straight Kurti,BUTTERBYTE STORE,BB-KURTI-027,29efa722-fa1f-464e-a05b-743d1263f8ac,"Discover the Mustard Viscose Straight Kurti from BUTTERBYTE STORE — a thoughtfully designed kurti crafted for the modern Indian wardrobe. Made with premium, breathable fabric and finished with meticulous tailoring, this Mustard Viscose Straight Kurti blends contemporary design with timeless ethnic sensibility — ideal for festive occasions, everyday wear, gifting and special celebrations.

Key Highlights:
• Premium soft-touch fabric with a comfortable hand feel
• Tailored fit designed for all-day comfort and easy movement
• Durable double-stitched seams and color-fast dyes for long-lasting wear
• Easy care — machine washable, low maintenance
• Versatile styling — pair with traditional or contemporary essentials

Why shop the Mustard Viscose Straight Kurti at BUTTERBYTE STORE? Enjoy authentic quality, pan-India shipping, secure checkout, easy 7-day returns and dedicated customer support. Elevate your ethnic and everyday wardrobe with BUTTERBYTE STORE — premium fashion for the modern Indian.",2375.00,1900.00,20,25,In Stock,f,f,f,4.3,0,2026-05-30 23:57:35.181212+00
fafe2d63-fb4e-43fe-bb6d-15965b4c1a84,women-floral-print-a-line-kurti-2,Women Floral Print A Line Kurti,BUTTERBYTE STORE,BB-KURTI-028,29efa722-fa1f-464e-a05b-743d1263f8ac,"Discover the Women Floral Print A Line Kurti from BUTTERBYTE STORE — a thoughtfully designed kurti crafted for the modern Indian wardrobe. Made with premium, breathable fabric and finished with meticulous tailoring, this Women Floral Print A Line Kurti blends contemporary design with timeless ethnic sensibility — ideal for festive occasions, everyday wear, gifting and special celebrations.

Key Highlights:
• Premium soft-touch fabric with a comfortable hand feel
• Tailored fit designed for all-day comfort and easy movement
• Durable double-stitched seams and color-fast dyes for long-lasting wear
• Easy care — machine washable, low maintenance
• Versatile styling — pair with traditional or contemporary essentials

Why shop the Women Floral Print A Line Kurti at BUTTERBYTE STORE? Enjoy authentic quality, pan-India shipping, secure checkout, easy 7-day returns and dedicated customer support. Elevate your ethnic and everyday wardrobe with BUTTERBYTE STORE — premium fashion for the modern Indian.",2187.50,1750.00,20,25,In Stock,f,f,f,4.3,0,2026-05-30 23:57:35.250151+00
a577549e-2ed8-44c6-88fa-1eac3f390bca,green-polyester-straight-kurti,Green Polyester Straight Kurti,BUTTERBYTE STORE,BB-KURTI-029,29efa722-fa1f-464e-a05b-743d1263f8ac,"Discover the Green Polyester Straight Kurti from BUTTERBYTE STORE — a thoughtfully designed kurti crafted for the modern Indian wardrobe. Made with premium, breathable fabric and finished with meticulous tailoring, this Green Polyester Straight Kurti blends contemporary design with timeless ethnic sensibility — ideal for festive occasions, everyday wear, gifting and special celebrations.

Key Highlights:
• Premium soft-touch fabric with a comfortable hand feel
• Tailored fit designed for all-day comfort and easy movement
• Durable double-stitched seams and color-fast dyes for long-lasting wear
• Easy care — machine washable, low maintenance
• Versatile styling — pair with traditional or contemporary essentials

Why shop the Green Polyester Straight Kurti at BUTTERBYTE STORE? Enjoy authentic quality, pan-India shipping, secure checkout, easy 7-day returns and dedicated customer support. Elevate your ethnic and everyday wardrobe with BUTTERBYTE STORE — premium fashion for the modern Indian.",2062.50,1650.00,20,25,In Stock,f,f,f,4.3,0,2026-05-30 23:57:35.319718+00
7bb7ce84-250f-48c5-acf9-7c4cf41416d1,piludi-pista-green-women-embroidered-lehenga,Piludi Pista Green Women Embroidered Lehenga,BUTTERBYTE STORE,BB-LEHENG-001,e56362d3-77da-4e7c-89d0-a04fc776c06e,"Discover the Piludi Pista Green Women Embroidered Lehenga from BUTTERBYTE STORE — a thoughtfully designed lehenga choli sets crafted for the modern Indian wardrobe. Made with premium, breathable fabric and finished with meticulous tailoring, this Piludi Pista Green Women Embroidered Lehenga blends contemporary design with timeless ethnic sensibility — ideal for festive occasions, everyday wear, gifting and special celebrations.

Key Highlights:
• Premium soft-touch fabric with a comfortable hand feel
• Tailored fit designed for all-day comfort and easy movement
• Durable double-stitched seams and color-fast dyes for long-lasting wear
• Easy care — machine washable, low maintenance
• Versatile styling — pair with traditional or contemporary essentials

Why shop the Piludi Pista Green Women Embroidered Lehenga at BUTTERBYTE STORE? Enjoy authentic quality, pan-India shipping, secure checkout, easy 7-day returns and dedicated customer support. Elevate your ethnic and everyday wardrobe with BUTTERBYTE STORE — premium fashion for the modern Indian.",1062.50,850.00,20,25,In Stock,t,f,f,4.3,0,2026-05-30 23:57:35.388602+00
b134bcbc-6c99-4d3e-9d2e-3ba9b6b4cf65,pink-women-embroidered-lehenga-choli-set-with-dupatta,Pink Women Embroidered Lehenga Choli Set With Dupatta,BUTTERBYTE STORE,BB-LEHENG-002,e56362d3-77da-4e7c-89d0-a04fc776c06e,"Discover the Pink Women Embroidered Lehenga Choli Set With Dupatta from BUTTERBYTE STORE — a thoughtfully designed lehenga choli sets crafted for the modern Indian wardrobe. Made with premium, breathable fabric and finished with meticulous tailoring, this Pink Women Embroidered Lehenga Choli Set With Dupatta blends contemporary design with timeless ethnic sensibility — ideal for festive occasions, everyday wear, gifting and special celebrations.

Key Highlights:
• Premium soft-touch fabric with a comfortable hand feel
• Tailored fit designed for all-day comfort and easy movement
• Durable double-stitched seams and color-fast dyes for long-lasting wear
• Easy care — machine washable, low maintenance
• Versatile styling — pair with traditional or contemporary essentials

Why shop the Pink Women Embroidered Lehenga Choli Set With Dupatta at BUTTERBYTE STORE? Enjoy authentic quality, pan-India shipping, secure checkout, easy 7-day returns and dedicated customer support. Elevate your ethnic and everyday wardrobe with BUTTERBYTE STORE — premium fashion for the modern Indian.",1687.50,1350.00,20,25,In Stock,t,f,f,4.3,0,2026-05-30 23:57:35.457593+00
7c9f5a86-dd81-448b-9c12-1cbe560aab9c,blue-women-viscose-blend-printed-lehenga-set,Blue Women Viscose Blend Printed Lehenga Set,BUTTERBYTE STORE,BB-LEHENG-003,e56362d3-77da-4e7c-89d0-a04fc776c06e,"Discover the Blue Women Viscose Blend Printed Lehenga Set from BUTTERBYTE STORE — a thoughtfully designed lehenga choli sets crafted for the modern Indian wardrobe. Made with premium, breathable fabric and finished with meticulous tailoring, this Blue Women Viscose Blend Printed Lehenga Set blends contemporary design with timeless ethnic sensibility — ideal for festive occasions, everyday wear, gifting and special celebrations.

Key Highlights:
• Premium soft-touch fabric with a comfortable hand feel
• Tailored fit designed for all-day comfort and easy movement
• Durable double-stitched seams and color-fast dyes for long-lasting wear
• Easy care — machine washable, low maintenance
• Versatile styling — pair with traditional or contemporary essentials

Why shop the Blue Women Viscose Blend Printed Lehenga Set at BUTTERBYTE STORE? Enjoy authentic quality, pan-India shipping, secure checkout, easy 7-day returns and dedicated customer support. Elevate your ethnic and everyday wardrobe with BUTTERBYTE STORE — premium fashion for the modern Indian.",3562.50,2850.00,20,25,In Stock,t,f,f,4.3,0,2026-05-30 23:57:35.526983+00
e6e43152-ded0-4fcf-b738-0f8e8694831a,deep-pink-women-embroidery-lehenga-choli-set,Deep Pink Women Embroidery Lehenga Choli Set,BUTTERBYTE STORE,BB-LEHENG-004,e56362d3-77da-4e7c-89d0-a04fc776c06e,"Discover the Deep Pink Women Embroidery Lehenga Choli Set from BUTTERBYTE STORE — a thoughtfully designed lehenga choli sets crafted for the modern Indian wardrobe. Made with premium, breathable fabric and finished with meticulous tailoring, this Deep Pink Women Embroidery Lehenga Choli Set blends contemporary design with timeless ethnic sensibility — ideal for festive occasions, everyday wear, gifting and special celebrations.

Key Highlights:
• Premium soft-touch fabric with a comfortable hand feel
• Tailored fit designed for all-day comfort and easy movement
• Durable double-stitched seams and color-fast dyes for long-lasting wear
• Easy care — machine washable, low maintenance
• Versatile styling — pair with traditional or contemporary essentials

Why shop the Deep Pink Women Embroidery Lehenga Choli Set at BUTTERBYTE STORE? Enjoy authentic quality, pan-India shipping, secure checkout, easy 7-day returns and dedicated customer support. Elevate your ethnic and everyday wardrobe with BUTTERBYTE STORE — premium fashion for the modern Indian.",1687.50,1350.00,20,25,In Stock,t,f,f,4.3,0,2026-05-30 23:57:35.595904+00
fede4b8c-8957-4a5e-a382-bbb2f6e57c2c,green-women-embroidered-flared-lehenga-choli-set,Green Women Embroidered Flared Lehenga Choli Set,BUTTERBYTE STORE,BB-LEHENG-005,e56362d3-77da-4e7c-89d0-a04fc776c06e,"Discover the Green Women Embroidered Flared Lehenga Choli Set from BUTTERBYTE STORE — a thoughtfully designed lehenga choli sets crafted for the modern Indian wardrobe. Made with premium, breathable fabric and finished with meticulous tailoring, this Green Women Embroidered Flared Lehenga Choli Set blends contemporary design with timeless ethnic sensibility — ideal for festive occasions, everyday wear, gifting and special celebrations.

Key Highlights:
• Premium soft-touch fabric with a comfortable hand feel
• Tailored fit designed for all-day comfort and easy movement
• Durable double-stitched seams and color-fast dyes for long-lasting wear
• Easy care — machine washable, low maintenance
• Versatile styling — pair with traditional or contemporary essentials

Why shop the Green Women Embroidered Flared Lehenga Choli Set at BUTTERBYTE STORE? Enjoy authentic quality, pan-India shipping, secure checkout, easy 7-day returns and dedicated customer support. Elevate your ethnic and everyday wardrobe with BUTTERBYTE STORE — premium fashion for the modern Indian.",2812.50,2250.00,20,25,In Stock,f,t,f,4.3,0,2026-05-30 23:57:35.664922+00
20abfe19-d296-4792-8cee-7800e9c235c8,yellow-women-flared-lehenga-choli-sets,Yellow Women Flared Lehenga Choli Sets,BUTTERBYTE STORE,BB-LEHENG-006,e56362d3-77da-4e7c-89d0-a04fc776c06e,"Discover the Yellow Women Flared Lehenga Choli Sets from BUTTERBYTE STORE — a thoughtfully designed lehenga choli sets crafted for the modern Indian wardrobe. Made with premium, breathable fabric and finished with meticulous tailoring, this Yellow Women Flared Lehenga Choli Sets blends contemporary design with timeless ethnic sensibility — ideal for festive occasions, everyday wear, gifting and special celebrations.

Key Highlights:
• Premium soft-touch fabric with a comfortable hand feel
• Tailored fit designed for all-day comfort and easy movement
• Durable double-stitched seams and color-fast dyes for long-lasting wear
• Easy care — machine washable, low maintenance
• Versatile styling — pair with traditional or contemporary essentials

Why shop the Yellow Women Flared Lehenga Choli Sets at BUTTERBYTE STORE? Enjoy authentic quality, pan-India shipping, secure checkout, easy 7-day returns and dedicated customer support. Elevate your ethnic and everyday wardrobe with BUTTERBYTE STORE — premium fashion for the modern Indian.",1812.50,1450.00,20,25,In Stock,f,t,f,4.3,0,2026-05-30 23:57:35.734077+00
7f728f09-778b-4c5d-af4a-15b34464c80d,sky-blue-women-embroidered-lehenga-choli-set-with-dupatta,Sky Blue Women Embroidered Lehenga Choli Set With Dupatta,BUTTERBYTE STORE,BB-LEHENG-007,e56362d3-77da-4e7c-89d0-a04fc776c06e,"Discover the Sky Blue Women Embroidered Lehenga Choli Set With Dupatta from BUTTERBYTE STORE — a thoughtfully designed lehenga choli sets crafted for the modern Indian wardrobe. Made with premium, breathable fabric and finished with meticulous tailoring, this Sky Blue Women Embroidered Lehenga Choli Set With Dupatta blends contemporary design with timeless ethnic sensibility — ideal for festive occasions, everyday wear, gifting and special celebrations.

Key Highlights:
• Premium soft-touch fabric with a comfortable hand feel
• Tailored fit designed for all-day comfort and easy movement
• Durable double-stitched seams and color-fast dyes for long-lasting wear
• Easy care — machine washable, low maintenance
• Versatile styling — pair with traditional or contemporary essentials

Why shop the Sky Blue Women Embroidered Lehenga Choli Set With Dupatta at BUTTERBYTE STORE? Enjoy authentic quality, pan-India shipping, secure checkout, easy 7-day returns and dedicated customer support. Elevate your ethnic and everyday wardrobe with BUTTERBYTE STORE — premium fashion for the modern Indian.",2250.00,1800.00,20,25,In Stock,f,t,f,4.3,0,2026-05-30 23:57:35.803038+00
29908a64-0056-4e7c-8a98-9d8be9bdc2e6,rust-orange-women-embellished-lehenga-choli-set,Rust Orange Women Embellished Lehenga Choli Set,BUTTERBYTE STORE,BB-LEHENG-008,e56362d3-77da-4e7c-89d0-a04fc776c06e,"Discover the Rust Orange Women Embellished Lehenga Choli Set from BUTTERBYTE STORE — a thoughtfully designed lehenga choli sets crafted for the modern Indian wardrobe. Made with premium, breathable fabric and finished with meticulous tailoring, this Rust Orange Women Embellished Lehenga Choli Set blends contemporary design with timeless ethnic sensibility — ideal for festive occasions, everyday wear, gifting and special celebrations.

Key Highlights:
• Premium soft-touch fabric with a comfortable hand feel
• Tailored fit designed for all-day comfort and easy movement
• Durable double-stitched seams and color-fast dyes for long-lasting wear
• Easy care — machine washable, low maintenance
• Versatile styling — pair with traditional or contemporary essentials

Why shop the Rust Orange Women Embellished Lehenga Choli Set at BUTTERBYTE STORE? Enjoy authentic quality, pan-India shipping, secure checkout, easy 7-day returns and dedicated customer support. Elevate your ethnic and everyday wardrobe with BUTTERBYTE STORE — premium fashion for the modern Indian.",2437.50,1950.00,20,25,In Stock,f,t,f,4.3,0,2026-05-30 23:57:35.871882+00
c3610f80-15ad-41c2-aba4-8eaa15fcf0d8,green-women-floral-woven-flared-lehenga-choli-set,Green Women Floral Woven Flared Lehenga Choli Set,BUTTERBYTE STORE,BB-LEHENG-009,e56362d3-77da-4e7c-89d0-a04fc776c06e,"Discover the Green Women Floral Woven Flared Lehenga Choli Set from BUTTERBYTE STORE — a thoughtfully designed lehenga choli sets crafted for the modern Indian wardrobe. Made with premium, breathable fabric and finished with meticulous tailoring, this Green Women Floral Woven Flared Lehenga Choli Set blends contemporary design with timeless ethnic sensibility — ideal for festive occasions, everyday wear, gifting and special celebrations.

Key Highlights:
• Premium soft-touch fabric with a comfortable hand feel
• Tailored fit designed for all-day comfort and easy movement
• Durable double-stitched seams and color-fast dyes for long-lasting wear
• Easy care — machine washable, low maintenance
• Versatile styling — pair with traditional or contemporary essentials

Why shop the Green Women Floral Woven Flared Lehenga Choli Set at BUTTERBYTE STORE? Enjoy authentic quality, pan-India shipping, secure checkout, easy 7-day returns and dedicated customer support. Elevate your ethnic and everyday wardrobe with BUTTERBYTE STORE — premium fashion for the modern Indian.",3562.50,2850.00,20,25,In Stock,f,t,f,4.3,0,2026-05-30 23:57:35.94091+00
1cf3bca8-d73b-42ce-ba32-de9808769557,blue-women-semi-stitched-lehenga-choli,Blue Women Semi Stitched Lehenga Choli,BUTTERBYTE STORE,BB-LEHENG-010,e56362d3-77da-4e7c-89d0-a04fc776c06e,"Discover the Blue Women Semi Stitched Lehenga Choli from BUTTERBYTE STORE — a thoughtfully designed lehenga choli sets crafted for the modern Indian wardrobe. Made with premium, breathable fabric and finished with meticulous tailoring, this Blue Women Semi Stitched Lehenga Choli blends contemporary design with timeless ethnic sensibility — ideal for festive occasions, everyday wear, gifting and special celebrations.

Key Highlights:
• Premium soft-touch fabric with a comfortable hand feel
• Tailored fit designed for all-day comfort and easy movement
• Durable double-stitched seams and color-fast dyes for long-lasting wear
• Easy care — machine washable, low maintenance
• Versatile styling — pair with traditional or contemporary essentials

Why shop the Blue Women Semi Stitched Lehenga Choli at BUTTERBYTE STORE? Enjoy authentic quality, pan-India shipping, secure checkout, easy 7-day returns and dedicated customer support. Elevate your ethnic and everyday wardrobe with BUTTERBYTE STORE — premium fashion for the modern Indian.",2187.50,1750.00,20,25,In Stock,f,f,t,4.3,0,2026-05-30 23:57:36.009816+00
fa8d165c-dead-4977-9847-74018b7f73ff,kurti-blue-polka-dot-print-lehenga-choli-set-with-dupatta,Kurti Blue Polka Dot Print Lehenga Choli Set With Dupatta,BUTTERBYTE STORE,BB-LEHENG-011,e56362d3-77da-4e7c-89d0-a04fc776c06e,"Discover the Kurti Blue Polka Dot Print Lehenga Choli Set With Dupatta from BUTTERBYTE STORE — a thoughtfully designed lehenga choli sets crafted for the modern Indian wardrobe. Made with premium, breathable fabric and finished with meticulous tailoring, this Kurti Blue Polka Dot Print Lehenga Choli Set With Dupatta blends contemporary design with timeless ethnic sensibility — ideal for festive occasions, everyday wear, gifting and special celebrations.

Key Highlights:
• Premium soft-touch fabric with a comfortable hand feel
• Tailored fit designed for all-day comfort and easy movement
• Durable double-stitched seams and color-fast dyes for long-lasting wear
• Easy care — machine washable, low maintenance
• Versatile styling — pair with traditional or contemporary essentials

Why shop the Kurti Blue Polka Dot Print Lehenga Choli Set With Dupatta at BUTTERBYTE STORE? Enjoy authentic quality, pan-India shipping, secure checkout, easy 7-day returns and dedicated customer support. Elevate your ethnic and everyday wardrobe with BUTTERBYTE STORE — premium fashion for the modern Indian.",3250.00,2600.00,20,25,In Stock,f,f,t,4.3,0,2026-05-30 23:57:36.078542+00
db746546-15cb-4b65-a762-9cd582760a90,off-white-women-embellished-lehenga-choli-set,Off White Women Embellished Lehenga Choli Set,BUTTERBYTE STORE,BB-LEHENG-012,e56362d3-77da-4e7c-89d0-a04fc776c06e,"Discover the Off White Women Embellished Lehenga Choli Set from BUTTERBYTE STORE — a thoughtfully designed lehenga choli sets crafted for the modern Indian wardrobe. Made with premium, breathable fabric and finished with meticulous tailoring, this Off White Women Embellished Lehenga Choli Set blends contemporary design with timeless ethnic sensibility — ideal for festive occasions, everyday wear, gifting and special celebrations.

Key Highlights:
• Premium soft-touch fabric with a comfortable hand feel
• Tailored fit designed for all-day comfort and easy movement
• Durable double-stitched seams and color-fast dyes for long-lasting wear
• Easy care — machine washable, low maintenance
• Versatile styling — pair with traditional or contemporary essentials

Why shop the Off White Women Embellished Lehenga Choli Set at BUTTERBYTE STORE? Enjoy authentic quality, pan-India shipping, secure checkout, easy 7-day returns and dedicated customer support. Elevate your ethnic and everyday wardrobe with BUTTERBYTE STORE — premium fashion for the modern Indian.",2437.50,1950.00,20,25,In Stock,f,f,t,4.3,0,2026-05-30 23:57:36.147214+00
e295ad08-6fe4-46fd-b0c2-372b53ac7e70,orange-women-semi-stitched-lehenga-choli,Orange Women Semi Stitched Lehenga Choli,BUTTERBYTE STORE,BB-LEHENG-013,e56362d3-77da-4e7c-89d0-a04fc776c06e,"Discover the Orange Women Semi Stitched Lehenga Choli from BUTTERBYTE STORE — a thoughtfully designed lehenga choli sets crafted for the modern Indian wardrobe. Made with premium, breathable fabric and finished with meticulous tailoring, this Orange Women Semi Stitched Lehenga Choli blends contemporary design with timeless ethnic sensibility — ideal for festive occasions, everyday wear, gifting and special celebrations.

Key Highlights:
• Premium soft-touch fabric with a comfortable hand feel
• Tailored fit designed for all-day comfort and easy movement
• Durable double-stitched seams and color-fast dyes for long-lasting wear
• Easy care — machine washable, low maintenance
• Versatile styling — pair with traditional or contemporary essentials

Why shop the Orange Women Semi Stitched Lehenga Choli at BUTTERBYTE STORE? Enjoy authentic quality, pan-India shipping, secure checkout, easy 7-day returns and dedicated customer support. Elevate your ethnic and everyday wardrobe with BUTTERBYTE STORE — premium fashion for the modern Indian.",3062.50,2450.00,20,25,In Stock,f,f,t,4.3,0,2026-05-30 23:57:36.216117+00
320b88d7-5aa5-450b-bd3f-f8015c3fbd61,pink-embroidery-lehenga-choli-set-with-dupatta,Pink Embroidery Lehenga Choli Set With Dupatta,BUTTERBYTE STORE,BB-LEHENG-014,e56362d3-77da-4e7c-89d0-a04fc776c06e,"Discover the Pink Embroidery Lehenga Choli Set With Dupatta from BUTTERBYTE STORE — a thoughtfully designed lehenga choli sets crafted for the modern Indian wardrobe. Made with premium, breathable fabric and finished with meticulous tailoring, this Pink Embroidery Lehenga Choli Set With Dupatta blends contemporary design with timeless ethnic sensibility — ideal for festive occasions, everyday wear, gifting and special celebrations.

Key Highlights:
• Premium soft-touch fabric with a comfortable hand feel
• Tailored fit designed for all-day comfort and easy movement
• Durable double-stitched seams and color-fast dyes for long-lasting wear
• Easy care — machine washable, low maintenance
• Versatile styling — pair with traditional or contemporary essentials

Why shop the Pink Embroidery Lehenga Choli Set With Dupatta at BUTTERBYTE STORE? Enjoy authentic quality, pan-India shipping, secure checkout, easy 7-day returns and dedicated customer support. Elevate your ethnic and everyday wardrobe with BUTTERBYTE STORE — premium fashion for the modern Indian.",1937.50,1550.00,20,25,In Stock,f,f,t,4.3,0,2026-05-30 23:57:36.285006+00
ba31e54d-3ea6-48aa-80af-62ddeeb80e98,purple-women-semi-stitched-lehenga-choli,Purple Women Semi Stitched Lehenga Choli,BUTTERBYTE STORE,BB-LEHENG-015,e56362d3-77da-4e7c-89d0-a04fc776c06e,"Discover the Purple Women Semi Stitched Lehenga Choli from BUTTERBYTE STORE — a thoughtfully designed lehenga choli sets crafted for the modern Indian wardrobe. Made with premium, breathable fabric and finished with meticulous tailoring, this Purple Women Semi Stitched Lehenga Choli blends contemporary design with timeless ethnic sensibility — ideal for festive occasions, everyday wear, gifting and special celebrations.

Key Highlights:
• Premium soft-touch fabric with a comfortable hand feel
• Tailored fit designed for all-day comfort and easy movement
• Durable double-stitched seams and color-fast dyes for long-lasting wear
• Easy care — machine washable, low maintenance
• Versatile styling — pair with traditional or contemporary essentials

Why shop the Purple Women Semi Stitched Lehenga Choli at BUTTERBYTE STORE? Enjoy authentic quality, pan-India shipping, secure checkout, easy 7-day returns and dedicated customer support. Elevate your ethnic and everyday wardrobe with BUTTERBYTE STORE — premium fashion for the modern Indian.",2312.50,1850.00,20,25,In Stock,f,f,f,4.3,0,2026-05-30 23:57:36.353938+00
51f909a5-d9f3-43aa-8a58-c411d550e5c4,beige-women-embellished-flared-lehenga-choli-set,Beige Women Embellished Flared Lehenga Choli Set,BUTTERBYTE STORE,BB-LEHENG-016,e56362d3-77da-4e7c-89d0-a04fc776c06e,"Discover the Beige Women Embellished Flared Lehenga Choli Set from BUTTERBYTE STORE — a thoughtfully designed lehenga choli sets crafted for the modern Indian wardrobe. Made with premium, breathable fabric and finished with meticulous tailoring, this Beige Women Embellished Flared Lehenga Choli Set blends contemporary design with timeless ethnic sensibility — ideal for festive occasions, everyday wear, gifting and special celebrations.

Key Highlights:
• Premium soft-touch fabric with a comfortable hand feel
• Tailored fit designed for all-day comfort and easy movement
• Durable double-stitched seams and color-fast dyes for long-lasting wear
• Easy care — machine washable, low maintenance
• Versatile styling — pair with traditional or contemporary essentials

Why shop the Beige Women Embellished Flared Lehenga Choli Set at BUTTERBYTE STORE? Enjoy authentic quality, pan-India shipping, secure checkout, easy 7-day returns and dedicated customer support. Elevate your ethnic and everyday wardrobe with BUTTERBYTE STORE — premium fashion for the modern Indian.",2875.00,2300.00,20,25,In Stock,f,f,f,4.3,0,2026-05-30 23:57:36.422745+00
9f879608-7d21-42b6-aef9-4aa9ee3ddc8e,red-women-flared-lehenga-choli-sets,Red Women Flared Lehenga Choli Sets,BUTTERBYTE STORE,BB-LEHENG-017,e56362d3-77da-4e7c-89d0-a04fc776c06e,"Discover the Red Women Flared Lehenga Choli Sets from BUTTERBYTE STORE — a thoughtfully designed lehenga choli sets crafted for the modern Indian wardrobe. Made with premium, breathable fabric and finished with meticulous tailoring, this Red Women Flared Lehenga Choli Sets blends contemporary design with timeless ethnic sensibility — ideal for festive occasions, everyday wear, gifting and special celebrations.

Key Highlights:
• Premium soft-touch fabric with a comfortable hand feel
• Tailored fit designed for all-day comfort and easy movement
• Durable double-stitched seams and color-fast dyes for long-lasting wear
• Easy care — machine washable, low maintenance
• Versatile styling — pair with traditional or contemporary essentials

Why shop the Red Women Flared Lehenga Choli Sets at BUTTERBYTE STORE? Enjoy authentic quality, pan-India shipping, secure checkout, easy 7-day returns and dedicated customer support. Elevate your ethnic and everyday wardrobe with BUTTERBYTE STORE — premium fashion for the modern Indian.",3562.50,2850.00,20,25,In Stock,f,f,f,4.3,0,2026-05-30 23:57:36.491886+00
64bddd15-bbfb-4c5a-8873-5aac5bfddfc3,dark-green-women-embroidered-lehenga-choli-set-with-dupatta,Dark Green Women Embroidered Lehenga Choli Set With Dupatta,BUTTERBYTE STORE,BB-LEHENG-018,e56362d3-77da-4e7c-89d0-a04fc776c06e,"Discover the Dark Green Women Embroidered Lehenga Choli Set With Dupatta from BUTTERBYTE STORE — a thoughtfully designed lehenga choli sets crafted for the modern Indian wardrobe. Made with premium, breathable fabric and finished with meticulous tailoring, this Dark Green Women Embroidered Lehenga Choli Set With Dupatta blends contemporary design with timeless ethnic sensibility — ideal for festive occasions, everyday wear, gifting and special celebrations.

Key Highlights:
• Premium soft-touch fabric with a comfortable hand feel
• Tailored fit designed for all-day comfort and easy movement
• Durable double-stitched seams and color-fast dyes for long-lasting wear
• Easy care — machine washable, low maintenance
• Versatile styling — pair with traditional or contemporary essentials

Why shop the Dark Green Women Embroidered Lehenga Choli Set With Dupatta at BUTTERBYTE STORE? Enjoy authentic quality, pan-India shipping, secure checkout, easy 7-day returns and dedicated customer support. Elevate your ethnic and everyday wardrobe with BUTTERBYTE STORE — premium fashion for the modern Indian.",3125.00,2500.00,20,25,In Stock,f,f,f,4.3,0,2026-05-30 23:57:36.560657+00
95f1b683-27f5-435c-8c3a-084be70fae20,embroidery-lehenga-choli-set-with-dupatta,Embroidery Lehenga Choli Set With Dupatta,BUTTERBYTE STORE,BB-LEHENG-019,e56362d3-77da-4e7c-89d0-a04fc776c06e,"Discover the Embroidery Lehenga Choli Set With Dupatta from BUTTERBYTE STORE — a thoughtfully designed lehenga choli sets crafted for the modern Indian wardrobe. Made with premium, breathable fabric and finished with meticulous tailoring, this Embroidery Lehenga Choli Set With Dupatta blends contemporary design with timeless ethnic sensibility — ideal for festive occasions, everyday wear, gifting and special celebrations.

Key Highlights:
• Premium soft-touch fabric with a comfortable hand feel
• Tailored fit designed for all-day comfort and easy movement
• Durable double-stitched seams and color-fast dyes for long-lasting wear
• Easy care — machine washable, low maintenance
• Versatile styling — pair with traditional or contemporary essentials

Why shop the Embroidery Lehenga Choli Set With Dupatta at BUTTERBYTE STORE? Enjoy authentic quality, pan-India shipping, secure checkout, easy 7-day returns and dedicated customer support. Elevate your ethnic and everyday wardrobe with BUTTERBYTE STORE — premium fashion for the modern Indian.",3437.50,2750.00,20,25,In Stock,f,f,f,4.3,0,2026-05-30 23:57:36.629355+00
665b8474-6c18-48c4-9826-d340518ff0f0,women-semi-stitched-lehenga-choli,Women Semi Stitched Lehenga Choli,BUTTERBYTE STORE,BB-LEHENG-020,e56362d3-77da-4e7c-89d0-a04fc776c06e,"Discover the Women Semi Stitched Lehenga Choli from BUTTERBYTE STORE — a thoughtfully designed lehenga choli sets crafted for the modern Indian wardrobe. Made with premium, breathable fabric and finished with meticulous tailoring, this Women Semi Stitched Lehenga Choli blends contemporary design with timeless ethnic sensibility — ideal for festive occasions, everyday wear, gifting and special celebrations.

Key Highlights:
• Premium soft-touch fabric with a comfortable hand feel
• Tailored fit designed for all-day comfort and easy movement
• Durable double-stitched seams and color-fast dyes for long-lasting wear
• Easy care — machine washable, low maintenance
• Versatile styling — pair with traditional or contemporary essentials

Why shop the Women Semi Stitched Lehenga Choli at BUTTERBYTE STORE? Enjoy authentic quality, pan-India shipping, secure checkout, easy 7-day returns and dedicated customer support. Elevate your ethnic and everyday wardrobe with BUTTERBYTE STORE — premium fashion for the modern Indian.",1562.50,1250.00,20,25,In Stock,f,f,f,4.3,0,2026-05-30 23:57:36.698626+00
c38f5604-fa63-4b23-aed6-9b2cac4cbe54,women-lehenga-choli-set,Women Lehenga Choli Set,BUTTERBYTE STORE,BB-LEHENG-021,e56362d3-77da-4e7c-89d0-a04fc776c06e,"Discover the Women Lehenga Choli Set from BUTTERBYTE STORE — a thoughtfully designed lehenga choli sets crafted for the modern Indian wardrobe. Made with premium, breathable fabric and finished with meticulous tailoring, this Women Lehenga Choli Set blends contemporary design with timeless ethnic sensibility — ideal for festive occasions, everyday wear, gifting and special celebrations.

Key Highlights:
• Premium soft-touch fabric with a comfortable hand feel
• Tailored fit designed for all-day comfort and easy movement
• Durable double-stitched seams and color-fast dyes for long-lasting wear
• Easy care — machine washable, low maintenance
• Versatile styling — pair with traditional or contemporary essentials

Why shop the Women Lehenga Choli Set at BUTTERBYTE STORE? Enjoy authentic quality, pan-India shipping, secure checkout, easy 7-day returns and dedicated customer support. Elevate your ethnic and everyday wardrobe with BUTTERBYTE STORE — premium fashion for the modern Indian.",3437.50,2750.00,20,25,In Stock,f,f,f,4.3,0,2026-05-30 23:57:36.767955+00
7d23303e-be5f-4e71-b509-4c5048cb63cf,green-women-embellished-flared-lehenga-choli-set,Green Women Embellished Flared Lehenga Choli Set,BUTTERBYTE STORE,BB-LEHENG-022,e56362d3-77da-4e7c-89d0-a04fc776c06e,"Discover the Green Women Embellished Flared Lehenga Choli Set from BUTTERBYTE STORE — a thoughtfully designed lehenga choli sets crafted for the modern Indian wardrobe. Made with premium, breathable fabric and finished with meticulous tailoring, this Green Women Embellished Flared Lehenga Choli Set blends contemporary design with timeless ethnic sensibility — ideal for festive occasions, everyday wear, gifting and special celebrations.

Key Highlights:
• Premium soft-touch fabric with a comfortable hand feel
• Tailored fit designed for all-day comfort and easy movement
• Durable double-stitched seams and color-fast dyes for long-lasting wear
• Easy care — machine washable, low maintenance
• Versatile styling — pair with traditional or contemporary essentials

Why shop the Green Women Embellished Flared Lehenga Choli Set at BUTTERBYTE STORE? Enjoy authentic quality, pan-India shipping, secure checkout, easy 7-day returns and dedicated customer support. Elevate your ethnic and everyday wardrobe with BUTTERBYTE STORE — premium fashion for the modern Indian.",1250.00,1000.00,20,25,In Stock,f,f,f,4.3,0,2026-05-30 23:57:36.836851+00
29aae328-8f6c-4738-b886-2004be28fb95,blue-women-embroidered-flared-lehenga-choli-set,Blue Women Embroidered Flared Lehenga Choli Set,BUTTERBYTE STORE,BB-LEHENG-023,e56362d3-77da-4e7c-89d0-a04fc776c06e,"Discover the Blue Women Embroidered Flared Lehenga Choli Set from BUTTERBYTE STORE — a thoughtfully designed lehenga choli sets crafted for the modern Indian wardrobe. Made with premium, breathable fabric and finished with meticulous tailoring, this Blue Women Embroidered Flared Lehenga Choli Set blends contemporary design with timeless ethnic sensibility — ideal for festive occasions, everyday wear, gifting and special celebrations.

Key Highlights:
• Premium soft-touch fabric with a comfortable hand feel
• Tailored fit designed for all-day comfort and easy movement
• Durable double-stitched seams and color-fast dyes for long-lasting wear
• Easy care — machine washable, low maintenance
• Versatile styling — pair with traditional or contemporary essentials

Why shop the Blue Women Embroidered Flared Lehenga Choli Set at BUTTERBYTE STORE? Enjoy authentic quality, pan-India shipping, secure checkout, easy 7-day returns and dedicated customer support. Elevate your ethnic and everyday wardrobe with BUTTERBYTE STORE — premium fashion for the modern Indian.",2000.00,1600.00,20,25,In Stock,f,f,f,4.3,0,2026-05-30 23:57:36.90736+00
3572d256-5d80-4c32-99c5-8594dec320db,women-floral-lehenga-choli-set-with-dupatta,Women Floral Lehenga Choli Set With Dupatta,BUTTERBYTE STORE,BB-LEHENG-024,e56362d3-77da-4e7c-89d0-a04fc776c06e,"Discover the Women Floral Lehenga Choli Set With Dupatta from BUTTERBYTE STORE — a thoughtfully designed lehenga choli sets crafted for the modern Indian wardrobe. Made with premium, breathable fabric and finished with meticulous tailoring, this Women Floral Lehenga Choli Set With Dupatta blends contemporary design with timeless ethnic sensibility — ideal for festive occasions, everyday wear, gifting and special celebrations.

Key Highlights:
• Premium soft-touch fabric with a comfortable hand feel
• Tailored fit designed for all-day comfort and easy movement
• Durable double-stitched seams and color-fast dyes for long-lasting wear
• Easy care — machine washable, low maintenance
• Versatile styling — pair with traditional or contemporary essentials

Why shop the Women Floral Lehenga Choli Set With Dupatta at BUTTERBYTE STORE? Enjoy authentic quality, pan-India shipping, secure checkout, easy 7-day returns and dedicated customer support. Elevate your ethnic and everyday wardrobe with BUTTERBYTE STORE — premium fashion for the modern Indian.",3625.00,2900.00,20,25,In Stock,f,f,f,4.3,0,2026-05-30 23:57:36.976231+00
91aeca8d-213e-4044-bb51-09f9e84cae76,women-semi-stitched-lehenga-choli-2,Women Semi Stitched Lehenga Choli,BUTTERBYTE STORE,BB-LEHENG-025,e56362d3-77da-4e7c-89d0-a04fc776c06e,"Discover the Women Semi Stitched Lehenga Choli from BUTTERBYTE STORE — a thoughtfully designed lehenga choli sets crafted for the modern Indian wardrobe. Made with premium, breathable fabric and finished with meticulous tailoring, this Women Semi Stitched Lehenga Choli blends contemporary design with timeless ethnic sensibility — ideal for festive occasions, everyday wear, gifting and special celebrations.

Key Highlights:
• Premium soft-touch fabric with a comfortable hand feel
• Tailored fit designed for all-day comfort and easy movement
• Durable double-stitched seams and color-fast dyes for long-lasting wear
• Easy care — machine washable, low maintenance
• Versatile styling — pair with traditional or contemporary essentials

Why shop the Women Semi Stitched Lehenga Choli at BUTTERBYTE STORE? Enjoy authentic quality, pan-India shipping, secure checkout, easy 7-day returns and dedicated customer support. Elevate your ethnic and everyday wardrobe with BUTTERBYTE STORE — premium fashion for the modern Indian.",2875.00,2300.00,20,25,In Stock,f,f,f,4.3,0,2026-05-30 23:57:37.046651+00
6def5a3f-4ff0-4d08-9cac-e99205c152b9,sky-blue-women-embroidery-lehenga-choli-set,Sky Blue Women Embroidery Lehenga Choli Set,BUTTERBYTE STORE,BB-LEHENG-026,e56362d3-77da-4e7c-89d0-a04fc776c06e,"Discover the Sky Blue Women Embroidery Lehenga Choli Set from BUTTERBYTE STORE — a thoughtfully designed lehenga choli sets crafted for the modern Indian wardrobe. Made with premium, breathable fabric and finished with meticulous tailoring, this Sky Blue Women Embroidery Lehenga Choli Set blends contemporary design with timeless ethnic sensibility — ideal for festive occasions, everyday wear, gifting and special celebrations.

Key Highlights:
• Premium soft-touch fabric with a comfortable hand feel
• Tailored fit designed for all-day comfort and easy movement
• Durable double-stitched seams and color-fast dyes for long-lasting wear
• Easy care — machine washable, low maintenance
• Versatile styling — pair with traditional or contemporary essentials

Why shop the Sky Blue Women Embroidery Lehenga Choli Set at BUTTERBYTE STORE? Enjoy authentic quality, pan-India shipping, secure checkout, easy 7-day returns and dedicated customer support. Elevate your ethnic and everyday wardrobe with BUTTERBYTE STORE — premium fashion for the modern Indian.",1687.50,1350.00,20,25,In Stock,f,f,f,4.3,0,2026-05-30 23:57:37.115881+00
8f0171a8-2664-4e52-9c4f-c489cd7355b9,purple-women-embroidered-lehenga-choli-set-with-dupatta,Purple Women Embroidered Lehenga Choli Set With Dupatta,BUTTERBYTE STORE,BB-LEHENG-027,e56362d3-77da-4e7c-89d0-a04fc776c06e,"Discover the Purple Women Embroidered Lehenga Choli Set With Dupatta from BUTTERBYTE STORE — a thoughtfully designed lehenga choli sets crafted for the modern Indian wardrobe. Made with premium, breathable fabric and finished with meticulous tailoring, this Purple Women Embroidered Lehenga Choli Set With Dupatta blends contemporary design with timeless ethnic sensibility — ideal for festive occasions, everyday wear, gifting and special celebrations.

Key Highlights:
• Premium soft-touch fabric with a comfortable hand feel
• Tailored fit designed for all-day comfort and easy movement
• Durable double-stitched seams and color-fast dyes for long-lasting wear
• Easy care — machine washable, low maintenance
• Versatile styling — pair with traditional or contemporary essentials

Why shop the Purple Women Embroidered Lehenga Choli Set With Dupatta at BUTTERBYTE STORE? Enjoy authentic quality, pan-India shipping, secure checkout, easy 7-day returns and dedicated customer support. Elevate your ethnic and everyday wardrobe with BUTTERBYTE STORE — premium fashion for the modern Indian.",3375.00,2700.00,20,25,In Stock,f,f,f,4.3,0,2026-05-30 23:57:37.18525+00
12549e3a-dc61-4d6e-bb88-e58d00128c8c,red-women-printed-3-piece-flared-lehenga-choli-set,Red Women Printed 3 Piece Flared Lehenga Choli Set,BUTTERBYTE STORE,BB-LEHENG-028,e56362d3-77da-4e7c-89d0-a04fc776c06e,"Discover the Red Women Printed 3 Piece Flared Lehenga Choli Set from BUTTERBYTE STORE — a thoughtfully designed lehenga choli sets crafted for the modern Indian wardrobe. Made with premium, breathable fabric and finished with meticulous tailoring, this Red Women Printed 3 Piece Flared Lehenga Choli Set blends contemporary design with timeless ethnic sensibility — ideal for festive occasions, everyday wear, gifting and special celebrations.

Key Highlights:
• Premium soft-touch fabric with a comfortable hand feel
• Tailored fit designed for all-day comfort and easy movement
• Durable double-stitched seams and color-fast dyes for long-lasting wear
• Easy care — machine washable, low maintenance
• Versatile styling — pair with traditional or contemporary essentials

Why shop the Red Women Printed 3 Piece Flared Lehenga Choli Set at BUTTERBYTE STORE? Enjoy authentic quality, pan-India shipping, secure checkout, easy 7-day returns and dedicated customer support. Elevate your ethnic and everyday wardrobe with BUTTERBYTE STORE — premium fashion for the modern Indian.",3625.00,2900.00,20,25,In Stock,f,f,f,4.3,0,2026-05-30 23:57:37.254354+00
c71cfd26-92ce-4203-ac70-c935ef107dd0,pink-women-embroidered-flared-lehenga-choli-set-with-dupatta,Pink Women Embroidered Flared Lehenga Choli Set With Dupatta,BUTTERBYTE STORE,BB-LEHENG-029,e56362d3-77da-4e7c-89d0-a04fc776c06e,"Discover the Pink Women Embroidered Flared Lehenga Choli Set With Dupatta from BUTTERBYTE STORE — a thoughtfully designed lehenga choli sets crafted for the modern Indian wardrobe. Made with premium, breathable fabric and finished with meticulous tailoring, this Pink Women Embroidered Flared Lehenga Choli Set With Dupatta blends contemporary design with timeless ethnic sensibility — ideal for festive occasions, everyday wear, gifting and special celebrations.

Key Highlights:
• Premium soft-touch fabric with a comfortable hand feel
• Tailored fit designed for all-day comfort and easy movement
• Durable double-stitched seams and color-fast dyes for long-lasting wear
• Easy care — machine washable, low maintenance
• Versatile styling — pair with traditional or contemporary essentials

Why shop the Pink Women Embroidered Flared Lehenga Choli Set With Dupatta at BUTTERBYTE STORE? Enjoy authentic quality, pan-India shipping, secure checkout, easy 7-day returns and dedicated customer support. Elevate your ethnic and everyday wardrobe with BUTTERBYTE STORE — premium fashion for the modern Indian.",2187.50,1750.00,20,25,In Stock,f,f,f,4.3,0,2026-05-30 23:57:37.323375+00
d820b80a-860b-4863-afc9-893b7c656426,print-diamonte-fuchsia-saree-with-unstitched-blouse,Print Diamonte Fuchsia Saree With Unstitched Blouse,BUTTERBYTE STORE,BB-SAREE-001,dd552623-10c7-4a73-8ad4-d3211cccce74,"Discover the Print Diamonte Fuchsia Saree With Unstitched Blouse from BUTTERBYTE STORE — a thoughtfully designed saree crafted for the modern Indian wardrobe. Made with premium, breathable fabric and finished with meticulous tailoring, this Print Diamonte Fuchsia Saree With Unstitched Blouse blends contemporary design with timeless ethnic sensibility — ideal for festive occasions, everyday wear, gifting and special celebrations.

Key Highlights:
• Premium soft-touch fabric with a comfortable hand feel
• Tailored fit designed for all-day comfort and easy movement
• Durable double-stitched seams and color-fast dyes for long-lasting wear
• Easy care — machine washable, low maintenance
• Versatile styling — pair with traditional or contemporary essentials

Why shop the Print Diamonte Fuchsia Saree With Unstitched Blouse at BUTTERBYTE STORE? Enjoy authentic quality, pan-India shipping, secure checkout, easy 7-day returns and dedicated customer support. Elevate your ethnic and everyday wardrobe with BUTTERBYTE STORE — premium fashion for the modern Indian.",2625.00,2100.00,20,25,In Stock,t,f,f,4.3,0,2026-05-30 23:57:40.159708+00
73b0a75f-724b-4fda-8012-0a826f79a2a8,blue-designer-banarasi-silk-kanjivaram-saree-with-unstitched,Blue Designer Banarasi Silk Kanjivaram Saree With Unstitched,BUTTERBYTE STORE,BB-SAREE-002,dd552623-10c7-4a73-8ad4-d3211cccce74,"Discover the Blue Designer Banarasi Silk Kanjivaram Saree With Unstitched from BUTTERBYTE STORE — a thoughtfully designed saree crafted for the modern Indian wardrobe. Made with premium, breathable fabric and finished with meticulous tailoring, this Blue Designer Banarasi Silk Kanjivaram Saree With Unstitched blends contemporary design with timeless ethnic sensibility — ideal for festive occasions, everyday wear, gifting and special celebrations.

Key Highlights:
• Premium soft-touch fabric with a comfortable hand feel
• Tailored fit designed for all-day comfort and easy movement
• Durable double-stitched seams and color-fast dyes for long-lasting wear
• Easy care — machine washable, low maintenance
• Versatile styling — pair with traditional or contemporary essentials

Why shop the Blue Designer Banarasi Silk Kanjivaram Saree With Unstitched at BUTTERBYTE STORE? Enjoy authentic quality, pan-India shipping, secure checkout, easy 7-day returns and dedicated customer support. Elevate your ethnic and everyday wardrobe with BUTTERBYTE STORE — premium fashion for the modern Indian.",1187.50,950.00,20,25,In Stock,t,f,f,4.3,0,2026-05-30 23:57:40.228534+00
dd399fdb-c455-4a0f-b0e0-2aa6f0a85f61,purple-embellished-designer-saree-with-unstitched-blouse,Purple Embellished Designer Saree With Unstitched Blouse,BUTTERBYTE STORE,BB-SAREE-003,dd552623-10c7-4a73-8ad4-d3211cccce74,"Discover the Purple Embellished Designer Saree With Unstitched Blouse from BUTTERBYTE STORE — a thoughtfully designed saree crafted for the modern Indian wardrobe. Made with premium, breathable fabric and finished with meticulous tailoring, this Purple Embellished Designer Saree With Unstitched Blouse blends contemporary design with timeless ethnic sensibility — ideal for festive occasions, everyday wear, gifting and special celebrations.

Key Highlights:
• Premium soft-touch fabric with a comfortable hand feel
• Tailored fit designed for all-day comfort and easy movement
• Durable double-stitched seams and color-fast dyes for long-lasting wear
• Easy care — machine washable, low maintenance
• Versatile styling — pair with traditional or contemporary essentials

Why shop the Purple Embellished Designer Saree With Unstitched Blouse at BUTTERBYTE STORE? Enjoy authentic quality, pan-India shipping, secure checkout, easy 7-day returns and dedicated customer support. Elevate your ethnic and everyday wardrobe with BUTTERBYTE STORE — premium fashion for the modern Indian.",3187.50,2550.00,20,25,In Stock,t,f,f,4.3,0,2026-05-30 23:57:40.297528+00
ce97c3eb-2682-4267-9c14-450022183c30,womens-mauve-embroidered-net-saree-unstitched-blouse,Womens Mauve Embroidered Net Saree Unstitched Blouse,BUTTERBYTE STORE,BB-SAREE-004,dd552623-10c7-4a73-8ad4-d3211cccce74,"Discover the Womens Mauve Embroidered Net Saree Unstitched Blouse from BUTTERBYTE STORE — a thoughtfully designed saree crafted for the modern Indian wardrobe. Made with premium, breathable fabric and finished with meticulous tailoring, this Womens Mauve Embroidered Net Saree Unstitched Blouse blends contemporary design with timeless ethnic sensibility — ideal for festive occasions, everyday wear, gifting and special celebrations.

Key Highlights:
• Premium soft-touch fabric with a comfortable hand feel
• Tailored fit designed for all-day comfort and easy movement
• Durable double-stitched seams and color-fast dyes for long-lasting wear
• Easy care — machine washable, low maintenance
• Versatile styling — pair with traditional or contemporary essentials

Why shop the Womens Mauve Embroidered Net Saree Unstitched Blouse at BUTTERBYTE STORE? Enjoy authentic quality, pan-India shipping, secure checkout, easy 7-day returns and dedicated customer support. Elevate your ethnic and everyday wardrobe with BUTTERBYTE STORE — premium fashion for the modern Indian.",3437.50,2750.00,20,25,In Stock,t,f,f,4.3,0,2026-05-30 23:57:40.366358+00
872c7aee-00ae-4690-b8f6-b719b0c6ef7b,silk-solid-print-saree-with-blouse-with-unstitched,Silk Solid Print Saree With Blouse With Unstitched,BUTTERBYTE STORE,BB-SAREE-005,dd552623-10c7-4a73-8ad4-d3211cccce74,"Discover the Silk Solid Print Saree With Blouse With Unstitched from BUTTERBYTE STORE — a thoughtfully designed saree crafted for the modern Indian wardrobe. Made with premium, breathable fabric and finished with meticulous tailoring, this Silk Solid Print Saree With Blouse With Unstitched blends contemporary design with timeless ethnic sensibility — ideal for festive occasions, everyday wear, gifting and special celebrations.

Key Highlights:
• Premium soft-touch fabric with a comfortable hand feel
• Tailored fit designed for all-day comfort and easy movement
• Durable double-stitched seams and color-fast dyes for long-lasting wear
• Easy care — machine washable, low maintenance
• Versatile styling — pair with traditional or contemporary essentials

Why shop the Silk Solid Print Saree With Blouse With Unstitched at BUTTERBYTE STORE? Enjoy authentic quality, pan-India shipping, secure checkout, easy 7-day returns and dedicated customer support. Elevate your ethnic and everyday wardrobe with BUTTERBYTE STORE — premium fashion for the modern Indian.",1062.50,850.00,20,25,In Stock,f,t,f,4.3,0,2026-05-30 23:57:40.4352+00
632df047-5d30-4939-8940-3ac84b164508,silk-handwork-saree-with-unstitched-blouse,Silk Handwork Saree With Unstitched Blouse,BUTTERBYTE STORE,BB-SAREE-006,dd552623-10c7-4a73-8ad4-d3211cccce74,"Discover the Silk Handwork Saree With Unstitched Blouse from BUTTERBYTE STORE — a thoughtfully designed saree crafted for the modern Indian wardrobe. Made with premium, breathable fabric and finished with meticulous tailoring, this Silk Handwork Saree With Unstitched Blouse blends contemporary design with timeless ethnic sensibility — ideal for festive occasions, everyday wear, gifting and special celebrations.

Key Highlights:
• Premium soft-touch fabric with a comfortable hand feel
• Tailored fit designed for all-day comfort and easy movement
• Durable double-stitched seams and color-fast dyes for long-lasting wear
• Easy care — machine washable, low maintenance
• Versatile styling — pair with traditional or contemporary essentials

Why shop the Silk Handwork Saree With Unstitched Blouse at BUTTERBYTE STORE? Enjoy authentic quality, pan-India shipping, secure checkout, easy 7-day returns and dedicated customer support. Elevate your ethnic and everyday wardrobe with BUTTERBYTE STORE — premium fashion for the modern Indian.",2437.50,1950.00,20,25,In Stock,f,t,f,4.3,0,2026-05-30 23:57:40.504171+00
baba34f3-54b3-4f67-8601-9181437f556a,paper-silk-copper-embellished-designer-saree-with-unstitched,Paper Silk Copper Embellished Designer Saree With Unstitched,BUTTERBYTE STORE,BB-SAREE-007,dd552623-10c7-4a73-8ad4-d3211cccce74,"Discover the Paper Silk Copper Embellished Designer Saree With Unstitched from BUTTERBYTE STORE — a thoughtfully designed saree crafted for the modern Indian wardrobe. Made with premium, breathable fabric and finished with meticulous tailoring, this Paper Silk Copper Embellished Designer Saree With Unstitched blends contemporary design with timeless ethnic sensibility — ideal for festive occasions, everyday wear, gifting and special celebrations.

Key Highlights:
• Premium soft-touch fabric with a comfortable hand feel
• Tailored fit designed for all-day comfort and easy movement
• Durable double-stitched seams and color-fast dyes for long-lasting wear
• Easy care — machine washable, low maintenance
• Versatile styling — pair with traditional or contemporary essentials

Why shop the Paper Silk Copper Embellished Designer Saree With Unstitched at BUTTERBYTE STORE? Enjoy authentic quality, pan-India shipping, secure checkout, easy 7-day returns and dedicated customer support. Elevate your ethnic and everyday wardrobe with BUTTERBYTE STORE — premium fashion for the modern Indian.",2000.00,1600.00,20,25,In Stock,f,t,f,4.3,0,2026-05-30 23:57:40.573652+00
6eac467e-f15c-40ce-836b-c43125daebd3,gold-chocolate-chiffon-saree-with-unstitched-blouse,Gold Chocolate Chiffon Saree With Unstitched Blouse,BUTTERBYTE STORE,BB-SAREE-008,dd552623-10c7-4a73-8ad4-d3211cccce74,"Discover the Gold Chocolate Chiffon Saree With Unstitched Blouse from BUTTERBYTE STORE — a thoughtfully designed saree crafted for the modern Indian wardrobe. Made with premium, breathable fabric and finished with meticulous tailoring, this Gold Chocolate Chiffon Saree With Unstitched Blouse blends contemporary design with timeless ethnic sensibility — ideal for festive occasions, everyday wear, gifting and special celebrations.

Key Highlights:
• Premium soft-touch fabric with a comfortable hand feel
• Tailored fit designed for all-day comfort and easy movement
• Durable double-stitched seams and color-fast dyes for long-lasting wear
• Easy care — machine washable, low maintenance
• Versatile styling — pair with traditional or contemporary essentials

Why shop the Gold Chocolate Chiffon Saree With Unstitched Blouse at BUTTERBYTE STORE? Enjoy authentic quality, pan-India shipping, secure checkout, easy 7-day returns and dedicated customer support. Elevate your ethnic and everyday wardrobe with BUTTERBYTE STORE — premium fashion for the modern Indian.",437.50,350.00,20,25,In Stock,f,t,f,4.3,0,2026-05-30 23:57:40.642896+00
7823b681-271b-4ec4-a10d-d8d67dfc9cc4,organza-embellished-solid-saree-with-unstitched-blouse-with-unstitched,Organza Embellished Solid Saree With Unstitched Blouse With Unstitched,BUTTERBYTE STORE,BB-SAREE-009,dd552623-10c7-4a73-8ad4-d3211cccce74,"Discover the Organza Embellished Solid Saree With Unstitched Blouse With Unstitched from BUTTERBYTE STORE — a thoughtfully designed saree crafted for the modern Indian wardrobe. Made with premium, breathable fabric and finished with meticulous tailoring, this Organza Embellished Solid Saree With Unstitched Blouse With Unstitched blends contemporary design with timeless ethnic sensibility — ideal for festive occasions, everyday wear, gifting and special celebrations.

Key Highlights:
• Premium soft-touch fabric with a comfortable hand feel
• Tailored fit designed for all-day comfort and easy movement
• Durable double-stitched seams and color-fast dyes for long-lasting wear
• Easy care — machine washable, low maintenance
• Versatile styling — pair with traditional or contemporary essentials

Why shop the Organza Embellished Solid Saree With Unstitched Blouse With Unstitched at BUTTERBYTE STORE? Enjoy authentic quality, pan-India shipping, secure checkout, easy 7-day returns and dedicated customer support. Elevate your ethnic and everyday wardrobe with BUTTERBYTE STORE — premium fashion for the modern Indian.",3187.50,2550.00,20,25,In Stock,f,t,f,4.3,0,2026-05-30 23:57:40.712981+00
16132730-e0d5-45fc-9efc-ec226dfce784,gold-net-with-floral-sequins-work-saree-with-unstiched-blouse,Gold Net With Floral Sequins Work Saree With Unstiched Blouse,BUTTERBYTE STORE,BB-SAREE-010,dd552623-10c7-4a73-8ad4-d3211cccce74,"Discover the Gold Net With Floral Sequins Work Saree With Unstiched Blouse from BUTTERBYTE STORE — a thoughtfully designed saree crafted for the modern Indian wardrobe. Made with premium, breathable fabric and finished with meticulous tailoring, this Gold Net With Floral Sequins Work Saree With Unstiched Blouse blends contemporary design with timeless ethnic sensibility — ideal for festive occasions, everyday wear, gifting and special celebrations.

Key Highlights:
• Premium soft-touch fabric with a comfortable hand feel
• Tailored fit designed for all-day comfort and easy movement
• Durable double-stitched seams and color-fast dyes for long-lasting wear
• Easy care — machine washable, low maintenance
• Versatile styling — pair with traditional or contemporary essentials

Why shop the Gold Net With Floral Sequins Work Saree With Unstiched Blouse at BUTTERBYTE STORE? Enjoy authentic quality, pan-India shipping, secure checkout, easy 7-day returns and dedicated customer support. Elevate your ethnic and everyday wardrobe with BUTTERBYTE STORE — premium fashion for the modern Indian.",3750.00,3000.00,20,25,In Stock,f,f,t,4.3,0,2026-05-30 23:57:40.782062+00
c380ea37-affc-410a-a965-9db7ce216aba,saree-with-designer-unstitched-blouse-with-unstitched,Saree With Designer Unstitched Blouse With Unstitched,BUTTERBYTE STORE,BB-SAREE-011,dd552623-10c7-4a73-8ad4-d3211cccce74,"Discover the Saree With Designer Unstitched Blouse With Unstitched from BUTTERBYTE STORE — a thoughtfully designed saree crafted for the modern Indian wardrobe. Made with premium, breathable fabric and finished with meticulous tailoring, this Saree With Designer Unstitched Blouse With Unstitched blends contemporary design with timeless ethnic sensibility — ideal for festive occasions, everyday wear, gifting and special celebrations.

Key Highlights:
• Premium soft-touch fabric with a comfortable hand feel
• Tailored fit designed for all-day comfort and easy movement
• Durable double-stitched seams and color-fast dyes for long-lasting wear
• Easy care — machine washable, low maintenance
• Versatile styling — pair with traditional or contemporary essentials

Why shop the Saree With Designer Unstitched Blouse With Unstitched at BUTTERBYTE STORE? Enjoy authentic quality, pan-India shipping, secure checkout, easy 7-day returns and dedicated customer support. Elevate your ethnic and everyday wardrobe with BUTTERBYTE STORE — premium fashion for the modern Indian.",2750.00,2200.00,20,25,In Stock,f,f,t,4.3,0,2026-05-30 23:57:40.851248+00
4a290f88-73c0-4523-adb0-c5c1e7ea51ec,white-georgette-ruffled-boho-top,White Georgette Ruffled Boho Top,BUTTERBYTE STORE,BB-TOPS-002,5af8213b-af8d-4e0b-b176-dfff53880fe9,"Discover the White Georgette Ruffled Boho Top from BUTTERBYTE STORE — a thoughtfully designed tops crafted for the modern Indian wardrobe. Made with premium, breathable fabric and finished with meticulous tailoring, this White Georgette Ruffled Boho Top blends contemporary design with timeless ethnic sensibility — ideal for festive occasions, everyday wear, gifting and special celebrations.

Key Highlights:
• Premium soft-touch fabric with a comfortable hand feel
• Tailored fit designed for all-day comfort and easy movement
• Durable double-stitched seams and color-fast dyes for long-lasting wear
• Easy care — machine washable, low maintenance
• Versatile styling — pair with traditional or contemporary essentials

Why shop the White Georgette Ruffled Boho Top at BUTTERBYTE STORE? Enjoy authentic quality, pan-India shipping, secure checkout, easy 7-day returns and dedicated customer support. Elevate your ethnic and everyday wardrobe with BUTTERBYTE STORE — premium fashion for the modern Indian.",3000.00,2400.00,20,25,In Stock,t,f,f,4.3,0,2026-05-30 23:57:43.007087+00
35b7655e-1a39-4c48-89e6-c11d1c27a7d3,georgette-mauve-embellished-saree-with-unstitched-blouse,Georgette Mauve Embellished Saree With Unstitched Blouse,BUTTERBYTE STORE,BB-SAREE-012,dd552623-10c7-4a73-8ad4-d3211cccce74,"Discover the Georgette Mauve Embellished Saree With Unstitched Blouse from BUTTERBYTE STORE — a thoughtfully designed saree crafted for the modern Indian wardrobe. Made with premium, breathable fabric and finished with meticulous tailoring, this Georgette Mauve Embellished Saree With Unstitched Blouse blends contemporary design with timeless ethnic sensibility — ideal for festive occasions, everyday wear, gifting and special celebrations.

Key Highlights:
• Premium soft-touch fabric with a comfortable hand feel
• Tailored fit designed for all-day comfort and easy movement
• Durable double-stitched seams and color-fast dyes for long-lasting wear
• Easy care — machine washable, low maintenance
• Versatile styling — pair with traditional or contemporary essentials

Why shop the Georgette Mauve Embellished Saree With Unstitched Blouse at BUTTERBYTE STORE? Enjoy authentic quality, pan-India shipping, secure checkout, easy 7-day returns and dedicated customer support. Elevate your ethnic and everyday wardrobe with BUTTERBYTE STORE — premium fashion for the modern Indian.",1187.50,950.00,20,25,In Stock,f,f,t,4.3,0,2026-05-30 23:57:40.920561+00
40abffdc-1ae1-440f-93be-0c2ce84fff17,scalloped-border-saree-with-unstitched-blouse,Scalloped Border Saree With Unstitched Blouse,BUTTERBYTE STORE,BB-SAREE-013,dd552623-10c7-4a73-8ad4-d3211cccce74,"Discover the Scalloped Border Saree With Unstitched Blouse from BUTTERBYTE STORE — a thoughtfully designed saree crafted for the modern Indian wardrobe. Made with premium, breathable fabric and finished with meticulous tailoring, this Scalloped Border Saree With Unstitched Blouse blends contemporary design with timeless ethnic sensibility — ideal for festive occasions, everyday wear, gifting and special celebrations.

Key Highlights:
• Premium soft-touch fabric with a comfortable hand feel
• Tailored fit designed for all-day comfort and easy movement
• Durable double-stitched seams and color-fast dyes for long-lasting wear
• Easy care — machine washable, low maintenance
• Versatile styling — pair with traditional or contemporary essentials

Why shop the Scalloped Border Saree With Unstitched Blouse at BUTTERBYTE STORE? Enjoy authentic quality, pan-India shipping, secure checkout, easy 7-day returns and dedicated customer support. Elevate your ethnic and everyday wardrobe with BUTTERBYTE STORE — premium fashion for the modern Indian.",2812.50,2250.00,20,25,In Stock,f,f,t,4.3,0,2026-05-30 23:57:40.989795+00
22dbff37-2a1b-494b-87ee-d16abb1e6fd9,thread-work-chiffon-saree-with-unstitched,Thread Work Chiffon Saree With Unstitched,BUTTERBYTE STORE,BB-SAREE-014,dd552623-10c7-4a73-8ad4-d3211cccce74,"Discover the Thread Work Chiffon Saree With Unstitched from BUTTERBYTE STORE — a thoughtfully designed saree crafted for the modern Indian wardrobe. Made with premium, breathable fabric and finished with meticulous tailoring, this Thread Work Chiffon Saree With Unstitched blends contemporary design with timeless ethnic sensibility — ideal for festive occasions, everyday wear, gifting and special celebrations.

Key Highlights:
• Premium soft-touch fabric with a comfortable hand feel
• Tailored fit designed for all-day comfort and easy movement
• Durable double-stitched seams and color-fast dyes for long-lasting wear
• Easy care — machine washable, low maintenance
• Versatile styling — pair with traditional or contemporary essentials

Why shop the Thread Work Chiffon Saree With Unstitched at BUTTERBYTE STORE? Enjoy authentic quality, pan-India shipping, secure checkout, easy 7-day returns and dedicated customer support. Elevate your ethnic and everyday wardrobe with BUTTERBYTE STORE — premium fashion for the modern Indian.",687.50,550.00,20,25,In Stock,f,f,t,4.3,0,2026-05-30 23:57:41.059263+00
9438e8a3-8c25-4375-b150-94fe532a7109,elegance-temple-tissue-saree-with-unstitched-blouse,Elegance Temple Tissue Saree With Unstitched Blouse,BUTTERBYTE STORE,BB-SAREE-015,dd552623-10c7-4a73-8ad4-d3211cccce74,"Discover the Elegance Temple Tissue Saree With Unstitched Blouse from BUTTERBYTE STORE — a thoughtfully designed saree crafted for the modern Indian wardrobe. Made with premium, breathable fabric and finished with meticulous tailoring, this Elegance Temple Tissue Saree With Unstitched Blouse blends contemporary design with timeless ethnic sensibility — ideal for festive occasions, everyday wear, gifting and special celebrations.

Key Highlights:
• Premium soft-touch fabric with a comfortable hand feel
• Tailored fit designed for all-day comfort and easy movement
• Durable double-stitched seams and color-fast dyes for long-lasting wear
• Easy care — machine washable, low maintenance
• Versatile styling — pair with traditional or contemporary essentials

Why shop the Elegance Temple Tissue Saree With Unstitched Blouse at BUTTERBYTE STORE? Enjoy authentic quality, pan-India shipping, secure checkout, easy 7-day returns and dedicated customer support. Elevate your ethnic and everyday wardrobe with BUTTERBYTE STORE — premium fashion for the modern Indian.",1562.50,1250.00,20,25,In Stock,f,f,f,4.3,0,2026-05-30 23:57:41.128348+00
e3c5645b-1582-4416-b305-e91b735dfb7e,rangoli-silk-heavy-embroidred-saree-with-unstitched,Rangoli Silk Heavy Embroidred Saree With Unstitched,BUTTERBYTE STORE,BB-SAREE-016,dd552623-10c7-4a73-8ad4-d3211cccce74,"Discover the Rangoli Silk Heavy Embroidred Saree With Unstitched from BUTTERBYTE STORE — a thoughtfully designed saree crafted for the modern Indian wardrobe. Made with premium, breathable fabric and finished with meticulous tailoring, this Rangoli Silk Heavy Embroidred Saree With Unstitched blends contemporary design with timeless ethnic sensibility — ideal for festive occasions, everyday wear, gifting and special celebrations.

Key Highlights:
• Premium soft-touch fabric with a comfortable hand feel
• Tailored fit designed for all-day comfort and easy movement
• Durable double-stitched seams and color-fast dyes for long-lasting wear
• Easy care — machine washable, low maintenance
• Versatile styling — pair with traditional or contemporary essentials

Why shop the Rangoli Silk Heavy Embroidred Saree With Unstitched at BUTTERBYTE STORE? Enjoy authentic quality, pan-India shipping, secure checkout, easy 7-day returns and dedicated customer support. Elevate your ethnic and everyday wardrobe with BUTTERBYTE STORE — premium fashion for the modern Indian.",1687.50,1350.00,20,25,In Stock,f,f,f,4.3,0,2026-05-30 23:57:41.198084+00
0aec2926-bad0-4dc4-a34b-870e6cc80f4f,party-wear-embroidery-saree-with-unstitched-blouse,Party Wear Embroidery Saree With Unstitched Blouse,BUTTERBYTE STORE,BB-SAREE-017,dd552623-10c7-4a73-8ad4-d3211cccce74,"Discover the Party Wear Embroidery Saree With Unstitched Blouse from BUTTERBYTE STORE — a thoughtfully designed saree crafted for the modern Indian wardrobe. Made with premium, breathable fabric and finished with meticulous tailoring, this Party Wear Embroidery Saree With Unstitched Blouse blends contemporary design with timeless ethnic sensibility — ideal for festive occasions, everyday wear, gifting and special celebrations.

Key Highlights:
• Premium soft-touch fabric with a comfortable hand feel
• Tailored fit designed for all-day comfort and easy movement
• Durable double-stitched seams and color-fast dyes for long-lasting wear
• Easy care — machine washable, low maintenance
• Versatile styling — pair with traditional or contemporary essentials

Why shop the Party Wear Embroidery Saree With Unstitched Blouse at BUTTERBYTE STORE? Enjoy authentic quality, pan-India shipping, secure checkout, easy 7-day returns and dedicated customer support. Elevate your ethnic and everyday wardrobe with BUTTERBYTE STORE — premium fashion for the modern Indian.",1187.50,950.00,20,25,In Stock,f,f,f,4.3,0,2026-05-30 23:57:41.267492+00
4e4146e2-702a-417f-b84f-076d9e46edfa,coastal-linen-saree-with-unstitched,Coastal Linen Saree With Unstitched,BUTTERBYTE STORE,BB-SAREE-018,dd552623-10c7-4a73-8ad4-d3211cccce74,"Discover the Coastal Linen Saree With Unstitched from BUTTERBYTE STORE — a thoughtfully designed saree crafted for the modern Indian wardrobe. Made with premium, breathable fabric and finished with meticulous tailoring, this Coastal Linen Saree With Unstitched blends contemporary design with timeless ethnic sensibility — ideal for festive occasions, everyday wear, gifting and special celebrations.

Key Highlights:
• Premium soft-touch fabric with a comfortable hand feel
• Tailored fit designed for all-day comfort and easy movement
• Durable double-stitched seams and color-fast dyes for long-lasting wear
• Easy care — machine washable, low maintenance
• Versatile styling — pair with traditional or contemporary essentials

Why shop the Coastal Linen Saree With Unstitched at BUTTERBYTE STORE? Enjoy authentic quality, pan-India shipping, secure checkout, easy 7-day returns and dedicated customer support. Elevate your ethnic and everyday wardrobe with BUTTERBYTE STORE — premium fashion for the modern Indian.",2062.50,1650.00,20,25,In Stock,f,f,f,4.3,0,2026-05-30 23:57:41.337678+00
44cf61b7-ab42-485f-8e8d-96074f230d78,women-paper-silk-grey-embellished-saree-with-unstitched-blouse,Women Paper Silk Grey Embellished Saree With Unstitched Blouse,BUTTERBYTE STORE,BB-SAREE-019,dd552623-10c7-4a73-8ad4-d3211cccce74,"Discover the Women Paper Silk Grey Embellished Saree With Unstitched Blouse from BUTTERBYTE STORE — a thoughtfully designed saree crafted for the modern Indian wardrobe. Made with premium, breathable fabric and finished with meticulous tailoring, this Women Paper Silk Grey Embellished Saree With Unstitched Blouse blends contemporary design with timeless ethnic sensibility — ideal for festive occasions, everyday wear, gifting and special celebrations.

Key Highlights:
• Premium soft-touch fabric with a comfortable hand feel
• Tailored fit designed for all-day comfort and easy movement
• Durable double-stitched seams and color-fast dyes for long-lasting wear
• Easy care — machine washable, low maintenance
• Versatile styling — pair with traditional or contemporary essentials

Why shop the Women Paper Silk Grey Embellished Saree With Unstitched Blouse at BUTTERBYTE STORE? Enjoy authentic quality, pan-India shipping, secure checkout, easy 7-day returns and dedicated customer support. Elevate your ethnic and everyday wardrobe with BUTTERBYTE STORE — premium fashion for the modern Indian.",1500.00,1200.00,20,25,In Stock,f,f,f,4.3,0,2026-05-30 23:57:41.407329+00
72807f71-cf61-4fb6-ae4d-e44bb97075e7,soft-net-floral-embroidered-saree,Soft Net Floral Embroidered Saree,BUTTERBYTE STORE,BB-SAREE-020,dd552623-10c7-4a73-8ad4-d3211cccce74,"Discover the Soft Net Floral Embroidered Saree from BUTTERBYTE STORE — a thoughtfully designed saree crafted for the modern Indian wardrobe. Made with premium, breathable fabric and finished with meticulous tailoring, this Soft Net Floral Embroidered Saree blends contemporary design with timeless ethnic sensibility — ideal for festive occasions, everyday wear, gifting and special celebrations.

Key Highlights:
• Premium soft-touch fabric with a comfortable hand feel
• Tailored fit designed for all-day comfort and easy movement
• Durable double-stitched seams and color-fast dyes for long-lasting wear
• Easy care — machine washable, low maintenance
• Versatile styling — pair with traditional or contemporary essentials

Why shop the Soft Net Floral Embroidered Saree at BUTTERBYTE STORE? Enjoy authentic quality, pan-India shipping, secure checkout, easy 7-day returns and dedicated customer support. Elevate your ethnic and everyday wardrobe with BUTTERBYTE STORE — premium fashion for the modern Indian.",2250.00,1800.00,20,25,In Stock,f,f,f,4.3,0,2026-05-30 23:57:41.476579+00
c5b4b4c1-b034-4073-bf80-b1231d88b41f,georgette-embellished-designer-saree-with-unstitched,Georgette Embellished Designer Saree With Unstitched,BUTTERBYTE STORE,BB-SAREE-021,dd552623-10c7-4a73-8ad4-d3211cccce74,"Discover the Georgette Embellished Designer Saree With Unstitched from BUTTERBYTE STORE — a thoughtfully designed saree crafted for the modern Indian wardrobe. Made with premium, breathable fabric and finished with meticulous tailoring, this Georgette Embellished Designer Saree With Unstitched blends contemporary design with timeless ethnic sensibility — ideal for festive occasions, everyday wear, gifting and special celebrations.

Key Highlights:
• Premium soft-touch fabric with a comfortable hand feel
• Tailored fit designed for all-day comfort and easy movement
• Durable double-stitched seams and color-fast dyes for long-lasting wear
• Easy care — machine washable, low maintenance
• Versatile styling — pair with traditional or contemporary essentials

Why shop the Georgette Embellished Designer Saree With Unstitched at BUTTERBYTE STORE? Enjoy authentic quality, pan-India shipping, secure checkout, easy 7-day returns and dedicated customer support. Elevate your ethnic and everyday wardrobe with BUTTERBYTE STORE — premium fashion for the modern Indian.",375.00,300.00,20,25,In Stock,f,f,f,4.3,0,2026-05-30 23:57:41.546254+00
b04608e6-c0dc-4b50-8d72-17ca5c5b7310,dual-shade-butter-chiffon-saree-with-unstitched-blouse,Dual Shade Butter Chiffon Saree With Unstitched Blouse,BUTTERBYTE STORE,BB-SAREE-022,dd552623-10c7-4a73-8ad4-d3211cccce74,"Discover the Dual Shade Butter Chiffon Saree With Unstitched Blouse from BUTTERBYTE STORE — a thoughtfully designed saree crafted for the modern Indian wardrobe. Made with premium, breathable fabric and finished with meticulous tailoring, this Dual Shade Butter Chiffon Saree With Unstitched Blouse blends contemporary design with timeless ethnic sensibility — ideal for festive occasions, everyday wear, gifting and special celebrations.

Key Highlights:
• Premium soft-touch fabric with a comfortable hand feel
• Tailored fit designed for all-day comfort and easy movement
• Durable double-stitched seams and color-fast dyes for long-lasting wear
• Easy care — machine washable, low maintenance
• Versatile styling — pair with traditional or contemporary essentials

Why shop the Dual Shade Butter Chiffon Saree With Unstitched Blouse at BUTTERBYTE STORE? Enjoy authentic quality, pan-India shipping, secure checkout, easy 7-day returns and dedicated customer support. Elevate your ethnic and everyday wardrobe with BUTTERBYTE STORE — premium fashion for the modern Indian.",1125.00,900.00,20,25,In Stock,f,f,f,4.3,0,2026-05-30 23:57:41.615917+00
61b08f89-2e37-4826-82ef-2041b4d56ac1,designer-banarasi-silk-kanjivaram-saree,Designer Banarasi Silk Kanjivaram Saree,BUTTERBYTE STORE,BB-SAREE-023,dd552623-10c7-4a73-8ad4-d3211cccce74,"Discover the Designer Banarasi Silk Kanjivaram Saree from BUTTERBYTE STORE — a thoughtfully designed saree crafted for the modern Indian wardrobe. Made with premium, breathable fabric and finished with meticulous tailoring, this Designer Banarasi Silk Kanjivaram Saree blends contemporary design with timeless ethnic sensibility — ideal for festive occasions, everyday wear, gifting and special celebrations.

Key Highlights:
• Premium soft-touch fabric with a comfortable hand feel
• Tailored fit designed for all-day comfort and easy movement
• Durable double-stitched seams and color-fast dyes for long-lasting wear
• Easy care — machine washable, low maintenance
• Versatile styling — pair with traditional or contemporary essentials

Why shop the Designer Banarasi Silk Kanjivaram Saree at BUTTERBYTE STORE? Enjoy authentic quality, pan-India shipping, secure checkout, easy 7-day returns and dedicated customer support. Elevate your ethnic and everyday wardrobe with BUTTERBYTE STORE — premium fashion for the modern Indian.",3312.50,2650.00,20,25,In Stock,f,f,f,4.3,0,2026-05-30 23:57:41.685408+00
d39f23f9-443f-4d4e-9ce5-4a948d2cf2fe,woven-banarasi-silk-designer-solid-kanjivaram-saree-with-unstitched,Woven Banarasi Silk Designer Solid Kanjivaram Saree With Unstitched,BUTTERBYTE STORE,BB-SAREE-024,dd552623-10c7-4a73-8ad4-d3211cccce74,"Discover the Woven Banarasi Silk Designer Solid Kanjivaram Saree With Unstitched from BUTTERBYTE STORE — a thoughtfully designed saree crafted for the modern Indian wardrobe. Made with premium, breathable fabric and finished with meticulous tailoring, this Woven Banarasi Silk Designer Solid Kanjivaram Saree With Unstitched blends contemporary design with timeless ethnic sensibility — ideal for festive occasions, everyday wear, gifting and special celebrations.

Key Highlights:
• Premium soft-touch fabric with a comfortable hand feel
• Tailored fit designed for all-day comfort and easy movement
• Durable double-stitched seams and color-fast dyes for long-lasting wear
• Easy care — machine washable, low maintenance
• Versatile styling — pair with traditional or contemporary essentials

Why shop the Woven Banarasi Silk Designer Solid Kanjivaram Saree With Unstitched at BUTTERBYTE STORE? Enjoy authentic quality, pan-India shipping, secure checkout, easy 7-day returns and dedicated customer support. Elevate your ethnic and everyday wardrobe with BUTTERBYTE STORE — premium fashion for the modern Indian.",3000.00,2400.00,20,25,In Stock,f,f,f,4.3,0,2026-05-30 23:57:41.756446+00
d15d5b57-5b03-4bc9-b508-8f858717b5b8,brown-crepe-floral-saree-with-unstitched-blouse-boho-naari,Brown Crepe Floral Saree With Unstitched Blouse Boho Naari,BUTTERBYTE STORE,BB-SAREE-025,dd552623-10c7-4a73-8ad4-d3211cccce74,"Discover the Brown Crepe Floral Saree With Unstitched Blouse Boho Naari from BUTTERBYTE STORE — a thoughtfully designed saree crafted for the modern Indian wardrobe. Made with premium, breathable fabric and finished with meticulous tailoring, this Brown Crepe Floral Saree With Unstitched Blouse Boho Naari blends contemporary design with timeless ethnic sensibility — ideal for festive occasions, everyday wear, gifting and special celebrations.

Key Highlights:
• Premium soft-touch fabric with a comfortable hand feel
• Tailored fit designed for all-day comfort and easy movement
• Durable double-stitched seams and color-fast dyes for long-lasting wear
• Easy care — machine washable, low maintenance
• Versatile styling — pair with traditional or contemporary essentials

Why shop the Brown Crepe Floral Saree With Unstitched Blouse Boho Naari at BUTTERBYTE STORE? Enjoy authentic quality, pan-India shipping, secure checkout, easy 7-day returns and dedicated customer support. Elevate your ethnic and everyday wardrobe with BUTTERBYTE STORE — premium fashion for the modern Indian.",3062.50,2450.00,20,25,In Stock,f,f,f,4.3,0,2026-05-30 23:57:41.825971+00
d8489302-3799-4524-bbee-f8c06f64e3ba,saree-with-embroidered-with-unstitched,Saree With Embroidered With Unstitched,BUTTERBYTE STORE,BB-SAREE-026,dd552623-10c7-4a73-8ad4-d3211cccce74,"Discover the Saree With Embroidered With Unstitched from BUTTERBYTE STORE — a thoughtfully designed saree crafted for the modern Indian wardrobe. Made with premium, breathable fabric and finished with meticulous tailoring, this Saree With Embroidered With Unstitched blends contemporary design with timeless ethnic sensibility — ideal for festive occasions, everyday wear, gifting and special celebrations.

Key Highlights:
• Premium soft-touch fabric with a comfortable hand feel
• Tailored fit designed for all-day comfort and easy movement
• Durable double-stitched seams and color-fast dyes for long-lasting wear
• Easy care — machine washable, low maintenance
• Versatile styling — pair with traditional or contemporary essentials

Why shop the Saree With Embroidered With Unstitched at BUTTERBYTE STORE? Enjoy authentic quality, pan-India shipping, secure checkout, easy 7-day returns and dedicated customer support. Elevate your ethnic and everyday wardrobe with BUTTERBYTE STORE — premium fashion for the modern Indian.",812.50,650.00,20,25,In Stock,f,f,f,4.3,0,2026-05-30 23:57:41.89508+00
f307d5d9-7b5f-4bbe-b49f-dfb66d20ffa7,red-bandhani-saree-with-mirror-work-with-unstitched,Red Bandhani Saree With Mirror Work With Unstitched,BUTTERBYTE STORE,BB-SAREE-027,dd552623-10c7-4a73-8ad4-d3211cccce74,"Discover the Red Bandhani Saree With Mirror Work With Unstitched from BUTTERBYTE STORE — a thoughtfully designed saree crafted for the modern Indian wardrobe. Made with premium, breathable fabric and finished with meticulous tailoring, this Red Bandhani Saree With Mirror Work With Unstitched blends contemporary design with timeless ethnic sensibility — ideal for festive occasions, everyday wear, gifting and special celebrations.

Key Highlights:
• Premium soft-touch fabric with a comfortable hand feel
• Tailored fit designed for all-day comfort and easy movement
• Durable double-stitched seams and color-fast dyes for long-lasting wear
• Easy care — machine washable, low maintenance
• Versatile styling — pair with traditional or contemporary essentials

Why shop the Red Bandhani Saree With Mirror Work With Unstitched at BUTTERBYTE STORE? Enjoy authentic quality, pan-India shipping, secure checkout, easy 7-day returns and dedicated customer support. Elevate your ethnic and everyday wardrobe with BUTTERBYTE STORE — premium fashion for the modern Indian.",1687.50,1350.00,20,25,In Stock,f,f,f,4.3,0,2026-05-30 23:57:41.964531+00
ffdf19a7-9ab5-4af1-a95f-af2abdef82a5,banarasi-crush-embellished-saree-with-unstitched-blouse,Banarasi Crush Embellished Saree With Unstitched Blouse,BUTTERBYTE STORE,BB-SAREE-028,dd552623-10c7-4a73-8ad4-d3211cccce74,"Discover the Banarasi Crush Embellished Saree With Unstitched Blouse from BUTTERBYTE STORE — a thoughtfully designed saree crafted for the modern Indian wardrobe. Made with premium, breathable fabric and finished with meticulous tailoring, this Banarasi Crush Embellished Saree With Unstitched Blouse blends contemporary design with timeless ethnic sensibility — ideal for festive occasions, everyday wear, gifting and special celebrations.

Key Highlights:
• Premium soft-touch fabric with a comfortable hand feel
• Tailored fit designed for all-day comfort and easy movement
• Durable double-stitched seams and color-fast dyes for long-lasting wear
• Easy care — machine washable, low maintenance
• Versatile styling — pair with traditional or contemporary essentials

Why shop the Banarasi Crush Embellished Saree With Unstitched Blouse at BUTTERBYTE STORE? Enjoy authentic quality, pan-India shipping, secure checkout, easy 7-day returns and dedicated customer support. Elevate your ethnic and everyday wardrobe with BUTTERBYTE STORE — premium fashion for the modern Indian.",2000.00,1600.00,20,25,In Stock,f,f,f,4.3,0,2026-05-30 23:57:42.033784+00
dac826bf-0ecf-4416-9303-d4f2a90d1d19,premium-luxe-sequin-infused-purple-saree-with-unstitched-blouse,Premium Luxe Sequin Infused Purple Saree With Unstitched Blouse,BUTTERBYTE STORE,BB-SAREE-029,dd552623-10c7-4a73-8ad4-d3211cccce74,"Discover the Premium Luxe Sequin Infused Purple Saree With Unstitched Blouse from BUTTERBYTE STORE — a thoughtfully designed saree crafted for the modern Indian wardrobe. Made with premium, breathable fabric and finished with meticulous tailoring, this Premium Luxe Sequin Infused Purple Saree With Unstitched Blouse blends contemporary design with timeless ethnic sensibility — ideal for festive occasions, everyday wear, gifting and special celebrations.

Key Highlights:
• Premium soft-touch fabric with a comfortable hand feel
• Tailored fit designed for all-day comfort and easy movement
• Durable double-stitched seams and color-fast dyes for long-lasting wear
• Easy care — machine washable, low maintenance
• Versatile styling — pair with traditional or contemporary essentials

Why shop the Premium Luxe Sequin Infused Purple Saree With Unstitched Blouse at BUTTERBYTE STORE? Enjoy authentic quality, pan-India shipping, secure checkout, easy 7-day returns and dedicated customer support. Elevate your ethnic and everyday wardrobe with BUTTERBYTE STORE — premium fashion for the modern Indian.",2875.00,2300.00,20,25,In Stock,f,f,f,4.3,0,2026-05-30 23:57:42.103801+00
c0c41bf6-126c-43b0-a2fd-056eba3ac764,embroidered-designer-saree-with-unstitched-blouse,Embroidered Designer Saree With Unstitched Blouse,BUTTERBYTE STORE,BB-SAREE-030,dd552623-10c7-4a73-8ad4-d3211cccce74,"Discover the Embroidered Designer Saree With Unstitched Blouse from BUTTERBYTE STORE — a thoughtfully designed saree crafted for the modern Indian wardrobe. Made with premium, breathable fabric and finished with meticulous tailoring, this Embroidered Designer Saree With Unstitched Blouse blends contemporary design with timeless ethnic sensibility — ideal for festive occasions, everyday wear, gifting and special celebrations.

Key Highlights:
• Premium soft-touch fabric with a comfortable hand feel
• Tailored fit designed for all-day comfort and easy movement
• Durable double-stitched seams and color-fast dyes for long-lasting wear
• Easy care — machine washable, low maintenance
• Versatile styling — pair with traditional or contemporary essentials

Why shop the Embroidered Designer Saree With Unstitched Blouse at BUTTERBYTE STORE? Enjoy authentic quality, pan-India shipping, secure checkout, easy 7-day returns and dedicated customer support. Elevate your ethnic and everyday wardrobe with BUTTERBYTE STORE — premium fashion for the modern Indian.",500.00,400.00,20,25,In Stock,f,f,f,4.3,0,2026-05-30 23:57:42.173048+00
2f4a44a1-40b4-4481-bdac-132d15d4a7ee,designer-linen-silk-printed-saree-with-unstitched-blouse,Designer Linen Silk Printed Saree With Unstitched Blouse,BUTTERBYTE STORE,BB-SAREE-031,dd552623-10c7-4a73-8ad4-d3211cccce74,"Discover the Designer Linen Silk Printed Saree With Unstitched Blouse from BUTTERBYTE STORE — a thoughtfully designed saree crafted for the modern Indian wardrobe. Made with premium, breathable fabric and finished with meticulous tailoring, this Designer Linen Silk Printed Saree With Unstitched Blouse blends contemporary design with timeless ethnic sensibility — ideal for festive occasions, everyday wear, gifting and special celebrations.

Key Highlights:
• Premium soft-touch fabric with a comfortable hand feel
• Tailored fit designed for all-day comfort and easy movement
• Durable double-stitched seams and color-fast dyes for long-lasting wear
• Easy care — machine washable, low maintenance
• Versatile styling — pair with traditional or contemporary essentials

Why shop the Designer Linen Silk Printed Saree With Unstitched Blouse at BUTTERBYTE STORE? Enjoy authentic quality, pan-India shipping, secure checkout, easy 7-day returns and dedicated customer support. Elevate your ethnic and everyday wardrobe with BUTTERBYTE STORE — premium fashion for the modern Indian.",1250.00,1000.00,20,25,In Stock,f,f,f,4.3,0,2026-05-30 23:57:42.242396+00
a59b3520-df72-4aec-9f6d-3246c054fb4b,saree-with-unstitched-blouse-with-unstitched,Saree With Unstitched Blouse With Unstitched,BUTTERBYTE STORE,BB-SAREE-032,dd552623-10c7-4a73-8ad4-d3211cccce74,"Discover the Saree With Unstitched Blouse With Unstitched from BUTTERBYTE STORE — a thoughtfully designed saree crafted for the modern Indian wardrobe. Made with premium, breathable fabric and finished with meticulous tailoring, this Saree With Unstitched Blouse With Unstitched blends contemporary design with timeless ethnic sensibility — ideal for festive occasions, everyday wear, gifting and special celebrations.

Key Highlights:
• Premium soft-touch fabric with a comfortable hand feel
• Tailored fit designed for all-day comfort and easy movement
• Durable double-stitched seams and color-fast dyes for long-lasting wear
• Easy care — machine washable, low maintenance
• Versatile styling — pair with traditional or contemporary essentials

Why shop the Saree With Unstitched Blouse With Unstitched at BUTTERBYTE STORE? Enjoy authentic quality, pan-India shipping, secure checkout, easy 7-day returns and dedicated customer support. Elevate your ethnic and everyday wardrobe with BUTTERBYTE STORE — premium fashion for the modern Indian.",2687.50,2150.00,20,25,In Stock,f,f,f,4.3,0,2026-05-30 23:57:42.311296+00
c80c260c-175c-49e0-8d75-b68a00f0a385,organza-embellished-saree-with-unstitched-blouse-with-unstitched,Organza Embellished Saree With Unstitched Blouse With Unstitched,BUTTERBYTE STORE,BB-SAREE-033,dd552623-10c7-4a73-8ad4-d3211cccce74,"Discover the Organza Embellished Saree With Unstitched Blouse With Unstitched from BUTTERBYTE STORE — a thoughtfully designed saree crafted for the modern Indian wardrobe. Made with premium, breathable fabric and finished with meticulous tailoring, this Organza Embellished Saree With Unstitched Blouse With Unstitched blends contemporary design with timeless ethnic sensibility — ideal for festive occasions, everyday wear, gifting and special celebrations.

Key Highlights:
• Premium soft-touch fabric with a comfortable hand feel
• Tailored fit designed for all-day comfort and easy movement
• Durable double-stitched seams and color-fast dyes for long-lasting wear
• Easy care — machine washable, low maintenance
• Versatile styling — pair with traditional or contemporary essentials

Why shop the Organza Embellished Saree With Unstitched Blouse With Unstitched at BUTTERBYTE STORE? Enjoy authentic quality, pan-India shipping, secure checkout, easy 7-day returns and dedicated customer support. Elevate your ethnic and everyday wardrobe with BUTTERBYTE STORE — premium fashion for the modern Indian.",2500.00,2000.00,20,25,In Stock,f,f,f,4.3,0,2026-05-30 23:57:42.380751+00
4f2ea814-10bf-436f-a6e5-3c16e6fb5933,georgette-floral-print-embellished-saree-blushed-affair-free-size,Georgette Floral Print Embellished Saree Blushed Affair Free Size,BUTTERBYTE STORE,BB-SAREE-034,dd552623-10c7-4a73-8ad4-d3211cccce74,"Discover the Georgette Floral Print Embellished Saree Blushed Affair Free Size from BUTTERBYTE STORE — a thoughtfully designed saree crafted for the modern Indian wardrobe. Made with premium, breathable fabric and finished with meticulous tailoring, this Georgette Floral Print Embellished Saree Blushed Affair Free Size blends contemporary design with timeless ethnic sensibility — ideal for festive occasions, everyday wear, gifting and special celebrations.

Key Highlights:
• Premium soft-touch fabric with a comfortable hand feel
• Tailored fit designed for all-day comfort and easy movement
• Durable double-stitched seams and color-fast dyes for long-lasting wear
• Easy care — machine washable, low maintenance
• Versatile styling — pair with traditional or contemporary essentials

Why shop the Georgette Floral Print Embellished Saree Blushed Affair Free Size at BUTTERBYTE STORE? Enjoy authentic quality, pan-India shipping, secure checkout, easy 7-day returns and dedicated customer support. Elevate your ethnic and everyday wardrobe with BUTTERBYTE STORE — premium fashion for the modern Indian.",3062.50,2450.00,20,25,In Stock,f,f,f,4.3,0,2026-05-30 23:57:42.449961+00
23e6f149-b621-40b7-bc6f-6ec84b829d8c,chiffon-festive-saree-with-unstitched-blouse,Chiffon Festive Saree With Unstitched Blouse,BUTTERBYTE STORE,BB-SAREE-035,dd552623-10c7-4a73-8ad4-d3211cccce74,"Discover the Chiffon Festive Saree With Unstitched Blouse from BUTTERBYTE STORE — a thoughtfully designed saree crafted for the modern Indian wardrobe. Made with premium, breathable fabric and finished with meticulous tailoring, this Chiffon Festive Saree With Unstitched Blouse blends contemporary design with timeless ethnic sensibility — ideal for festive occasions, everyday wear, gifting and special celebrations.

Key Highlights:
• Premium soft-touch fabric with a comfortable hand feel
• Tailored fit designed for all-day comfort and easy movement
• Durable double-stitched seams and color-fast dyes for long-lasting wear
• Easy care — machine washable, low maintenance
• Versatile styling — pair with traditional or contemporary essentials

Why shop the Chiffon Festive Saree With Unstitched Blouse at BUTTERBYTE STORE? Enjoy authentic quality, pan-India shipping, secure checkout, easy 7-day returns and dedicated customer support. Elevate your ethnic and everyday wardrobe with BUTTERBYTE STORE — premium fashion for the modern Indian.",3625.00,2900.00,20,25,In Stock,f,f,f,4.3,0,2026-05-30 23:57:42.519456+00
0ed44d91-28e0-4691-89a0-f0fd5f32c123,silk-blend-embellished-saree-with-unstitched,Silk Blend Embellished Saree With Unstitched,BUTTERBYTE STORE,BB-SAREE-036,dd552623-10c7-4a73-8ad4-d3211cccce74,"Discover the Silk Blend Embellished Saree With Unstitched from BUTTERBYTE STORE — a thoughtfully designed saree crafted for the modern Indian wardrobe. Made with premium, breathable fabric and finished with meticulous tailoring, this Silk Blend Embellished Saree With Unstitched blends contemporary design with timeless ethnic sensibility — ideal for festive occasions, everyday wear, gifting and special celebrations.

Key Highlights:
• Premium soft-touch fabric with a comfortable hand feel
• Tailored fit designed for all-day comfort and easy movement
• Durable double-stitched seams and color-fast dyes for long-lasting wear
• Easy care — machine washable, low maintenance
• Versatile styling — pair with traditional or contemporary essentials

Why shop the Silk Blend Embellished Saree With Unstitched at BUTTERBYTE STORE? Enjoy authentic quality, pan-India shipping, secure checkout, easy 7-day returns and dedicated customer support. Elevate your ethnic and everyday wardrobe with BUTTERBYTE STORE — premium fashion for the modern Indian.",3437.50,2750.00,20,25,In Stock,f,f,f,4.3,0,2026-05-30 23:57:42.590694+00
36ab5ab4-7a8c-4ee2-8f8d-ec48b7f5200f,women-satin-beige-embroidered-saree-with-unstitched-blouse,Women Satin Beige Embroidered Saree With Unstitched Blouse,BUTTERBYTE STORE,BB-SAREE-037,dd552623-10c7-4a73-8ad4-d3211cccce74,"Discover the Women Satin Beige Embroidered Saree With Unstitched Blouse from BUTTERBYTE STORE — a thoughtfully designed saree crafted for the modern Indian wardrobe. Made with premium, breathable fabric and finished with meticulous tailoring, this Women Satin Beige Embroidered Saree With Unstitched Blouse blends contemporary design with timeless ethnic sensibility — ideal for festive occasions, everyday wear, gifting and special celebrations.

Key Highlights:
• Premium soft-touch fabric with a comfortable hand feel
• Tailored fit designed for all-day comfort and easy movement
• Durable double-stitched seams and color-fast dyes for long-lasting wear
• Easy care — machine washable, low maintenance
• Versatile styling — pair with traditional or contemporary essentials

Why shop the Women Satin Beige Embroidered Saree With Unstitched Blouse at BUTTERBYTE STORE? Enjoy authentic quality, pan-India shipping, secure checkout, easy 7-day returns and dedicated customer support. Elevate your ethnic and everyday wardrobe with BUTTERBYTE STORE — premium fashion for the modern Indian.",2687.50,2150.00,20,25,In Stock,f,f,f,4.3,0,2026-05-30 23:57:42.659881+00
d29f41e3-0055-4965-8609-097182082cd7,embellished-saree-with-unstitched-blouse,Embellished Saree With Unstitched Blouse,BUTTERBYTE STORE,BB-SAREE-038,dd552623-10c7-4a73-8ad4-d3211cccce74,"Discover the Embellished Saree With Unstitched Blouse from BUTTERBYTE STORE — a thoughtfully designed saree crafted for the modern Indian wardrobe. Made with premium, breathable fabric and finished with meticulous tailoring, this Embellished Saree With Unstitched Blouse blends contemporary design with timeless ethnic sensibility — ideal for festive occasions, everyday wear, gifting and special celebrations.

Key Highlights:
• Premium soft-touch fabric with a comfortable hand feel
• Tailored fit designed for all-day comfort and easy movement
• Durable double-stitched seams and color-fast dyes for long-lasting wear
• Easy care — machine washable, low maintenance
• Versatile styling — pair with traditional or contemporary essentials

Why shop the Embellished Saree With Unstitched Blouse at BUTTERBYTE STORE? Enjoy authentic quality, pan-India shipping, secure checkout, easy 7-day returns and dedicated customer support. Elevate your ethnic and everyday wardrobe with BUTTERBYTE STORE — premium fashion for the modern Indian.",2687.50,2150.00,20,25,In Stock,f,f,f,4.3,0,2026-05-30 23:57:42.729094+00
3a7d14db-7607-4b73-95ab-50be15fe11b1,women-pink-georgette-saree-with-unstitched-blouse,Women Pink Georgette Saree With Unstitched Blouse,BUTTERBYTE STORE,BB-SAREE-039,dd552623-10c7-4a73-8ad4-d3211cccce74,"Discover the Women Pink Georgette Saree With Unstitched Blouse from BUTTERBYTE STORE — a thoughtfully designed saree crafted for the modern Indian wardrobe. Made with premium, breathable fabric and finished with meticulous tailoring, this Women Pink Georgette Saree With Unstitched Blouse blends contemporary design with timeless ethnic sensibility — ideal for festive occasions, everyday wear, gifting and special celebrations.

Key Highlights:
• Premium soft-touch fabric with a comfortable hand feel
• Tailored fit designed for all-day comfort and easy movement
• Durable double-stitched seams and color-fast dyes for long-lasting wear
• Easy care — machine washable, low maintenance
• Versatile styling — pair with traditional or contemporary essentials

Why shop the Women Pink Georgette Saree With Unstitched Blouse at BUTTERBYTE STORE? Enjoy authentic quality, pan-India shipping, secure checkout, easy 7-day returns and dedicated customer support. Elevate your ethnic and everyday wardrobe with BUTTERBYTE STORE — premium fashion for the modern Indian.",2875.00,2300.00,20,25,In Stock,f,f,f,4.3,0,2026-05-30 23:57:42.798365+00
c62750b3-3330-4ca1-88ce-2b085664cf15,woven-banarasi-kanjivaram-saree-with-unstitched-blouse,Woven Banarasi Kanjivaram Saree With Unstitched Blouse,BUTTERBYTE STORE,BB-SAREE-040,dd552623-10c7-4a73-8ad4-d3211cccce74,"Discover the Woven Banarasi Kanjivaram Saree With Unstitched Blouse from BUTTERBYTE STORE — a thoughtfully designed saree crafted for the modern Indian wardrobe. Made with premium, breathable fabric and finished with meticulous tailoring, this Woven Banarasi Kanjivaram Saree With Unstitched Blouse blends contemporary design with timeless ethnic sensibility — ideal for festive occasions, everyday wear, gifting and special celebrations.

Key Highlights:
• Premium soft-touch fabric with a comfortable hand feel
• Tailored fit designed for all-day comfort and easy movement
• Durable double-stitched seams and color-fast dyes for long-lasting wear
• Easy care — machine washable, low maintenance
• Versatile styling — pair with traditional or contemporary essentials

Why shop the Woven Banarasi Kanjivaram Saree With Unstitched Blouse at BUTTERBYTE STORE? Enjoy authentic quality, pan-India shipping, secure checkout, easy 7-day returns and dedicated customer support. Elevate your ethnic and everyday wardrobe with BUTTERBYTE STORE — premium fashion for the modern Indian.",1375.00,1100.00,20,25,In Stock,f,f,f,4.3,0,2026-05-30 23:57:42.86775+00
20c695dd-8b6b-4b6c-824e-dc3567f32a97,pink-printed-crinkled-top,Pink Printed Crinkled Top,BUTTERBYTE STORE,BB-TOPS-001,5af8213b-af8d-4e0b-b176-dfff53880fe9,"Discover the Pink Printed Crinkled Top from BUTTERBYTE STORE — a thoughtfully designed tops crafted for the modern Indian wardrobe. Made with premium, breathable fabric and finished with meticulous tailoring, this Pink Printed Crinkled Top blends contemporary design with timeless ethnic sensibility — ideal for festive occasions, everyday wear, gifting and special celebrations.

Key Highlights:
• Premium soft-touch fabric with a comfortable hand feel
• Tailored fit designed for all-day comfort and easy movement
• Durable double-stitched seams and color-fast dyes for long-lasting wear
• Easy care — machine washable, low maintenance
• Versatile styling — pair with traditional or contemporary essentials

Why shop the Pink Printed Crinkled Top at BUTTERBYTE STORE? Enjoy authentic quality, pan-India shipping, secure checkout, easy 7-day returns and dedicated customer support. Elevate your ethnic and everyday wardrobe with BUTTERBYTE STORE — premium fashion for the modern Indian.",2250.00,1800.00,20,25,In Stock,t,f,f,4.3,0,2026-05-30 23:57:42.937535+00
2adfedca-cf08-4534-a733-0cf933f50d3e,neck-full-sleeve-waist-tie-ups-wrap-top,Neck Full Sleeve Waist Tie Ups Wrap Top,BUTTERBYTE STORE,BB-TOPS-003,5af8213b-af8d-4e0b-b176-dfff53880fe9,"Discover the Neck Full Sleeve Waist Tie Ups Wrap Top from BUTTERBYTE STORE — a thoughtfully designed tops crafted for the modern Indian wardrobe. Made with premium, breathable fabric and finished with meticulous tailoring, this Neck Full Sleeve Waist Tie Ups Wrap Top blends contemporary design with timeless ethnic sensibility — ideal for festive occasions, everyday wear, gifting and special celebrations.

Key Highlights:
• Premium soft-touch fabric with a comfortable hand feel
• Tailored fit designed for all-day comfort and easy movement
• Durable double-stitched seams and color-fast dyes for long-lasting wear
• Easy care — machine washable, low maintenance
• Versatile styling — pair with traditional or contemporary essentials

Why shop the Neck Full Sleeve Waist Tie Ups Wrap Top at BUTTERBYTE STORE? Enjoy authentic quality, pan-India shipping, secure checkout, easy 7-day returns and dedicated customer support. Elevate your ethnic and everyday wardrobe with BUTTERBYTE STORE — premium fashion for the modern Indian.",3750.00,3000.00,20,25,In Stock,t,f,f,4.3,0,2026-05-30 23:57:43.076529+00
1850987e-43a2-43de-86bc-953473d7d29c,navy-blue-solid-three-quarter-sleeves-casual-tops,Navy Blue Solid Three Quarter Sleeves Casual Tops,BUTTERBYTE STORE,BB-TOPS-004,5af8213b-af8d-4e0b-b176-dfff53880fe9,"Discover the Navy Blue Solid Three Quarter Sleeves Casual Tops from BUTTERBYTE STORE — a thoughtfully designed tops crafted for the modern Indian wardrobe. Made with premium, breathable fabric and finished with meticulous tailoring, this Navy Blue Solid Three Quarter Sleeves Casual Tops blends contemporary design with timeless ethnic sensibility — ideal for festive occasions, everyday wear, gifting and special celebrations.

Key Highlights:
• Premium soft-touch fabric with a comfortable hand feel
• Tailored fit designed for all-day comfort and easy movement
• Durable double-stitched seams and color-fast dyes for long-lasting wear
• Easy care — machine washable, low maintenance
• Versatile styling — pair with traditional or contemporary essentials

Why shop the Navy Blue Solid Three Quarter Sleeves Casual Tops at BUTTERBYTE STORE? Enjoy authentic quality, pan-India shipping, secure checkout, easy 7-day returns and dedicated customer support. Elevate your ethnic and everyday wardrobe with BUTTERBYTE STORE — premium fashion for the modern Indian.",2375.00,1900.00,20,25,In Stock,t,f,f,4.3,0,2026-05-30 23:57:43.145635+00
93d5a7f2-8473-4302-8ec2-2d08c7b1f25f,trim-ruched-knotted-tank-top,Trim Ruched Knotted Tank Top,BUTTERBYTE STORE,BB-TOPS-005,5af8213b-af8d-4e0b-b176-dfff53880fe9,"Discover the Trim Ruched Knotted Tank Top from BUTTERBYTE STORE — a thoughtfully designed tops crafted for the modern Indian wardrobe. Made with premium, breathable fabric and finished with meticulous tailoring, this Trim Ruched Knotted Tank Top blends contemporary design with timeless ethnic sensibility — ideal for festive occasions, everyday wear, gifting and special celebrations.

Key Highlights:
• Premium soft-touch fabric with a comfortable hand feel
• Tailored fit designed for all-day comfort and easy movement
• Durable double-stitched seams and color-fast dyes for long-lasting wear
• Easy care — machine washable, low maintenance
• Versatile styling — pair with traditional or contemporary essentials

Why shop the Trim Ruched Knotted Tank Top at BUTTERBYTE STORE? Enjoy authentic quality, pan-India shipping, secure checkout, easy 7-day returns and dedicated customer support. Elevate your ethnic and everyday wardrobe with BUTTERBYTE STORE — premium fashion for the modern Indian.",3750.00,3000.00,20,25,In Stock,f,t,f,4.3,0,2026-05-30 23:57:43.215084+00
2531ba6e-c26d-4c22-83e5-9b86f2f65af2,women-white-3-pack-cotton-strappy-tops,Women White 3 Pack Cotton Strappy Tops,BUTTERBYTE STORE,BB-TOPS-006,5af8213b-af8d-4e0b-b176-dfff53880fe9,"Discover the Women White 3 Pack Cotton Strappy Tops from BUTTERBYTE STORE — a thoughtfully designed tops crafted for the modern Indian wardrobe. Made with premium, breathable fabric and finished with meticulous tailoring, this Women White 3 Pack Cotton Strappy Tops blends contemporary design with timeless ethnic sensibility — ideal for festive occasions, everyday wear, gifting and special celebrations.

Key Highlights:
• Premium soft-touch fabric with a comfortable hand feel
• Tailored fit designed for all-day comfort and easy movement
• Durable double-stitched seams and color-fast dyes for long-lasting wear
• Easy care — machine washable, low maintenance
• Versatile styling — pair with traditional or contemporary essentials

Why shop the Women White 3 Pack Cotton Strappy Tops at BUTTERBYTE STORE? Enjoy authentic quality, pan-India shipping, secure checkout, easy 7-day returns and dedicated customer support. Elevate your ethnic and everyday wardrobe with BUTTERBYTE STORE — premium fashion for the modern Indian.",3500.00,2800.00,20,25,In Stock,f,t,f,4.3,0,2026-05-30 23:57:43.284113+00
c9200ad0-c60f-4af7-a41b-41403294984e,neck-livin-camisole-black,Neck Livin Camisole Black,BUTTERBYTE STORE,BB-TOPS-007,5af8213b-af8d-4e0b-b176-dfff53880fe9,"Discover the Neck Livin Camisole Black from BUTTERBYTE STORE — a thoughtfully designed tops crafted for the modern Indian wardrobe. Made with premium, breathable fabric and finished with meticulous tailoring, this Neck Livin Camisole Black blends contemporary design with timeless ethnic sensibility — ideal for festive occasions, everyday wear, gifting and special celebrations.

Key Highlights:
• Premium soft-touch fabric with a comfortable hand feel
• Tailored fit designed for all-day comfort and easy movement
• Durable double-stitched seams and color-fast dyes for long-lasting wear
• Easy care — machine washable, low maintenance
• Versatile styling — pair with traditional or contemporary essentials

Why shop the Neck Livin Camisole Black at BUTTERBYTE STORE? Enjoy authentic quality, pan-India shipping, secure checkout, easy 7-day returns and dedicated customer support. Elevate your ethnic and everyday wardrobe with BUTTERBYTE STORE — premium fashion for the modern Indian.",2250.00,1800.00,20,25,In Stock,f,t,f,4.3,0,2026-05-30 23:57:43.353378+00
6f803839-2314-4bae-b09c-dc71043c003a,lace-black-embroidered-top,Lace Black Embroidered Top,BUTTERBYTE STORE,BB-TOPS-008,5af8213b-af8d-4e0b-b176-dfff53880fe9,"Discover the Lace Black Embroidered Top from BUTTERBYTE STORE — a thoughtfully designed tops crafted for the modern Indian wardrobe. Made with premium, breathable fabric and finished with meticulous tailoring, this Lace Black Embroidered Top blends contemporary design with timeless ethnic sensibility — ideal for festive occasions, everyday wear, gifting and special celebrations.

Key Highlights:
• Premium soft-touch fabric with a comfortable hand feel
• Tailored fit designed for all-day comfort and easy movement
• Durable double-stitched seams and color-fast dyes for long-lasting wear
• Easy care — machine washable, low maintenance
• Versatile styling — pair with traditional or contemporary essentials

Why shop the Lace Black Embroidered Top at BUTTERBYTE STORE? Enjoy authentic quality, pan-India shipping, secure checkout, easy 7-day returns and dedicated customer support. Elevate your ethnic and everyday wardrobe with BUTTERBYTE STORE — premium fashion for the modern Indian.",1750.00,1400.00,20,25,In Stock,f,t,f,4.3,0,2026-05-30 23:57:43.423074+00
1e7aeab9-f11e-4239-9f4d-f3d8d4a99ec2,wine-sculpt-flare-top,Wine Sculpt Flare Top,BUTTERBYTE STORE,BB-TOPS-010,5af8213b-af8d-4e0b-b176-dfff53880fe9,"Discover the Wine Sculpt Flare Top from BUTTERBYTE STORE — a thoughtfully designed tops crafted for the modern Indian wardrobe. Made with premium, breathable fabric and finished with meticulous tailoring, this Wine Sculpt Flare Top blends contemporary design with timeless ethnic sensibility — ideal for festive occasions, everyday wear, gifting and special celebrations.

Key Highlights:
• Premium soft-touch fabric with a comfortable hand feel
• Tailored fit designed for all-day comfort and easy movement
• Durable double-stitched seams and color-fast dyes for long-lasting wear
• Easy care — machine washable, low maintenance
• Versatile styling — pair with traditional or contemporary essentials

Why shop the Wine Sculpt Flare Top at BUTTERBYTE STORE? Enjoy authentic quality, pan-India shipping, secure checkout, easy 7-day returns and dedicated customer support. Elevate your ethnic and everyday wardrobe with BUTTERBYTE STORE — premium fashion for the modern Indian.",875.00,700.00,20,25,In Stock,f,f,t,4.3,0,2026-05-30 23:57:43.561579+00
28b1d4bf-63a9-4c91-88bf-47830bc5fbc5,casual-polka-print-women-black-top,Casual Polka Print Women Black Top,BUTTERBYTE STORE,BB-TOPS-011,5af8213b-af8d-4e0b-b176-dfff53880fe9,"Discover the Casual Polka Print Women Black Top from BUTTERBYTE STORE — a thoughtfully designed tops crafted for the modern Indian wardrobe. Made with premium, breathable fabric and finished with meticulous tailoring, this Casual Polka Print Women Black Top blends contemporary design with timeless ethnic sensibility — ideal for festive occasions, everyday wear, gifting and special celebrations.

Key Highlights:
• Premium soft-touch fabric with a comfortable hand feel
• Tailored fit designed for all-day comfort and easy movement
• Durable double-stitched seams and color-fast dyes for long-lasting wear
• Easy care — machine washable, low maintenance
• Versatile styling — pair with traditional or contemporary essentials

Why shop the Casual Polka Print Women Black Top at BUTTERBYTE STORE? Enjoy authentic quality, pan-India shipping, secure checkout, easy 7-day returns and dedicated customer support. Elevate your ethnic and everyday wardrobe with BUTTERBYTE STORE — premium fashion for the modern Indian.",3000.00,2400.00,20,25,In Stock,f,f,t,4.3,0,2026-05-30 23:57:43.63072+00
a4375960-fabe-43cd-9cff-f794c125b018,black-colour-notched-lapel,Black Colour Notched Lapel,BUTTERBYTE STORE,BB-TOPS-012,5af8213b-af8d-4e0b-b176-dfff53880fe9,"Discover the Black Colour Notched Lapel from BUTTERBYTE STORE — a thoughtfully designed tops crafted for the modern Indian wardrobe. Made with premium, breathable fabric and finished with meticulous tailoring, this Black Colour Notched Lapel blends contemporary design with timeless ethnic sensibility — ideal for festive occasions, everyday wear, gifting and special celebrations.

Key Highlights:
• Premium soft-touch fabric with a comfortable hand feel
• Tailored fit designed for all-day comfort and easy movement
• Durable double-stitched seams and color-fast dyes for long-lasting wear
• Easy care — machine washable, low maintenance
• Versatile styling — pair with traditional or contemporary essentials

Why shop the Black Colour Notched Lapel at BUTTERBYTE STORE? Enjoy authentic quality, pan-India shipping, secure checkout, easy 7-day returns and dedicated customer support. Elevate your ethnic and everyday wardrobe with BUTTERBYTE STORE — premium fashion for the modern Indian.",3125.00,2500.00,20,25,In Stock,f,f,t,4.3,0,2026-05-30 23:57:43.699912+00
7a7a2ea3-a286-462b-932b-d6eaf666d959,brown-textured-slim-tank-top,Brown Textured Slim Tank Top,BUTTERBYTE STORE,BB-TOPS-013,5af8213b-af8d-4e0b-b176-dfff53880fe9,"Discover the Brown Textured Slim Tank Top from BUTTERBYTE STORE — a thoughtfully designed tops crafted for the modern Indian wardrobe. Made with premium, breathable fabric and finished with meticulous tailoring, this Brown Textured Slim Tank Top blends contemporary design with timeless ethnic sensibility — ideal for festive occasions, everyday wear, gifting and special celebrations.

Key Highlights:
• Premium soft-touch fabric with a comfortable hand feel
• Tailored fit designed for all-day comfort and easy movement
• Durable double-stitched seams and color-fast dyes for long-lasting wear
• Easy care — machine washable, low maintenance
• Versatile styling — pair with traditional or contemporary essentials

Why shop the Brown Textured Slim Tank Top at BUTTERBYTE STORE? Enjoy authentic quality, pan-India shipping, secure checkout, easy 7-day returns and dedicated customer support. Elevate your ethnic and everyday wardrobe with BUTTERBYTE STORE — premium fashion for the modern Indian.",1500.00,1200.00,20,25,In Stock,f,f,t,4.3,0,2026-05-30 23:57:43.770905+00
a7b205bd-7236-4ed8-b4ad-a02fb0ab10bb,rust-pintuck-detail-top,Rust Pintuck Detail Top,BUTTERBYTE STORE,BB-TOPS-014,5af8213b-af8d-4e0b-b176-dfff53880fe9,"Discover the Rust Pintuck Detail Top from BUTTERBYTE STORE — a thoughtfully designed tops crafted for the modern Indian wardrobe. Made with premium, breathable fabric and finished with meticulous tailoring, this Rust Pintuck Detail Top blends contemporary design with timeless ethnic sensibility — ideal for festive occasions, everyday wear, gifting and special celebrations.

Key Highlights:
• Premium soft-touch fabric with a comfortable hand feel
• Tailored fit designed for all-day comfort and easy movement
• Durable double-stitched seams and color-fast dyes for long-lasting wear
• Easy care — machine washable, low maintenance
• Versatile styling — pair with traditional or contemporary essentials

Why shop the Rust Pintuck Detail Top at BUTTERBYTE STORE? Enjoy authentic quality, pan-India shipping, secure checkout, easy 7-day returns and dedicated customer support. Elevate your ethnic and everyday wardrobe with BUTTERBYTE STORE — premium fashion for the modern Indian.",625.00,500.00,20,25,In Stock,f,f,t,4.3,0,2026-05-30 23:57:43.840045+00
60076c82-f173-41d6-9e8b-d51f2ea4fe81,organic-cotton-embroidered-top-off-white,Organic Cotton Embroidered Top Off White,BUTTERBYTE STORE,BB-TOPS-015,5af8213b-af8d-4e0b-b176-dfff53880fe9,"Discover the Organic Cotton Embroidered Top Off White from BUTTERBYTE STORE — a thoughtfully designed tops crafted for the modern Indian wardrobe. Made with premium, breathable fabric and finished with meticulous tailoring, this Organic Cotton Embroidered Top Off White blends contemporary design with timeless ethnic sensibility — ideal for festive occasions, everyday wear, gifting and special celebrations.

Key Highlights:
• Premium soft-touch fabric with a comfortable hand feel
• Tailored fit designed for all-day comfort and easy movement
• Durable double-stitched seams and color-fast dyes for long-lasting wear
• Easy care — machine washable, low maintenance
• Versatile styling — pair with traditional or contemporary essentials

Why shop the Organic Cotton Embroidered Top Off White at BUTTERBYTE STORE? Enjoy authentic quality, pan-India shipping, secure checkout, easy 7-day returns and dedicated customer support. Elevate your ethnic and everyday wardrobe with BUTTERBYTE STORE — premium fashion for the modern Indian.",625.00,500.00,20,25,In Stock,f,f,f,4.3,0,2026-05-30 23:57:43.909025+00
391a54e0-5236-4fa2-a212-39e21d42f54b,green-embroidered-top,Green Embroidered Top,BUTTERBYTE STORE,BB-TOPS-016,5af8213b-af8d-4e0b-b176-dfff53880fe9,"Discover the Green Embroidered Top from BUTTERBYTE STORE — a thoughtfully designed tops crafted for the modern Indian wardrobe. Made with premium, breathable fabric and finished with meticulous tailoring, this Green Embroidered Top blends contemporary design with timeless ethnic sensibility — ideal for festive occasions, everyday wear, gifting and special celebrations.

Key Highlights:
• Premium soft-touch fabric with a comfortable hand feel
• Tailored fit designed for all-day comfort and easy movement
• Durable double-stitched seams and color-fast dyes for long-lasting wear
• Easy care — machine washable, low maintenance
• Versatile styling — pair with traditional or contemporary essentials

Why shop the Green Embroidered Top at BUTTERBYTE STORE? Enjoy authentic quality, pan-India shipping, secure checkout, easy 7-day returns and dedicated customer support. Elevate your ethnic and everyday wardrobe with BUTTERBYTE STORE — premium fashion for the modern Indian.",1375.00,1100.00,20,25,In Stock,f,f,f,4.3,0,2026-05-30 23:57:43.978002+00
27e1e7ec-cdac-4ee8-93e8-21e5b54b1f6f,blue-women-wrap-top,Blue Women Wrap Top,BUTTERBYTE STORE,BB-TOPS-017,5af8213b-af8d-4e0b-b176-dfff53880fe9,"Discover the Blue Women Wrap Top from BUTTERBYTE STORE — a thoughtfully designed tops crafted for the modern Indian wardrobe. Made with premium, breathable fabric and finished with meticulous tailoring, this Blue Women Wrap Top blends contemporary design with timeless ethnic sensibility — ideal for festive occasions, everyday wear, gifting and special celebrations.

Key Highlights:
• Premium soft-touch fabric with a comfortable hand feel
• Tailored fit designed for all-day comfort and easy movement
• Durable double-stitched seams and color-fast dyes for long-lasting wear
• Easy care — machine washable, low maintenance
• Versatile styling — pair with traditional or contemporary essentials

Why shop the Blue Women Wrap Top at BUTTERBYTE STORE? Enjoy authentic quality, pan-India shipping, secure checkout, easy 7-day returns and dedicated customer support. Elevate your ethnic and everyday wardrobe with BUTTERBYTE STORE — premium fashion for the modern Indian.",2500.00,2000.00,20,25,In Stock,f,f,f,4.3,0,2026-05-30 23:57:44.047336+00
d36a1a4c-a562-4d5a-bd38-13328eb4996c,slim-fit-navy-blue-top,Slim Fit Navy Blue Top,BUTTERBYTE STORE,BB-TOPS-018,5af8213b-af8d-4e0b-b176-dfff53880fe9,"Discover the Slim Fit Navy Blue Top from BUTTERBYTE STORE — a thoughtfully designed tops crafted for the modern Indian wardrobe. Made with premium, breathable fabric and finished with meticulous tailoring, this Slim Fit Navy Blue Top blends contemporary design with timeless ethnic sensibility — ideal for festive occasions, everyday wear, gifting and special celebrations.

Key Highlights:
• Premium soft-touch fabric with a comfortable hand feel
• Tailored fit designed for all-day comfort and easy movement
• Durable double-stitched seams and color-fast dyes for long-lasting wear
• Easy care — machine washable, low maintenance
• Versatile styling — pair with traditional or contemporary essentials

Why shop the Slim Fit Navy Blue Top at BUTTERBYTE STORE? Enjoy authentic quality, pan-India shipping, secure checkout, easy 7-day returns and dedicated customer support. Elevate your ethnic and everyday wardrobe with BUTTERBYTE STORE — premium fashion for the modern Indian.",3750.00,3000.00,20,25,In Stock,f,f,f,4.3,0,2026-05-30 23:57:44.117496+00
d3c479cc-f580-4e70-89c5-f912ca5abcd6,basic-maroon-solid-top,Basic Maroon Solid Top,BUTTERBYTE STORE,BB-TOPS-019,5af8213b-af8d-4e0b-b176-dfff53880fe9,"Discover the Basic Maroon Solid Top from BUTTERBYTE STORE — a thoughtfully designed tops crafted for the modern Indian wardrobe. Made with premium, breathable fabric and finished with meticulous tailoring, this Basic Maroon Solid Top blends contemporary design with timeless ethnic sensibility — ideal for festive occasions, everyday wear, gifting and special celebrations.

Key Highlights:
• Premium soft-touch fabric with a comfortable hand feel
• Tailored fit designed for all-day comfort and easy movement
• Durable double-stitched seams and color-fast dyes for long-lasting wear
• Easy care — machine washable, low maintenance
• Versatile styling — pair with traditional or contemporary essentials

Why shop the Basic Maroon Solid Top at BUTTERBYTE STORE? Enjoy authentic quality, pan-India shipping, secure checkout, easy 7-day returns and dedicated customer support. Elevate your ethnic and everyday wardrobe with BUTTERBYTE STORE — premium fashion for the modern Indian.",3000.00,2400.00,20,25,In Stock,f,f,f,4.3,0,2026-05-30 23:57:44.186753+00
22a968eb-5f9f-4310-ac4f-80db3119c405,green-self-design-polyester-regular-smart-casual-top,Green Self Design Polyester Regular Smart Casual Top,BUTTERBYTE STORE,BB-TOPS-020,5af8213b-af8d-4e0b-b176-dfff53880fe9,"Discover the Green Self Design Polyester Regular Smart Casual Top from BUTTERBYTE STORE — a thoughtfully designed tops crafted for the modern Indian wardrobe. Made with premium, breathable fabric and finished with meticulous tailoring, this Green Self Design Polyester Regular Smart Casual Top blends contemporary design with timeless ethnic sensibility — ideal for festive occasions, everyday wear, gifting and special celebrations.

Key Highlights:
• Premium soft-touch fabric with a comfortable hand feel
• Tailored fit designed for all-day comfort and easy movement
• Durable double-stitched seams and color-fast dyes for long-lasting wear
• Easy care — machine washable, low maintenance
• Versatile styling — pair with traditional or contemporary essentials

Why shop the Green Self Design Polyester Regular Smart Casual Top at BUTTERBYTE STORE? Enjoy authentic quality, pan-India shipping, secure checkout, easy 7-day returns and dedicated customer support. Elevate your ethnic and everyday wardrobe with BUTTERBYTE STORE — premium fashion for the modern Indian.",3500.00,2800.00,20,25,In Stock,f,f,f,4.3,0,2026-05-30 23:57:44.256421+00
ac7ca646-c1ae-4ee5-845f-f55fbc2ec77c,contrasting-binding-cami-top,Contrasting Binding Cami Top,BUTTERBYTE STORE,BB-TOPS-021,5af8213b-af8d-4e0b-b176-dfff53880fe9,"Discover the Contrasting Binding Cami Top from BUTTERBYTE STORE — a thoughtfully designed tops crafted for the modern Indian wardrobe. Made with premium, breathable fabric and finished with meticulous tailoring, this Contrasting Binding Cami Top blends contemporary design with timeless ethnic sensibility — ideal for festive occasions, everyday wear, gifting and special celebrations.

Key Highlights:
• Premium soft-touch fabric with a comfortable hand feel
• Tailored fit designed for all-day comfort and easy movement
• Durable double-stitched seams and color-fast dyes for long-lasting wear
• Easy care — machine washable, low maintenance
• Versatile styling — pair with traditional or contemporary essentials

Why shop the Contrasting Binding Cami Top at BUTTERBYTE STORE? Enjoy authentic quality, pan-India shipping, secure checkout, easy 7-day returns and dedicated customer support. Elevate your ethnic and everyday wardrobe with BUTTERBYTE STORE — premium fashion for the modern Indian.",2625.00,2100.00,20,25,In Stock,f,f,f,4.3,0,2026-05-30 23:57:44.32655+00
c5b0d653-879b-4c16-bf7c-b26a8d7f697a,cream-sharp-scallop-hem-neck-lace-top,Cream Sharp Scallop Hem Neck Lace Top,BUTTERBYTE STORE,BB-TOPS-022,5af8213b-af8d-4e0b-b176-dfff53880fe9,"Discover the Cream Sharp Scallop Hem Neck Lace Top from BUTTERBYTE STORE — a thoughtfully designed tops crafted for the modern Indian wardrobe. Made with premium, breathable fabric and finished with meticulous tailoring, this Cream Sharp Scallop Hem Neck Lace Top blends contemporary design with timeless ethnic sensibility — ideal for festive occasions, everyday wear, gifting and special celebrations.

Key Highlights:
• Premium soft-touch fabric with a comfortable hand feel
• Tailored fit designed for all-day comfort and easy movement
• Durable double-stitched seams and color-fast dyes for long-lasting wear
• Easy care — machine washable, low maintenance
• Versatile styling — pair with traditional or contemporary essentials

Why shop the Cream Sharp Scallop Hem Neck Lace Top at BUTTERBYTE STORE? Enjoy authentic quality, pan-India shipping, secure checkout, easy 7-day returns and dedicated customer support. Elevate your ethnic and everyday wardrobe with BUTTERBYTE STORE — premium fashion for the modern Indian.",2125.00,1700.00,20,25,In Stock,f,f,f,4.3,0,2026-05-30 23:57:44.395619+00
94fc0389-f308-49f2-bc68-b557e61a4f29,womens-aamras-one-shoulder-embellished-top,Womens Aamras One Shoulder Embellished Top,BUTTERBYTE STORE,BB-TOPS-023,5af8213b-af8d-4e0b-b176-dfff53880fe9,"Discover the Womens Aamras One Shoulder Embellished Top from BUTTERBYTE STORE — a thoughtfully designed tops crafted for the modern Indian wardrobe. Made with premium, breathable fabric and finished with meticulous tailoring, this Womens Aamras One Shoulder Embellished Top blends contemporary design with timeless ethnic sensibility — ideal for festive occasions, everyday wear, gifting and special celebrations.

Key Highlights:
• Premium soft-touch fabric with a comfortable hand feel
• Tailored fit designed for all-day comfort and easy movement
• Durable double-stitched seams and color-fast dyes for long-lasting wear
• Easy care — machine washable, low maintenance
• Versatile styling — pair with traditional or contemporary essentials

Why shop the Womens Aamras One Shoulder Embellished Top at BUTTERBYTE STORE? Enjoy authentic quality, pan-India shipping, secure checkout, easy 7-day returns and dedicated customer support. Elevate your ethnic and everyday wardrobe with BUTTERBYTE STORE — premium fashion for the modern Indian.",3750.00,3000.00,20,25,In Stock,f,f,f,4.3,0,2026-05-30 23:57:44.464977+00
5df81166-0410-4a36-b7ae-7527c01fe364,peacock-cinched-shirt-jacket,Peacock Cinched Shirt Jacket,BUTTERBYTE STORE,BB-TOPS-024,5af8213b-af8d-4e0b-b176-dfff53880fe9,"Discover the Peacock Cinched Shirt Jacket from BUTTERBYTE STORE — a thoughtfully designed tops crafted for the modern Indian wardrobe. Made with premium, breathable fabric and finished with meticulous tailoring, this Peacock Cinched Shirt Jacket blends contemporary design with timeless ethnic sensibility — ideal for festive occasions, everyday wear, gifting and special celebrations.

Key Highlights:
• Premium soft-touch fabric with a comfortable hand feel
• Tailored fit designed for all-day comfort and easy movement
• Durable double-stitched seams and color-fast dyes for long-lasting wear
• Easy care — machine washable, low maintenance
• Versatile styling — pair with traditional or contemporary essentials

Why shop the Peacock Cinched Shirt Jacket at BUTTERBYTE STORE? Enjoy authentic quality, pan-India shipping, secure checkout, easy 7-day returns and dedicated customer support. Elevate your ethnic and everyday wardrobe with BUTTERBYTE STORE — premium fashion for the modern Indian.",2750.00,2200.00,20,25,In Stock,f,f,f,4.3,0,2026-05-30 23:57:44.534382+00
a06f6cd3-fe1c-4b38-9baa-2018b52ccd66,lace-sweetheart-bowknot-top,Lace Sweetheart Bowknot Top,BUTTERBYTE STORE,BB-TOPS-025,5af8213b-af8d-4e0b-b176-dfff53880fe9,"Discover the Lace Sweetheart Bowknot Top from BUTTERBYTE STORE — a thoughtfully designed tops crafted for the modern Indian wardrobe. Made with premium, breathable fabric and finished with meticulous tailoring, this Lace Sweetheart Bowknot Top blends contemporary design with timeless ethnic sensibility — ideal for festive occasions, everyday wear, gifting and special celebrations.

Key Highlights:
• Premium soft-touch fabric with a comfortable hand feel
• Tailored fit designed for all-day comfort and easy movement
• Durable double-stitched seams and color-fast dyes for long-lasting wear
• Easy care — machine washable, low maintenance
• Versatile styling — pair with traditional or contemporary essentials

Why shop the Lace Sweetheart Bowknot Top at BUTTERBYTE STORE? Enjoy authentic quality, pan-India shipping, secure checkout, easy 7-day returns and dedicated customer support. Elevate your ethnic and everyday wardrobe with BUTTERBYTE STORE — premium fashion for the modern Indian.",2250.00,1800.00,20,25,In Stock,f,f,f,4.3,0,2026-05-30 23:57:44.603615+00
d9bace76-25fc-42cb-bb45-2a2de5e28ab0,ribbed-jersey-top-blue,Ribbed Jersey Top Blue,BUTTERBYTE STORE,BB-TOPS-026,5af8213b-af8d-4e0b-b176-dfff53880fe9,"Discover the Ribbed Jersey Top Blue from BUTTERBYTE STORE — a thoughtfully designed tops crafted for the modern Indian wardrobe. Made with premium, breathable fabric and finished with meticulous tailoring, this Ribbed Jersey Top Blue blends contemporary design with timeless ethnic sensibility — ideal for festive occasions, everyday wear, gifting and special celebrations.

Key Highlights:
• Premium soft-touch fabric with a comfortable hand feel
• Tailored fit designed for all-day comfort and easy movement
• Durable double-stitched seams and color-fast dyes for long-lasting wear
• Easy care — machine washable, low maintenance
• Versatile styling — pair with traditional or contemporary essentials

Why shop the Ribbed Jersey Top Blue at BUTTERBYTE STORE? Enjoy authentic quality, pan-India shipping, secure checkout, easy 7-day returns and dedicated customer support. Elevate your ethnic and everyday wardrobe with BUTTERBYTE STORE — premium fashion for the modern Indian.",2875.00,2300.00,20,25,In Stock,f,f,f,4.3,0,2026-05-30 23:57:44.673096+00
09cb1f9e-205d-4559-96b0-a300480e047f,brown-green-chiffon-regular-top,Brown Green Chiffon Regular Top,BUTTERBYTE STORE,BB-TOPS-027,5af8213b-af8d-4e0b-b176-dfff53880fe9,"Discover the Brown Green Chiffon Regular Top from BUTTERBYTE STORE — a thoughtfully designed tops crafted for the modern Indian wardrobe. Made with premium, breathable fabric and finished with meticulous tailoring, this Brown Green Chiffon Regular Top blends contemporary design with timeless ethnic sensibility — ideal for festive occasions, everyday wear, gifting and special celebrations.

Key Highlights:
• Premium soft-touch fabric with a comfortable hand feel
• Tailored fit designed for all-day comfort and easy movement
• Durable double-stitched seams and color-fast dyes for long-lasting wear
• Easy care — machine washable, low maintenance
• Versatile styling — pair with traditional or contemporary essentials

Why shop the Brown Green Chiffon Regular Top at BUTTERBYTE STORE? Enjoy authentic quality, pan-India shipping, secure checkout, easy 7-day returns and dedicated customer support. Elevate your ethnic and everyday wardrobe with BUTTERBYTE STORE — premium fashion for the modern Indian.",1500.00,1200.00,20,25,In Stock,f,f,f,4.3,0,2026-05-30 23:57:44.742787+00
e40df512-e75d-4dda-b7d4-49eca423770b,neck-solid-top-pink,Neck Solid Top Pink,BUTTERBYTE STORE,BB-TOPS-028,5af8213b-af8d-4e0b-b176-dfff53880fe9,"Discover the Neck Solid Top Pink from BUTTERBYTE STORE — a thoughtfully designed tops crafted for the modern Indian wardrobe. Made with premium, breathable fabric and finished with meticulous tailoring, this Neck Solid Top Pink blends contemporary design with timeless ethnic sensibility — ideal for festive occasions, everyday wear, gifting and special celebrations.

Key Highlights:
• Premium soft-touch fabric with a comfortable hand feel
• Tailored fit designed for all-day comfort and easy movement
• Durable double-stitched seams and color-fast dyes for long-lasting wear
• Easy care — machine washable, low maintenance
• Versatile styling — pair with traditional or contemporary essentials

Why shop the Neck Solid Top Pink at BUTTERBYTE STORE? Enjoy authentic quality, pan-India shipping, secure checkout, easy 7-day returns and dedicated customer support. Elevate your ethnic and everyday wardrobe with BUTTERBYTE STORE — premium fashion for the modern Indian.",2500.00,2000.00,20,25,In Stock,f,f,f,4.3,0,2026-05-30 23:57:44.812031+00
05d6880b-7353-4911-a1dc-59c49016fcaf,collar-floral-see-through-tank-top,Collar Floral See Through Tank Top,BUTTERBYTE STORE,BB-TOPS-029,5af8213b-af8d-4e0b-b176-dfff53880fe9,"Discover the Collar Floral See Through Tank Top from BUTTERBYTE STORE — a thoughtfully designed tops crafted for the modern Indian wardrobe. Made with premium, breathable fabric and finished with meticulous tailoring, this Collar Floral See Through Tank Top blends contemporary design with timeless ethnic sensibility — ideal for festive occasions, everyday wear, gifting and special celebrations.

Key Highlights:
• Premium soft-touch fabric with a comfortable hand feel
• Tailored fit designed for all-day comfort and easy movement
• Durable double-stitched seams and color-fast dyes for long-lasting wear
• Easy care — machine washable, low maintenance
• Versatile styling — pair with traditional or contemporary essentials

Why shop the Collar Floral See Through Tank Top at BUTTERBYTE STORE? Enjoy authentic quality, pan-India shipping, secure checkout, easy 7-day returns and dedicated customer support. Elevate your ethnic and everyday wardrobe with BUTTERBYTE STORE — premium fashion for the modern Indian.",3375.00,2700.00,20,25,In Stock,f,f,f,4.3,0,2026-05-30 23:57:44.881528+00
f176ed43-1a98-4ecf-b738-5ad21a0fc472,liza-printed-top-multi-color,Liza Printed Top Multi Color,BUTTERBYTE STORE,BB-TOPS-030,5af8213b-af8d-4e0b-b176-dfff53880fe9,"Discover the Liza Printed Top Multi Color from BUTTERBYTE STORE — a thoughtfully designed tops crafted for the modern Indian wardrobe. Made with premium, breathable fabric and finished with meticulous tailoring, this Liza Printed Top Multi Color blends contemporary design with timeless ethnic sensibility — ideal for festive occasions, everyday wear, gifting and special celebrations.

Key Highlights:
• Premium soft-touch fabric with a comfortable hand feel
• Tailored fit designed for all-day comfort and easy movement
• Durable double-stitched seams and color-fast dyes for long-lasting wear
• Easy care — machine washable, low maintenance
• Versatile styling — pair with traditional or contemporary essentials

Why shop the Liza Printed Top Multi Color at BUTTERBYTE STORE? Enjoy authentic quality, pan-India shipping, secure checkout, easy 7-day returns and dedicated customer support. Elevate your ethnic and everyday wardrobe with BUTTERBYTE STORE — premium fashion for the modern Indian.",2250.00,1800.00,20,25,In Stock,f,f,f,4.3,0,2026-05-30 23:57:44.950594+00
23c8ca54-4bf8-4257-b987-70c545e65b34,red-self-design-sweetheart-neck-top,Red Self Design Sweetheart Neck Top,BUTTERBYTE STORE,BB-TOPS-031,5af8213b-af8d-4e0b-b176-dfff53880fe9,"Discover the Red Self Design Sweetheart Neck Top from BUTTERBYTE STORE — a thoughtfully designed tops crafted for the modern Indian wardrobe. Made with premium, breathable fabric and finished with meticulous tailoring, this Red Self Design Sweetheart Neck Top blends contemporary design with timeless ethnic sensibility — ideal for festive occasions, everyday wear, gifting and special celebrations.

Key Highlights:
• Premium soft-touch fabric with a comfortable hand feel
• Tailored fit designed for all-day comfort and easy movement
• Durable double-stitched seams and color-fast dyes for long-lasting wear
• Easy care — machine washable, low maintenance
• Versatile styling — pair with traditional or contemporary essentials

Why shop the Red Self Design Sweetheart Neck Top at BUTTERBYTE STORE? Enjoy authentic quality, pan-India shipping, secure checkout, easy 7-day returns and dedicated customer support. Elevate your ethnic and everyday wardrobe with BUTTERBYTE STORE — premium fashion for the modern Indian.",875.00,700.00,20,25,In Stock,f,f,f,4.3,0,2026-05-30 23:57:45.02006+00
d8b48fdb-7ff3-4020-9aaa-ee3843f730bf,mustard-women-embroidered-box-pleated-top,Mustard Women Embroidered Box Pleated Top,BUTTERBYTE STORE,BB-TOPS-032,5af8213b-af8d-4e0b-b176-dfff53880fe9,"Discover the Mustard Women Embroidered Box Pleated Top from BUTTERBYTE STORE — a thoughtfully designed tops crafted for the modern Indian wardrobe. Made with premium, breathable fabric and finished with meticulous tailoring, this Mustard Women Embroidered Box Pleated Top blends contemporary design with timeless ethnic sensibility — ideal for festive occasions, everyday wear, gifting and special celebrations.

Key Highlights:
• Premium soft-touch fabric with a comfortable hand feel
• Tailored fit designed for all-day comfort and easy movement
• Durable double-stitched seams and color-fast dyes for long-lasting wear
• Easy care — machine washable, low maintenance
• Versatile styling — pair with traditional or contemporary essentials

Why shop the Mustard Women Embroidered Box Pleated Top at BUTTERBYTE STORE? Enjoy authentic quality, pan-India shipping, secure checkout, easy 7-day returns and dedicated customer support. Elevate your ethnic and everyday wardrobe with BUTTERBYTE STORE — premium fashion for the modern Indian.",500.00,400.00,20,25,In Stock,f,f,f,4.3,0,2026-05-30 23:57:45.089307+00
4473f6af-244c-4c8a-ae0f-bc38dd1e3766,patterned-mandarin-neck-top,Patterned Mandarin Neck Top,BUTTERBYTE STORE,BB-TOPS-033,5af8213b-af8d-4e0b-b176-dfff53880fe9,"Discover the Patterned Mandarin Neck Top from BUTTERBYTE STORE — a thoughtfully designed tops crafted for the modern Indian wardrobe. Made with premium, breathable fabric and finished with meticulous tailoring, this Patterned Mandarin Neck Top blends contemporary design with timeless ethnic sensibility — ideal for festive occasions, everyday wear, gifting and special celebrations.

Key Highlights:
• Premium soft-touch fabric with a comfortable hand feel
• Tailored fit designed for all-day comfort and easy movement
• Durable double-stitched seams and color-fast dyes for long-lasting wear
• Easy care — machine washable, low maintenance
• Versatile styling — pair with traditional or contemporary essentials

Why shop the Patterned Mandarin Neck Top at BUTTERBYTE STORE? Enjoy authentic quality, pan-India shipping, secure checkout, easy 7-day returns and dedicated customer support. Elevate your ethnic and everyday wardrobe with BUTTERBYTE STORE — premium fashion for the modern Indian.",1750.00,1400.00,20,25,In Stock,f,f,f,4.3,0,2026-05-30 23:57:45.158314+00
40426614-1cb8-4255-83f2-d862ccdb2ffc,red-off-shoulder-top,Red Off Shoulder Top,BUTTERBYTE STORE,BB-TOPS-034,5af8213b-af8d-4e0b-b176-dfff53880fe9,"Discover the Red Off Shoulder Top from BUTTERBYTE STORE — a thoughtfully designed tops crafted for the modern Indian wardrobe. Made with premium, breathable fabric and finished with meticulous tailoring, this Red Off Shoulder Top blends contemporary design with timeless ethnic sensibility — ideal for festive occasions, everyday wear, gifting and special celebrations.

Key Highlights:
• Premium soft-touch fabric with a comfortable hand feel
• Tailored fit designed for all-day comfort and easy movement
• Durable double-stitched seams and color-fast dyes for long-lasting wear
• Easy care — machine washable, low maintenance
• Versatile styling — pair with traditional or contemporary essentials

Why shop the Red Off Shoulder Top at BUTTERBYTE STORE? Enjoy authentic quality, pan-India shipping, secure checkout, easy 7-day returns and dedicated customer support. Elevate your ethnic and everyday wardrobe with BUTTERBYTE STORE — premium fashion for the modern Indian.",3375.00,2700.00,20,25,In Stock,f,f,f,4.3,0,2026-05-30 23:57:45.228864+00
d714267b-7167-4f84-86b6-788d7e7bb0fa,women-brown-ribbed-vest-top,Women Brown Ribbed Vest Top,BUTTERBYTE STORE,BB-TOPS-035,5af8213b-af8d-4e0b-b176-dfff53880fe9,"Discover the Women Brown Ribbed Vest Top from BUTTERBYTE STORE — a thoughtfully designed tops crafted for the modern Indian wardrobe. Made with premium, breathable fabric and finished with meticulous tailoring, this Women Brown Ribbed Vest Top blends contemporary design with timeless ethnic sensibility — ideal for festive occasions, everyday wear, gifting and special celebrations.

Key Highlights:
• Premium soft-touch fabric with a comfortable hand feel
• Tailored fit designed for all-day comfort and easy movement
• Durable double-stitched seams and color-fast dyes for long-lasting wear
• Easy care — machine washable, low maintenance
• Versatile styling — pair with traditional or contemporary essentials

Why shop the Women Brown Ribbed Vest Top at BUTTERBYTE STORE? Enjoy authentic quality, pan-India shipping, secure checkout, easy 7-day returns and dedicated customer support. Elevate your ethnic and everyday wardrobe with BUTTERBYTE STORE — premium fashion for the modern Indian.",2375.00,1900.00,20,25,In Stock,f,f,f,4.3,0,2026-05-30 23:57:45.298218+00
fbedd591-107f-4f02-8363-069d9f76f0ac,neck-embroidered-short-sleeves-party-white-top,Neck Embroidered Short Sleeves Party White Top,BUTTERBYTE STORE,BB-TOPS-036,5af8213b-af8d-4e0b-b176-dfff53880fe9,"Discover the Neck Embroidered Short Sleeves Party White Top from BUTTERBYTE STORE — a thoughtfully designed tops crafted for the modern Indian wardrobe. Made with premium, breathable fabric and finished with meticulous tailoring, this Neck Embroidered Short Sleeves Party White Top blends contemporary design with timeless ethnic sensibility — ideal for festive occasions, everyday wear, gifting and special celebrations.

Key Highlights:
• Premium soft-touch fabric with a comfortable hand feel
• Tailored fit designed for all-day comfort and easy movement
• Durable double-stitched seams and color-fast dyes for long-lasting wear
• Easy care — machine washable, low maintenance
• Versatile styling — pair with traditional or contemporary essentials

Why shop the Neck Embroidered Short Sleeves Party White Top at BUTTERBYTE STORE? Enjoy authentic quality, pan-India shipping, secure checkout, easy 7-day returns and dedicated customer support. Elevate your ethnic and everyday wardrobe with BUTTERBYTE STORE — premium fashion for the modern Indian.",1125.00,900.00,20,25,In Stock,f,f,f,4.3,0,2026-05-30 23:57:45.368153+00
afced489-380e-4120-b2f3-4feece7eb6ed,neck-drawstring-ruched-bodysuit,Neck Drawstring Ruched Bodysuit,BUTTERBYTE STORE,BB-TOPS-037,5af8213b-af8d-4e0b-b176-dfff53880fe9,"Discover the Neck Drawstring Ruched Bodysuit from BUTTERBYTE STORE — a thoughtfully designed tops crafted for the modern Indian wardrobe. Made with premium, breathable fabric and finished with meticulous tailoring, this Neck Drawstring Ruched Bodysuit blends contemporary design with timeless ethnic sensibility — ideal for festive occasions, everyday wear, gifting and special celebrations.

Key Highlights:
• Premium soft-touch fabric with a comfortable hand feel
• Tailored fit designed for all-day comfort and easy movement
• Durable double-stitched seams and color-fast dyes for long-lasting wear
• Easy care — machine washable, low maintenance
• Versatile styling — pair with traditional or contemporary essentials

Why shop the Neck Drawstring Ruched Bodysuit at BUTTERBYTE STORE? Enjoy authentic quality, pan-India shipping, secure checkout, easy 7-day returns and dedicated customer support. Elevate your ethnic and everyday wardrobe with BUTTERBYTE STORE — premium fashion for the modern Indian.",1500.00,1200.00,20,25,In Stock,f,f,f,4.3,0,2026-05-30 23:57:45.438263+00
da511a59-8eec-4813-8db4-0dbebcb89e24,extended-sleeve-vertical-stripe-top,Extended Sleeve Vertical Stripe Top,BUTTERBYTE STORE,BB-TOPS-038,5af8213b-af8d-4e0b-b176-dfff53880fe9,"Discover the Extended Sleeve Vertical Stripe Top from BUTTERBYTE STORE — a thoughtfully designed tops crafted for the modern Indian wardrobe. Made with premium, breathable fabric and finished with meticulous tailoring, this Extended Sleeve Vertical Stripe Top blends contemporary design with timeless ethnic sensibility — ideal for festive occasions, everyday wear, gifting and special celebrations.

Key Highlights:
• Premium soft-touch fabric with a comfortable hand feel
• Tailored fit designed for all-day comfort and easy movement
• Durable double-stitched seams and color-fast dyes for long-lasting wear
• Easy care — machine washable, low maintenance
• Versatile styling — pair with traditional or contemporary essentials

Why shop the Extended Sleeve Vertical Stripe Top at BUTTERBYTE STORE? Enjoy authentic quality, pan-India shipping, secure checkout, easy 7-day returns and dedicated customer support. Elevate your ethnic and everyday wardrobe with BUTTERBYTE STORE — premium fashion for the modern Indian.",3250.00,2600.00,20,25,In Stock,f,f,f,4.3,0,2026-05-30 23:57:45.507878+00
52627728-8bf2-4452-bdf0-bd2d7129ea3e,brown-solid-top,Brown Solid Top,BUTTERBYTE STORE,BB-TOPS-039,5af8213b-af8d-4e0b-b176-dfff53880fe9,"Discover the Brown Solid Top from BUTTERBYTE STORE — a thoughtfully designed tops crafted for the modern Indian wardrobe. Made with premium, breathable fabric and finished with meticulous tailoring, this Brown Solid Top blends contemporary design with timeless ethnic sensibility — ideal for festive occasions, everyday wear, gifting and special celebrations.

Key Highlights:
• Premium soft-touch fabric with a comfortable hand feel
• Tailored fit designed for all-day comfort and easy movement
• Durable double-stitched seams and color-fast dyes for long-lasting wear
• Easy care — machine washable, low maintenance
• Versatile styling — pair with traditional or contemporary essentials

Why shop the Brown Solid Top at BUTTERBYTE STORE? Enjoy authentic quality, pan-India shipping, secure checkout, easy 7-day returns and dedicated customer support. Elevate your ethnic and everyday wardrobe with BUTTERBYTE STORE — premium fashion for the modern Indian.",1875.00,1500.00,20,25,In Stock,f,f,f,4.3,0,2026-05-30 23:57:45.57738+00
09898bb0-2816-4d47-acd0-fc486fbead5e,royal-blue-bodysuit-top-blue,Royal Blue Bodysuit Top Blue,BUTTERBYTE STORE,BB-TOPS-040,5af8213b-af8d-4e0b-b176-dfff53880fe9,"Discover the Royal Blue Bodysuit Top Blue from BUTTERBYTE STORE — a thoughtfully designed tops crafted for the modern Indian wardrobe. Made with premium, breathable fabric and finished with meticulous tailoring, this Royal Blue Bodysuit Top Blue blends contemporary design with timeless ethnic sensibility — ideal for festive occasions, everyday wear, gifting and special celebrations.

Key Highlights:
• Premium soft-touch fabric with a comfortable hand feel
• Tailored fit designed for all-day comfort and easy movement
• Durable double-stitched seams and color-fast dyes for long-lasting wear
• Easy care — machine washable, low maintenance
• Versatile styling — pair with traditional or contemporary essentials

Why shop the Royal Blue Bodysuit Top Blue at BUTTERBYTE STORE? Enjoy authentic quality, pan-India shipping, secure checkout, easy 7-day returns and dedicated customer support. Elevate your ethnic and everyday wardrobe with BUTTERBYTE STORE — premium fashion for the modern Indian.",625.00,500.00,20,25,In Stock,f,f,f,4.3,0,2026-05-30 23:57:45.646747+00
3a4cfdf0-91d0-417a-bd07-6f511dd88745,abstract-print-rayon-centre-pleat-tunic-pink,Abstract Print Rayon Centre Pleat Tunic Pink,BUTTERBYTE STORE,BB-TOPS-041,5af8213b-af8d-4e0b-b176-dfff53880fe9,"Discover the Abstract Print Rayon Centre Pleat Tunic Pink from BUTTERBYTE STORE — a thoughtfully designed tops crafted for the modern Indian wardrobe. Made with premium, breathable fabric and finished with meticulous tailoring, this Abstract Print Rayon Centre Pleat Tunic Pink blends contemporary design with timeless ethnic sensibility — ideal for festive occasions, everyday wear, gifting and special celebrations.

Key Highlights:
• Premium soft-touch fabric with a comfortable hand feel
• Tailored fit designed for all-day comfort and easy movement
• Durable double-stitched seams and color-fast dyes for long-lasting wear
• Easy care — machine washable, low maintenance
• Versatile styling — pair with traditional or contemporary essentials

Why shop the Abstract Print Rayon Centre Pleat Tunic Pink at BUTTERBYTE STORE? Enjoy authentic quality, pan-India shipping, secure checkout, easy 7-day returns and dedicated customer support. Elevate your ethnic and everyday wardrobe with BUTTERBYTE STORE — premium fashion for the modern Indian.",1125.00,900.00,20,25,In Stock,f,f,f,4.3,0,2026-05-30 23:57:45.715781+00
b15a9fef-81d9-4849-9202-f53fb466c2ed,checked-slim-fit-green-top,Checked Slim Fit Green Top,BUTTERBYTE STORE,BB-TOPS-042,5af8213b-af8d-4e0b-b176-dfff53880fe9,"Discover the Checked Slim Fit Green Top from BUTTERBYTE STORE — a thoughtfully designed tops crafted for the modern Indian wardrobe. Made with premium, breathable fabric and finished with meticulous tailoring, this Checked Slim Fit Green Top blends contemporary design with timeless ethnic sensibility — ideal for festive occasions, everyday wear, gifting and special celebrations.

Key Highlights:
• Premium soft-touch fabric with a comfortable hand feel
• Tailored fit designed for all-day comfort and easy movement
• Durable double-stitched seams and color-fast dyes for long-lasting wear
• Easy care — machine washable, low maintenance
• Versatile styling — pair with traditional or contemporary essentials

Why shop the Checked Slim Fit Green Top at BUTTERBYTE STORE? Enjoy authentic quality, pan-India shipping, secure checkout, easy 7-day returns and dedicated customer support. Elevate your ethnic and everyday wardrobe with BUTTERBYTE STORE — premium fashion for the modern Indian.",1125.00,900.00,20,25,In Stock,f,f,f,4.3,0,2026-05-30 23:57:45.785771+00
c3245c1f-59a1-4291-85fe-d5ba38709012,embroidered-v-neck-mesh-cream-top,Embroidered V Neck Mesh Cream Top,BUTTERBYTE STORE,BB-TOPS-043,5af8213b-af8d-4e0b-b176-dfff53880fe9,"Discover the Embroidered V Neck Mesh Cream Top from BUTTERBYTE STORE — a thoughtfully designed tops crafted for the modern Indian wardrobe. Made with premium, breathable fabric and finished with meticulous tailoring, this Embroidered V Neck Mesh Cream Top blends contemporary design with timeless ethnic sensibility — ideal for festive occasions, everyday wear, gifting and special celebrations.

Key Highlights:
• Premium soft-touch fabric with a comfortable hand feel
• Tailored fit designed for all-day comfort and easy movement
• Durable double-stitched seams and color-fast dyes for long-lasting wear
• Easy care — machine washable, low maintenance
• Versatile styling — pair with traditional or contemporary essentials

Why shop the Embroidered V Neck Mesh Cream Top at BUTTERBYTE STORE? Enjoy authentic quality, pan-India shipping, secure checkout, easy 7-day returns and dedicated customer support. Elevate your ethnic and everyday wardrobe with BUTTERBYTE STORE — premium fashion for the modern Indian.",500.00,400.00,20,25,In Stock,f,f,f,4.3,0,2026-05-30 23:57:45.854895+00
314357f3-53ab-4cc6-a8cf-b1c9774be259,women-pink-ribbed-vest-top,Women Pink Ribbed Vest Top,BUTTERBYTE STORE,BB-TOPS-044,5af8213b-af8d-4e0b-b176-dfff53880fe9,"Discover the Women Pink Ribbed Vest Top from BUTTERBYTE STORE — a thoughtfully designed tops crafted for the modern Indian wardrobe. Made with premium, breathable fabric and finished with meticulous tailoring, this Women Pink Ribbed Vest Top blends contemporary design with timeless ethnic sensibility — ideal for festive occasions, everyday wear, gifting and special celebrations.

Key Highlights:
• Premium soft-touch fabric with a comfortable hand feel
• Tailored fit designed for all-day comfort and easy movement
• Durable double-stitched seams and color-fast dyes for long-lasting wear
• Easy care — machine washable, low maintenance
• Versatile styling — pair with traditional or contemporary essentials

Why shop the Women Pink Ribbed Vest Top at BUTTERBYTE STORE? Enjoy authentic quality, pan-India shipping, secure checkout, easy 7-day returns and dedicated customer support. Elevate your ethnic and everyday wardrobe with BUTTERBYTE STORE — premium fashion for the modern Indian.",500.00,400.00,20,25,In Stock,f,f,f,4.3,0,2026-05-30 23:57:45.925288+00
11259e4e-5fd1-423f-acac-9502b13781c8,collar-fitted-black-top,Collar Fitted Black Top,BUTTERBYTE STORE,BB-TOPS-045,5af8213b-af8d-4e0b-b176-dfff53880fe9,"Discover the Collar Fitted Black Top from BUTTERBYTE STORE — a thoughtfully designed tops crafted for the modern Indian wardrobe. Made with premium, breathable fabric and finished with meticulous tailoring, this Collar Fitted Black Top blends contemporary design with timeless ethnic sensibility — ideal for festive occasions, everyday wear, gifting and special celebrations.

Key Highlights:
• Premium soft-touch fabric with a comfortable hand feel
• Tailored fit designed for all-day comfort and easy movement
• Durable double-stitched seams and color-fast dyes for long-lasting wear
• Easy care — machine washable, low maintenance
• Versatile styling — pair with traditional or contemporary essentials

Why shop the Collar Fitted Black Top at BUTTERBYTE STORE? Enjoy authentic quality, pan-India shipping, secure checkout, easy 7-day returns and dedicated customer support. Elevate your ethnic and everyday wardrobe with BUTTERBYTE STORE — premium fashion for the modern Indian.",1000.00,800.00,20,25,In Stock,f,f,f,4.3,0,2026-05-30 23:57:45.994647+00
b6a664c5-741d-4aaa-b6c8-3b30b52e6c57,pink-embroidered-three-quarter-sleeves-casual-tops-for-women,Pink Embroidered Three Quarter Sleeves Casual Tops For Women,BUTTERBYTE STORE,BB-TOPS-046,5af8213b-af8d-4e0b-b176-dfff53880fe9,"Discover the Pink Embroidered Three Quarter Sleeves Casual Tops For Women from BUTTERBYTE STORE — a thoughtfully designed tops crafted for the modern Indian wardrobe. Made with premium, breathable fabric and finished with meticulous tailoring, this Pink Embroidered Three Quarter Sleeves Casual Tops For Women blends contemporary design with timeless ethnic sensibility — ideal for festive occasions, everyday wear, gifting and special celebrations.

Key Highlights:
• Premium soft-touch fabric with a comfortable hand feel
• Tailored fit designed for all-day comfort and easy movement
• Durable double-stitched seams and color-fast dyes for long-lasting wear
• Easy care — machine washable, low maintenance
• Versatile styling — pair with traditional or contemporary essentials

Why shop the Pink Embroidered Three Quarter Sleeves Casual Tops For Women at BUTTERBYTE STORE? Enjoy authentic quality, pan-India shipping, secure checkout, easy 7-day returns and dedicated customer support. Elevate your ethnic and everyday wardrobe with BUTTERBYTE STORE — premium fashion for the modern Indian.",2750.00,2200.00,20,25,In Stock,f,f,f,4.3,0,2026-05-30 23:57:46.064102+00
012dac4a-2d6c-42c0-b9e7-67e4de7910b7,women-s-wine-solid-top,Women S Wine Solid Top,BUTTERBYTE STORE,BB-TOPS-047,5af8213b-af8d-4e0b-b176-dfff53880fe9,"Discover the Women S Wine Solid Top from BUTTERBYTE STORE — a thoughtfully designed tops crafted for the modern Indian wardrobe. Made with premium, breathable fabric and finished with meticulous tailoring, this Women S Wine Solid Top blends contemporary design with timeless ethnic sensibility — ideal for festive occasions, everyday wear, gifting and special celebrations.

Key Highlights:
• Premium soft-touch fabric with a comfortable hand feel
• Tailored fit designed for all-day comfort and easy movement
• Durable double-stitched seams and color-fast dyes for long-lasting wear
• Easy care — machine washable, low maintenance
• Versatile styling — pair with traditional or contemporary essentials

Why shop the Women S Wine Solid Top at BUTTERBYTE STORE? Enjoy authentic quality, pan-India shipping, secure checkout, easy 7-day returns and dedicated customer support. Elevate your ethnic and everyday wardrobe with BUTTERBYTE STORE — premium fashion for the modern Indian.",3125.00,2500.00,20,25,In Stock,f,f,f,4.3,0,2026-05-30 23:57:46.133066+00
6f953ca3-8d09-4e1c-ad8a-0346225ecbd6,women-floral-printed-hot-pink-v-neck-puff-sleeve-chiffon-wrap-top-pink,Women Floral Printed Hot Pink V Neck Puff Sleeve Chiffon Wrap Top Pink,BUTTERBYTE STORE,BB-TOPS-048,5af8213b-af8d-4e0b-b176-dfff53880fe9,"Discover the Women Floral Printed Hot Pink V Neck Puff Sleeve Chiffon Wrap Top Pink from BUTTERBYTE STORE — a thoughtfully designed tops crafted for the modern Indian wardrobe. Made with premium, breathable fabric and finished with meticulous tailoring, this Women Floral Printed Hot Pink V Neck Puff Sleeve Chiffon Wrap Top Pink blends contemporary design with timeless ethnic sensibility — ideal for festive occasions, everyday wear, gifting and special celebrations.

Key Highlights:
• Premium soft-touch fabric with a comfortable hand feel
• Tailored fit designed for all-day comfort and easy movement
• Durable double-stitched seams and color-fast dyes for long-lasting wear
• Easy care — machine washable, low maintenance
• Versatile styling — pair with traditional or contemporary essentials

Why shop the Women Floral Printed Hot Pink V Neck Puff Sleeve Chiffon Wrap Top Pink at BUTTERBYTE STORE? Enjoy authentic quality, pan-India shipping, secure checkout, easy 7-day returns and dedicated customer support. Elevate your ethnic and everyday wardrobe with BUTTERBYTE STORE — premium fashion for the modern Indian.",3625.00,2900.00,20,25,In Stock,f,f,f,4.3,0,2026-05-30 23:57:46.20196+00
f6f1043e-4640-41ef-8269-f0dd20e39734,constellation-bodysuit,Constellation Bodysuit,BUTTERBYTE STORE,BB-TOPS-049,5af8213b-af8d-4e0b-b176-dfff53880fe9,"Discover the Constellation Bodysuit from BUTTERBYTE STORE — a thoughtfully designed tops crafted for the modern Indian wardrobe. Made with premium, breathable fabric and finished with meticulous tailoring, this Constellation Bodysuit blends contemporary design with timeless ethnic sensibility — ideal for festive occasions, everyday wear, gifting and special celebrations.

Key Highlights:
• Premium soft-touch fabric with a comfortable hand feel
• Tailored fit designed for all-day comfort and easy movement
• Durable double-stitched seams and color-fast dyes for long-lasting wear
• Easy care — machine washable, low maintenance
• Versatile styling — pair with traditional or contemporary essentials

Why shop the Constellation Bodysuit at BUTTERBYTE STORE? Enjoy authentic quality, pan-India shipping, secure checkout, easy 7-day returns and dedicated customer support. Elevate your ethnic and everyday wardrobe with BUTTERBYTE STORE — premium fashion for the modern Indian.",1500.00,1200.00,20,25,In Stock,f,f,f,4.3,0,2026-05-30 23:57:46.272228+00
cf44c2f7-33d0-4658-9bde-1a39d0911e81,cotton-embroidered-top,Cotton Embroidered Top,BUTTERBYTE STORE,BB-TOPS-050,5af8213b-af8d-4e0b-b176-dfff53880fe9,"Discover the Cotton Embroidered Top from BUTTERBYTE STORE — a thoughtfully designed tops crafted for the modern Indian wardrobe. Made with premium, breathable fabric and finished with meticulous tailoring, this Cotton Embroidered Top blends contemporary design with timeless ethnic sensibility — ideal for festive occasions, everyday wear, gifting and special celebrations.

Key Highlights:
• Premium soft-touch fabric with a comfortable hand feel
• Tailored fit designed for all-day comfort and easy movement
• Durable double-stitched seams and color-fast dyes for long-lasting wear
• Easy care — machine washable, low maintenance
• Versatile styling — pair with traditional or contemporary essentials

Why shop the Cotton Embroidered Top at BUTTERBYTE STORE? Enjoy authentic quality, pan-India shipping, secure checkout, easy 7-day returns and dedicated customer support. Elevate your ethnic and everyday wardrobe with BUTTERBYTE STORE — premium fashion for the modern Indian.",2000.00,1600.00,20,25,In Stock,f,f,f,4.3,0,2026-05-30 23:57:46.341132+00
8d006989-5893-4bbe-8876-07372c9025a9,black-men-trunks-with-elasticated-waistband,Black Men Trunks With Elasticated Waistband,BUTTERBYTE STORE,,5e78d4d1-079c-4c6d-8df1-d23a572cea50,"Discover the Black Men Trunks With Elasticated Waistband from BUTTERBYTE STORE — a thoughtfully designed boxers crafted for the modern Indian wardrobe. Made with premium, breathable fabric and finished with meticulous tailoring, this Black Men Trunks With Elasticated Waistband blends contemporary design with timeless ethnic sensibility — ideal for festive occasions, everyday wear, gifting and special celebrations.

Key Highlights:
• Premium soft-touch fabric with a comfortable hand feel
• Tailored fit designed for all-day comfort and easy movement
• Durable double-stitched seams and color-fast dyes for long-lasting wear
• Easy care — machine washable, low maintenance
• Versatile styling — pair with traditional or contemporary essentials

Why shop the Black Men Trunks With Elasticated Waistband at BUTTERBYTE STORE? Enjoy authentic quality, pan-India shipping, secure checkout, easy 7-day returns and dedicated customer support. Elevate your ethnic and everyday wardrobe with BUTTERBYTE STORE — premium fashion for the modern Indian.",1470.00,1050.00,29,43,In Stock,f,f,f,3.5,123,2026-05-31 01:07:52.591954+00
d3322958-a520-4012-8b38-afe6d1137b29,mens-cotton-woven-boxer-shorts-with-side-pocket-navy-nickle-pack-of-2,Mens Cotton Woven Boxer Shorts With Side Pocket Navy Nickle Pack Of 2,BUTTERBYTE STORE,,5e78d4d1-079c-4c6d-8df1-d23a572cea50,"Discover the Mens Cotton Woven Boxer Shorts With Side Pocket Navy Nickle Pack Of 2 from BUTTERBYTE STORE — a thoughtfully designed boxers crafted for the modern Indian wardrobe. Made with premium, breathable fabric and finished with meticulous tailoring, this Mens Cotton Woven Boxer Shorts With Side Pocket Navy Nickle Pack Of 2 blends contemporary design with timeless ethnic sensibility — ideal for festive occasions, everyday wear, gifting and special celebrations.

Key Highlights:
• Premium soft-touch fabric with a comfortable hand feel
• Tailored fit designed for all-day comfort and easy movement
• Durable double-stitched seams and color-fast dyes for long-lasting wear
• Easy care — machine washable, low maintenance
• Versatile styling — pair with traditional or contemporary essentials

Why shop the Mens Cotton Woven Boxer Shorts With Side Pocket Navy Nickle Pack Of 2 at BUTTERBYTE STORE? Enjoy authentic quality, pan-India shipping, secure checkout, easy 7-day returns and dedicated customer support. Elevate your ethnic and everyday wardrobe with BUTTERBYTE STORE — premium fashion for the modern Indian.",1470.00,1050.00,29,20,In Stock,t,f,f,3.5,158,2026-05-31 01:07:52.62729+00
fa50a44b-4a70-49d0-ab8d-97d6ddc67428,men-red-4-pack-woven-boxer-shorts,Men Red 4 Pack Woven Boxer Shorts,BUTTERBYTE STORE,,5e78d4d1-079c-4c6d-8df1-d23a572cea50,"Discover the Men Red 4 Pack Woven Boxer Shorts from BUTTERBYTE STORE — a thoughtfully designed boxers crafted for the modern Indian wardrobe. Made with premium, breathable fabric and finished with meticulous tailoring, this Men Red 4 Pack Woven Boxer Shorts blends contemporary design with timeless ethnic sensibility — ideal for festive occasions, everyday wear, gifting and special celebrations.

Key Highlights:
• Premium soft-touch fabric with a comfortable hand feel
• Tailored fit designed for all-day comfort and easy movement
• Durable double-stitched seams and color-fast dyes for long-lasting wear
• Easy care — machine washable, low maintenance
• Versatile styling — pair with traditional or contemporary essentials

Why shop the Men Red 4 Pack Woven Boxer Shorts at BUTTERBYTE STORE? Enjoy authentic quality, pan-India shipping, secure checkout, easy 7-day returns and dedicated customer support. Elevate your ethnic and everyday wardrobe with BUTTERBYTE STORE — premium fashion for the modern Indian.",1050.00,750.00,29,14,In Stock,f,t,f,3.5,55,2026-05-31 01:07:52.661264+00
d4767303-cde4-4a86-88bf-ba963a269a2f,men-soft-cotton-300-ls-solid-plain-woven-boxer-shorts-2,Men Soft Cotton 300 Ls Solid Plain Woven Boxer Shorts,BUTTERBYTE STORE,,5e78d4d1-079c-4c6d-8df1-d23a572cea50,"Discover the Men Soft Cotton 300 Ls Solid Plain Woven Boxer Shorts from BUTTERBYTE STORE — a thoughtfully designed boxers crafted for the modern Indian wardrobe. Made with premium, breathable fabric and finished with meticulous tailoring, this Men Soft Cotton 300 Ls Solid Plain Woven Boxer Shorts blends contemporary design with timeless ethnic sensibility — ideal for festive occasions, everyday wear, gifting and special celebrations.

Key Highlights:
• Premium soft-touch fabric with a comfortable hand feel
• Tailored fit designed for all-day comfort and easy movement
• Durable double-stitched seams and color-fast dyes for long-lasting wear
• Easy care — machine washable, low maintenance
• Versatile styling — pair with traditional or contemporary essentials

Why shop the Men Soft Cotton 300 Ls Solid Plain Woven Boxer Shorts at BUTTERBYTE STORE? Enjoy authentic quality, pan-India shipping, secure checkout, easy 7-day returns and dedicated customer support. Elevate your ethnic and everyday wardrobe with BUTTERBYTE STORE — premium fashion for the modern Indian.",1050.00,750.00,29,10,In Stock,f,f,f,3.5,170,2026-05-31 01:07:52.695058+00
b8bac8ac-eefd-48c4-9981-cae0b6038ff1,men-striped-regular-fit-light-blue-boxer-shorts-2,Men Striped Regular Fit Light Blue Boxer Shorts,BUTTERBYTE STORE,,5e78d4d1-079c-4c6d-8df1-d23a572cea50,"Discover the Men Striped Regular Fit Light Blue Boxer Shorts from BUTTERBYTE STORE — a thoughtfully designed boxers crafted for the modern Indian wardrobe. Made with premium, breathable fabric and finished with meticulous tailoring, this Men Striped Regular Fit Light Blue Boxer Shorts blends contemporary design with timeless ethnic sensibility — ideal for festive occasions, everyday wear, gifting and special celebrations.

Key Highlights:
• Premium soft-touch fabric with a comfortable hand feel
• Tailored fit designed for all-day comfort and easy movement
• Durable double-stitched seams and color-fast dyes for long-lasting wear
• Easy care — machine washable, low maintenance
• Versatile styling — pair with traditional or contemporary essentials

Why shop the Men Striped Regular Fit Light Blue Boxer Shorts at BUTTERBYTE STORE? Enjoy authentic quality, pan-India shipping, secure checkout, easy 7-day returns and dedicated customer support. Elevate your ethnic and everyday wardrobe with BUTTERBYTE STORE — premium fashion for the modern Indian.",1680.00,1200.00,29,49,In Stock,t,t,f,5.0,165,2026-05-31 01:07:52.728979+00
521f490b-4070-42c5-a0d2-4c669b0eeb3a,mercerized-cotton-poplin-allover-functional-pocket-boxers,Mercerized Cotton Poplin Allover Functional Pocket Boxers,BUTTERBYTE STORE,,5e78d4d1-079c-4c6d-8df1-d23a572cea50,"Discover the Mercerized Cotton Poplin Allover Functional Pocket Boxers from BUTTERBYTE STORE — a thoughtfully designed boxers crafted for the modern Indian wardrobe. Made with premium, breathable fabric and finished with meticulous tailoring, this Mercerized Cotton Poplin Allover Functional Pocket Boxers blends contemporary design with timeless ethnic sensibility — ideal for festive occasions, everyday wear, gifting and special celebrations.

Key Highlights:
• Premium soft-touch fabric with a comfortable hand feel
• Tailored fit designed for all-day comfort and easy movement
• Durable double-stitched seams and color-fast dyes for long-lasting wear
• Easy care — machine washable, low maintenance
• Versatile styling — pair with traditional or contemporary essentials

Why shop the Mercerized Cotton Poplin Allover Functional Pocket Boxers at BUTTERBYTE STORE? Enjoy authentic quality, pan-India shipping, secure checkout, easy 7-day returns and dedicated customer support. Elevate your ethnic and everyday wardrobe with BUTTERBYTE STORE — premium fashion for the modern Indian.",770.00,550.00,29,10,In Stock,t,f,t,5.0,23,2026-05-31 01:07:52.762911+00
bf4d6d8c-151f-4fe2-b0bc-21b61a123443,regular-fit-ultralight-all-day-boxer-shorts-for-men-rust,Regular Fit Ultralight All Day Boxer Shorts For Men Rust,BUTTERBYTE STORE,,5e78d4d1-079c-4c6d-8df1-d23a572cea50,"Discover the Regular Fit Ultralight All Day Boxer Shorts For Men Rust from BUTTERBYTE STORE — a thoughtfully designed boxers crafted for the modern Indian wardrobe. Made with premium, breathable fabric and finished with meticulous tailoring, this Regular Fit Ultralight All Day Boxer Shorts For Men Rust blends contemporary design with timeless ethnic sensibility — ideal for festive occasions, everyday wear, gifting and special celebrations.

Key Highlights:
• Premium soft-touch fabric with a comfortable hand feel
• Tailored fit designed for all-day comfort and easy movement
• Durable double-stitched seams and color-fast dyes for long-lasting wear
• Easy care — machine washable, low maintenance
• Versatile styling — pair with traditional or contemporary essentials

Why shop the Regular Fit Ultralight All Day Boxer Shorts For Men Rust at BUTTERBYTE STORE? Enjoy authentic quality, pan-India shipping, secure checkout, easy 7-day returns and dedicated customer support. Elevate your ethnic and everyday wardrobe with BUTTERBYTE STORE — premium fashion for the modern Indian.",2380.00,1700.00,29,28,In Stock,f,f,f,3.5,126,2026-05-31 01:07:52.797182+00
9a67b4f7-2079-4674-a686-4185753342f6,showoff-men-s-printed-cotton-rust-boxer,Showoff Men S Printed Cotton Rust Boxer,BUTTERBYTE STORE,,5e78d4d1-079c-4c6d-8df1-d23a572cea50,"Discover the Showoff Men S Printed Cotton Rust Boxer from BUTTERBYTE STORE — a thoughtfully designed boxers crafted for the modern Indian wardrobe. Made with premium, breathable fabric and finished with meticulous tailoring, this Showoff Men S Printed Cotton Rust Boxer blends contemporary design with timeless ethnic sensibility — ideal for festive occasions, everyday wear, gifting and special celebrations.

Key Highlights:
• Premium soft-touch fabric with a comfortable hand feel
• Tailored fit designed for all-day comfort and easy movement
• Durable double-stitched seams and color-fast dyes for long-lasting wear
• Easy care — machine washable, low maintenance
• Versatile styling — pair with traditional or contemporary essentials

Why shop the Showoff Men S Printed Cotton Rust Boxer at BUTTERBYTE STORE? Enjoy authentic quality, pan-India shipping, secure checkout, easy 7-day returns and dedicated customer support. Elevate your ethnic and everyday wardrobe with BUTTERBYTE STORE — premium fashion for the modern Indian.",3570.00,2550.00,29,26,In Stock,f,f,f,3.5,171,2026-05-31 01:07:52.831328+00
b7dbadcd-159a-4d62-9ef9-9a6a6dcdab32,official-marvel-merchandise-men-white-all-over-printed-boxer,Official Marvel Merchandise Men White All Over Printed Boxer,BUTTERBYTE STORE,,5e78d4d1-079c-4c6d-8df1-d23a572cea50,"Discover the Official Marvel Merchandise Men White All Over Printed Boxer from BUTTERBYTE STORE — a thoughtfully designed boxers crafted for the modern Indian wardrobe. Made with premium, breathable fabric and finished with meticulous tailoring, this Official Marvel Merchandise Men White All Over Printed Boxer blends contemporary design with timeless ethnic sensibility — ideal for festive occasions, everyday wear, gifting and special celebrations.

Key Highlights:
• Premium soft-touch fabric with a comfortable hand feel
• Tailored fit designed for all-day comfort and easy movement
• Durable double-stitched seams and color-fast dyes for long-lasting wear
• Easy care — machine washable, low maintenance
• Versatile styling — pair with traditional or contemporary essentials

Why shop the Official Marvel Merchandise Men White All Over Printed Boxer at BUTTERBYTE STORE? Enjoy authentic quality, pan-India shipping, secure checkout, easy 7-day returns and dedicated customer support. Elevate your ethnic and everyday wardrobe with BUTTERBYTE STORE — premium fashion for the modern Indian.",420.00,300.00,29,34,In Stock,f,f,f,5.0,79,2026-05-31 01:07:52.867414+00
02c671c9-32ab-4ab9-a2d6-77a00988abc0,multi-color-printed-regular-fit-boxers-pack-of-2,Multi Color Printed Regular Fit Boxers Pack Of 2,BUTTERBYTE STORE,,5e78d4d1-079c-4c6d-8df1-d23a572cea50,"Discover the Multi Color Printed Regular Fit Boxers Pack Of 2 from BUTTERBYTE STORE — a thoughtfully designed boxers crafted for the modern Indian wardrobe. Made with premium, breathable fabric and finished with meticulous tailoring, this Multi Color Printed Regular Fit Boxers Pack Of 2 blends contemporary design with timeless ethnic sensibility — ideal for festive occasions, everyday wear, gifting and special celebrations.

Key Highlights:
• Premium soft-touch fabric with a comfortable hand feel
• Tailored fit designed for all-day comfort and easy movement
• Durable double-stitched seams and color-fast dyes for long-lasting wear
• Easy care — machine washable, low maintenance
• Versatile styling — pair with traditional or contemporary essentials

Why shop the Multi Color Printed Regular Fit Boxers Pack Of 2 at BUTTERBYTE STORE? Enjoy authentic quality, pan-India shipping, secure checkout, easy 7-day returns and dedicated customer support. Elevate your ethnic and everyday wardrobe with BUTTERBYTE STORE — premium fashion for the modern Indian.",3010.00,2150.00,29,28,In Stock,f,f,t,3.5,73,2026-05-31 01:07:52.901375+00
295f2bf8-7f75-4c2d-9c62-0e0969167937,black-pure-cotton-ex004-boxer-shorts,Black Pure Cotton Ex004 Boxer Shorts,BUTTERBYTE STORE,,5e78d4d1-079c-4c6d-8df1-d23a572cea50,"Discover the Black Pure Cotton Ex004 Boxer Shorts from BUTTERBYTE STORE — a thoughtfully designed boxers crafted for the modern Indian wardrobe. Made with premium, breathable fabric and finished with meticulous tailoring, this Black Pure Cotton Ex004 Boxer Shorts blends contemporary design with timeless ethnic sensibility — ideal for festive occasions, everyday wear, gifting and special celebrations.

Key Highlights:
• Premium soft-touch fabric with a comfortable hand feel
• Tailored fit designed for all-day comfort and easy movement
• Durable double-stitched seams and color-fast dyes for long-lasting wear
• Easy care — machine washable, low maintenance
• Versatile styling — pair with traditional or contemporary essentials

Why shop the Black Pure Cotton Ex004 Boxer Shorts at BUTTERBYTE STORE? Enjoy authentic quality, pan-India shipping, secure checkout, easy 7-day returns and dedicated customer support. Elevate your ethnic and everyday wardrobe with BUTTERBYTE STORE — premium fashion for the modern Indian.",2170.00,1550.00,29,57,In Stock,t,t,f,5.0,152,2026-05-31 01:07:52.935581+00
4ca8f9c1-ff18-4079-86f9-dd021f3bf6d7,men-multi-color-4-pack-woven-boxer-shorts-2,Men Multi Color 4 Pack Woven Boxer Shorts,BUTTERBYTE STORE,,5e78d4d1-079c-4c6d-8df1-d23a572cea50,"Discover the Men Multi Color 4 Pack Woven Boxer Shorts from BUTTERBYTE STORE — a thoughtfully designed boxers crafted for the modern Indian wardrobe. Made with premium, breathable fabric and finished with meticulous tailoring, this Men Multi Color 4 Pack Woven Boxer Shorts blends contemporary design with timeless ethnic sensibility — ideal for festive occasions, everyday wear, gifting and special celebrations.

Key Highlights:
• Premium soft-touch fabric with a comfortable hand feel
• Tailored fit designed for all-day comfort and easy movement
• Durable double-stitched seams and color-fast dyes for long-lasting wear
• Easy care — machine washable, low maintenance
• Versatile styling — pair with traditional or contemporary essentials

Why shop the Men Multi Color 4 Pack Woven Boxer Shorts at BUTTERBYTE STORE? Enjoy authentic quality, pan-India shipping, secure checkout, easy 7-day returns and dedicated customer support. Elevate your ethnic and everyday wardrobe with BUTTERBYTE STORE — premium fashion for the modern Indian.",560.00,400.00,29,9,In Stock,f,t,f,3.5,25,2026-05-31 01:07:52.969438+00
4bc13472-bb45-4ef2-b7c4-8fa31df9184c,men-ethnic-motifs-woven-bandhgala-nehru-jacket-1,Men Ethnic Motifs Woven Bandhgala Nehru Jacket,BUTTERBYTE STORE,,ae2f19b0-2591-4601-8224-d0bc9fad7316,"Discover the Men Ethnic Motifs Woven Bandhgala Nehru Jacket from BUTTERBYTE STORE — a thoughtfully designed ethnic jackets crafted for the modern Indian wardrobe. Made with premium, breathable fabric and finished with meticulous tailoring, this Men Ethnic Motifs Woven Bandhgala Nehru Jacket blends contemporary design with timeless ethnic sensibility — ideal for festive occasions, everyday wear, gifting and special celebrations.

Key Highlights:
• Premium soft-touch fabric with a comfortable hand feel
• Tailored fit designed for all-day comfort and easy movement
• Durable double-stitched seams and color-fast dyes for long-lasting wear
• Easy care — machine washable, low maintenance
• Versatile styling — pair with traditional or contemporary essentials

Why shop the Men Ethnic Motifs Woven Bandhgala Nehru Jacket at BUTTERBYTE STORE? Enjoy authentic quality, pan-India shipping, secure checkout, easy 7-day returns and dedicated customer support. Elevate your ethnic and everyday wardrobe with BUTTERBYTE STORE — premium fashion for the modern Indian.",6000.00,4260.00,29,50,In Stock,t,f,f,3.0,0,2026-05-31 01:54:18.828497+00
f78cc370-6a14-48f3-ab9d-6993b5cc98ab,floral-woven-nehru-jacket-2,Floral Woven Nehru Jacket,BUTTERBYTE STORE,,ae2f19b0-2591-4601-8224-d0bc9fad7316,"Discover the Floral Woven Nehru Jacket from BUTTERBYTE STORE — a thoughtfully designed ethnic jackets crafted for the modern Indian wardrobe. Made with premium, breathable fabric and finished with meticulous tailoring, this Floral Woven Nehru Jacket blends contemporary design with timeless ethnic sensibility — ideal for festive occasions, everyday wear, gifting and special celebrations.

Key Highlights:
• Premium soft-touch fabric with a comfortable hand feel
• Tailored fit designed for all-day comfort and easy movement
• Durable double-stitched seams and color-fast dyes for long-lasting wear
• Easy care — machine washable, low maintenance
• Versatile styling — pair with traditional or contemporary essentials

Why shop the Floral Woven Nehru Jacket at BUTTERBYTE STORE? Enjoy authentic quality, pan-India shipping, secure checkout, easy 7-day returns and dedicated customer support. Elevate your ethnic and everyday wardrobe with BUTTERBYTE STORE — premium fashion for the modern Indian.",2000.00,1420.00,29,50,In Stock,t,f,f,3.0,0,2026-05-31 01:54:18.828497+00
3a9709f2-c5aa-4bbd-b310-38a0882c1ff7,embellished-nehru-jacket-3,Embellished Nehru Jacket,BUTTERBYTE STORE,,ae2f19b0-2591-4601-8224-d0bc9fad7316,"Discover the Embellished Nehru Jacket from BUTTERBYTE STORE — a thoughtfully designed ethnic jackets crafted for the modern Indian wardrobe. Made with premium, breathable fabric and finished with meticulous tailoring, this Embellished Nehru Jacket blends contemporary design with timeless ethnic sensibility — ideal for festive occasions, everyday wear, gifting and special celebrations.

Key Highlights:
• Premium soft-touch fabric with a comfortable hand feel
• Tailored fit designed for all-day comfort and easy movement
• Durable double-stitched seams and color-fast dyes for long-lasting wear
• Easy care — machine washable, low maintenance
• Versatile styling — pair with traditional or contemporary essentials

Why shop the Embellished Nehru Jacket at BUTTERBYTE STORE? Enjoy authentic quality, pan-India shipping, secure checkout, easy 7-day returns and dedicated customer support. Elevate your ethnic and everyday wardrobe with BUTTERBYTE STORE — premium fashion for the modern Indian.",1200.00,852.00,29,50,In Stock,t,f,f,4.0,0,2026-05-31 01:54:18.828497+00
b3e5a949-a046-41e0-9363-b6339557add4,men-self-weaved-slim-fit-bandhgala-jacket-4,Men Self-Weaved Slim Fit Bandhgala Jacket,BUTTERBYTE STORE,,ae2f19b0-2591-4601-8224-d0bc9fad7316,"Discover the Men Self-Weaved Slim Fit Bandhgala Jacket from BUTTERBYTE STORE — a thoughtfully designed ethnic jackets crafted for the modern Indian wardrobe. Made with premium, breathable fabric and finished with meticulous tailoring, this Men Self-Weaved Slim Fit Bandhgala Jacket blends contemporary design with timeless ethnic sensibility — ideal for festive occasions, everyday wear, gifting and special celebrations.

Key Highlights:
• Premium soft-touch fabric with a comfortable hand feel
• Tailored fit designed for all-day comfort and easy movement
• Durable double-stitched seams and color-fast dyes for long-lasting wear
• Easy care — machine washable, low maintenance
• Versatile styling — pair with traditional or contemporary essentials

Why shop the Men Self-Weaved Slim Fit Bandhgala Jacket at BUTTERBYTE STORE? Enjoy authentic quality, pan-India shipping, secure checkout, easy 7-day returns and dedicated customer support. Elevate your ethnic and everyday wardrobe with BUTTERBYTE STORE — premium fashion for the modern Indian.",2100.00,1491.00,29,50,In Stock,t,f,f,4.0,0,2026-05-31 01:54:18.828497+00
4141b441-cdbb-49f5-a796-71cce950c4b9,men-regular-fit-nehru-jacket-5,Men Regular Fit Nehru Jacket,BUTTERBYTE STORE,,ae2f19b0-2591-4601-8224-d0bc9fad7316,"Discover the Men Regular Fit Nehru Jacket from BUTTERBYTE STORE — a thoughtfully designed ethnic jackets crafted for the modern Indian wardrobe. Made with premium, breathable fabric and finished with meticulous tailoring, this Men Regular Fit Nehru Jacket blends contemporary design with timeless ethnic sensibility — ideal for festive occasions, everyday wear, gifting and special celebrations.

Key Highlights:
• Premium soft-touch fabric with a comfortable hand feel
• Tailored fit designed for all-day comfort and easy movement
• Durable double-stitched seams and color-fast dyes for long-lasting wear
• Easy care — machine washable, low maintenance
• Versatile styling — pair with traditional or contemporary essentials

Why shop the Men Regular Fit Nehru Jacket at BUTTERBYTE STORE? Enjoy authentic quality, pan-India shipping, secure checkout, easy 7-day returns and dedicated customer support. Elevate your ethnic and everyday wardrobe with BUTTERBYTE STORE — premium fashion for the modern Indian.",1650.00,1171.50,29,50,In Stock,t,f,f,4.0,0,2026-05-31 01:54:18.828497+00
2689ae39-89cd-4bcb-86de-bf37565aa6e7,regular-fit-shirt-with-nehru-jacket-6,Regular Fit Shirt with Nehru Jacket,BUTTERBYTE STORE,,ae2f19b0-2591-4601-8224-d0bc9fad7316,"Discover the Regular Fit Shirt with Nehru Jacket from BUTTERBYTE STORE — a thoughtfully designed ethnic jackets crafted for the modern Indian wardrobe. Made with premium, breathable fabric and finished with meticulous tailoring, this Regular Fit Shirt with Nehru Jacket blends contemporary design with timeless ethnic sensibility — ideal for festive occasions, everyday wear, gifting and special celebrations.

Key Highlights:
• Premium soft-touch fabric with a comfortable hand feel
• Tailored fit designed for all-day comfort and easy movement
• Durable double-stitched seams and color-fast dyes for long-lasting wear
• Easy care — machine washable, low maintenance
• Versatile styling — pair with traditional or contemporary essentials

Why shop the Regular Fit Shirt with Nehru Jacket at BUTTERBYTE STORE? Enjoy authentic quality, pan-India shipping, secure checkout, easy 7-day returns and dedicated customer support. Elevate your ethnic and everyday wardrobe with BUTTERBYTE STORE — premium fashion for the modern Indian.",750.00,532.50,29,50,In Stock,t,f,f,4.0,0,2026-05-31 01:54:18.828497+00
f545a8e6-177d-407c-829c-df1a6c3e7bb5,men-embroidery-nehru-jacket-7,Men Embroidery Nehru Jacket,BUTTERBYTE STORE,,ae2f19b0-2591-4601-8224-d0bc9fad7316,"Discover the Men Embroidery Nehru Jacket from BUTTERBYTE STORE — a thoughtfully designed ethnic jackets crafted for the modern Indian wardrobe. Made with premium, breathable fabric and finished with meticulous tailoring, this Men Embroidery Nehru Jacket blends contemporary design with timeless ethnic sensibility — ideal for festive occasions, everyday wear, gifting and special celebrations.

Key Highlights:
• Premium soft-touch fabric with a comfortable hand feel
• Tailored fit designed for all-day comfort and easy movement
• Durable double-stitched seams and color-fast dyes for long-lasting wear
• Easy care — machine washable, low maintenance
• Versatile styling — pair with traditional or contemporary essentials

Why shop the Men Embroidery Nehru Jacket at BUTTERBYTE STORE? Enjoy authentic quality, pan-India shipping, secure checkout, easy 7-day returns and dedicated customer support. Elevate your ethnic and everyday wardrobe with BUTTERBYTE STORE — premium fashion for the modern Indian.",3100.00,2201.00,29,50,In Stock,t,f,f,3.0,0,2026-05-31 01:54:18.828497+00
55c6e1ac-bb16-4ba1-bccf-c464ccea7ba1,men-slim-fit-nehru-jacket-8,Men Slim Fit Nehru Jacket,BUTTERBYTE STORE,,ae2f19b0-2591-4601-8224-d0bc9fad7316,"Discover the Men Slim Fit Nehru Jacket from BUTTERBYTE STORE — a thoughtfully designed ethnic jackets crafted for the modern Indian wardrobe. Made with premium, breathable fabric and finished with meticulous tailoring, this Men Slim Fit Nehru Jacket blends contemporary design with timeless ethnic sensibility — ideal for festive occasions, everyday wear, gifting and special celebrations.

Key Highlights:
• Premium soft-touch fabric with a comfortable hand feel
• Tailored fit designed for all-day comfort and easy movement
• Durable double-stitched seams and color-fast dyes for long-lasting wear
• Easy care — machine washable, low maintenance
• Versatile styling — pair with traditional or contemporary essentials

Why shop the Men Slim Fit Nehru Jacket at BUTTERBYTE STORE? Enjoy authentic quality, pan-India shipping, secure checkout, easy 7-day returns and dedicated customer support. Elevate your ethnic and everyday wardrobe with BUTTERBYTE STORE — premium fashion for the modern Indian.",1900.00,1349.00,29,50,In Stock,t,f,f,3.0,0,2026-05-31 01:54:18.828497+00
da07f2a1-5175-44f5-8d9d-a61ee0cc6dea,printed-nehru-jacket-with-mandarin-collar-9,Printed Nehru Jacket with Mandarin Collar,BUTTERBYTE STORE,,ae2f19b0-2591-4601-8224-d0bc9fad7316,"Discover the Printed Nehru Jacket with Mandarin Collar from BUTTERBYTE STORE — a thoughtfully designed ethnic jackets crafted for the modern Indian wardrobe. Made with premium, breathable fabric and finished with meticulous tailoring, this Printed Nehru Jacket with Mandarin Collar blends contemporary design with timeless ethnic sensibility — ideal for festive occasions, everyday wear, gifting and special celebrations.

Key Highlights:
• Premium soft-touch fabric with a comfortable hand feel
• Tailored fit designed for all-day comfort and easy movement
• Durable double-stitched seams and color-fast dyes for long-lasting wear
• Easy care — machine washable, low maintenance
• Versatile styling — pair with traditional or contemporary essentials

Why shop the Printed Nehru Jacket with Mandarin Collar at BUTTERBYTE STORE? Enjoy authentic quality, pan-India shipping, secure checkout, easy 7-day returns and dedicated customer support. Elevate your ethnic and everyday wardrobe with BUTTERBYTE STORE — premium fashion for the modern Indian.",6000.00,4260.00,29,50,In Stock,t,f,f,3.0,0,2026-05-31 01:54:18.828497+00
0a2a1da2-0aa7-41db-bef2-a9895f25829f,floral-woven-nehru-jacket-10,Floral Woven Nehru Jacket,BUTTERBYTE STORE,,ae2f19b0-2591-4601-8224-d0bc9fad7316,"Discover the Floral Woven Nehru Jacket from BUTTERBYTE STORE — a thoughtfully designed ethnic jackets crafted for the modern Indian wardrobe. Made with premium, breathable fabric and finished with meticulous tailoring, this Floral Woven Nehru Jacket blends contemporary design with timeless ethnic sensibility — ideal for festive occasions, everyday wear, gifting and special celebrations.

Key Highlights:
• Premium soft-touch fabric with a comfortable hand feel
• Tailored fit designed for all-day comfort and easy movement
• Durable double-stitched seams and color-fast dyes for long-lasting wear
• Easy care — machine washable, low maintenance
• Versatile styling — pair with traditional or contemporary essentials

Why shop the Floral Woven Nehru Jacket at BUTTERBYTE STORE? Enjoy authentic quality, pan-India shipping, secure checkout, easy 7-day returns and dedicated customer support. Elevate your ethnic and everyday wardrobe with BUTTERBYTE STORE — premium fashion for the modern Indian.",2500.00,1775.00,29,50,In Stock,t,f,f,5.0,0,2026-05-31 01:54:18.828497+00
495ca113-418c-4508-90cb-40d0896e67c4,woven-jodhpuri-jacket-11,Woven Jodhpuri Jacket,BUTTERBYTE STORE,,ae2f19b0-2591-4601-8224-d0bc9fad7316,"Discover the Woven Jodhpuri Jacket from BUTTERBYTE STORE — a thoughtfully designed ethnic jackets crafted for the modern Indian wardrobe. Made with premium, breathable fabric and finished with meticulous tailoring, this Woven Jodhpuri Jacket blends contemporary design with timeless ethnic sensibility — ideal for festive occasions, everyday wear, gifting and special celebrations.

Key Highlights:
• Premium soft-touch fabric with a comfortable hand feel
• Tailored fit designed for all-day comfort and easy movement
• Durable double-stitched seams and color-fast dyes for long-lasting wear
• Easy care — machine washable, low maintenance
• Versatile styling — pair with traditional or contemporary essentials

Why shop the Woven Jodhpuri Jacket at BUTTERBYTE STORE? Enjoy authentic quality, pan-India shipping, secure checkout, easy 7-day returns and dedicated customer support. Elevate your ethnic and everyday wardrobe with BUTTERBYTE STORE — premium fashion for the modern Indian.",2400.00,1704.00,29,50,In Stock,t,f,f,4.0,0,2026-05-31 01:54:18.828497+00
38b27e97-a6ca-4578-83b9-0faf944fb4d5,mandarin-collar-relaxed-fit-jacket-12,Mandarin Collar Relaxed Fit Jacket,BUTTERBYTE STORE,,ae2f19b0-2591-4601-8224-d0bc9fad7316,"Discover the Mandarin Collar Relaxed Fit Jacket from BUTTERBYTE STORE — a thoughtfully designed ethnic jackets crafted for the modern Indian wardrobe. Made with premium, breathable fabric and finished with meticulous tailoring, this Mandarin Collar Relaxed Fit Jacket blends contemporary design with timeless ethnic sensibility — ideal for festive occasions, everyday wear, gifting and special celebrations.

Key Highlights:
• Premium soft-touch fabric with a comfortable hand feel
• Tailored fit designed for all-day comfort and easy movement
• Durable double-stitched seams and color-fast dyes for long-lasting wear
• Easy care — machine washable, low maintenance
• Versatile styling — pair with traditional or contemporary essentials

Why shop the Mandarin Collar Relaxed Fit Jacket at BUTTERBYTE STORE? Enjoy authentic quality, pan-India shipping, secure checkout, easy 7-day returns and dedicated customer support. Elevate your ethnic and everyday wardrobe with BUTTERBYTE STORE — premium fashion for the modern Indian.",1700.00,1207.00,29,50,In Stock,t,f,f,5.0,0,2026-05-31 01:54:18.828497+00
b2e035f6-f0c5-425c-a67e-b0ca0c8bf802,men-sleeveless-mandarin-collar-nehru-jacket-13,Men Sleeveless Mandarin Collar Nehru Jacket,BUTTERBYTE STORE,,ae2f19b0-2591-4601-8224-d0bc9fad7316,"Discover the Men Sleeveless Mandarin Collar Nehru Jacket from BUTTERBYTE STORE — a thoughtfully designed ethnic jackets crafted for the modern Indian wardrobe. Made with premium, breathable fabric and finished with meticulous tailoring, this Men Sleeveless Mandarin Collar Nehru Jacket blends contemporary design with timeless ethnic sensibility — ideal for festive occasions, everyday wear, gifting and special celebrations.

Key Highlights:
• Premium soft-touch fabric with a comfortable hand feel
• Tailored fit designed for all-day comfort and easy movement
• Durable double-stitched seams and color-fast dyes for long-lasting wear
• Easy care — machine washable, low maintenance
• Versatile styling — pair with traditional or contemporary essentials

Why shop the Men Sleeveless Mandarin Collar Nehru Jacket at BUTTERBYTE STORE? Enjoy authentic quality, pan-India shipping, secure checkout, easy 7-day returns and dedicated customer support. Elevate your ethnic and everyday wardrobe with BUTTERBYTE STORE — premium fashion for the modern Indian.",2450.00,1739.50,29,50,In Stock,t,f,f,5.0,0,2026-05-31 01:54:18.828497+00
1f99bd52-386d-46fe-a875-dad8a5aab383,men-s-embroidered-nehru-jacket-14,Men Embroidered Nehru Jacket,BUTTERBYTE STORE,,ae2f19b0-2591-4601-8224-d0bc9fad7316,"Discover the Men Embroidered Nehru Jacket from BUTTERBYTE STORE — a thoughtfully designed ethnic jackets crafted for the modern Indian wardrobe. Made with premium, breathable fabric and finished with meticulous tailoring, this Men Embroidered Nehru Jacket blends contemporary design with timeless ethnic sensibility — ideal for festive occasions, everyday wear, gifting and special celebrations.

Key Highlights:
• Premium soft-touch fabric with a comfortable hand feel
• Tailored fit designed for all-day comfort and easy movement
• Durable double-stitched seams and color-fast dyes for long-lasting wear
• Easy care — machine washable, low maintenance
• Versatile styling — pair with traditional or contemporary essentials

Why shop the Men Embroidered Nehru Jacket at BUTTERBYTE STORE? Enjoy authentic quality, pan-India shipping, secure checkout, easy 7-day returns and dedicated customer support. Elevate your ethnic and everyday wardrobe with BUTTERBYTE STORE — premium fashion for the modern Indian.",4000.00,2840.00,29,50,In Stock,t,f,f,4.0,0,2026-05-31 01:54:18.828497+00
0d00396e-c65c-4f2e-872f-dbdbf856de1c,striped-nehru-jacket-15,Striped Nehru Jacket,BUTTERBYTE STORE,,ae2f19b0-2591-4601-8224-d0bc9fad7316,"Discover the Striped Nehru Jacket from BUTTERBYTE STORE — a thoughtfully designed ethnic jackets crafted for the modern Indian wardrobe. Made with premium, breathable fabric and finished with meticulous tailoring, this Striped Nehru Jacket blends contemporary design with timeless ethnic sensibility — ideal for festive occasions, everyday wear, gifting and special celebrations.

Key Highlights:
• Premium soft-touch fabric with a comfortable hand feel
• Tailored fit designed for all-day comfort and easy movement
• Durable double-stitched seams and color-fast dyes for long-lasting wear
• Easy care — machine washable, low maintenance
• Versatile styling — pair with traditional or contemporary essentials

Why shop the Striped Nehru Jacket at BUTTERBYTE STORE? Enjoy authentic quality, pan-India shipping, secure checkout, easy 7-day returns and dedicated customer support. Elevate your ethnic and everyday wardrobe with BUTTERBYTE STORE — premium fashion for the modern Indian.",1050.00,745.50,29,50,In Stock,t,f,f,4.0,0,2026-05-31 01:54:18.828497+00
3b6cb084-b7e4-4de8-9603-d086cc9f0e27,men-nehru-jacket-16,Men Nehru Jacket,BUTTERBYTE STORE,,ae2f19b0-2591-4601-8224-d0bc9fad7316,"Discover the Men Nehru Jacket from BUTTERBYTE STORE — a thoughtfully designed ethnic jackets crafted for the modern Indian wardrobe. Made with premium, breathable fabric and finished with meticulous tailoring, this Men Nehru Jacket blends contemporary design with timeless ethnic sensibility — ideal for festive occasions, everyday wear, gifting and special celebrations.

Key Highlights:
• Premium soft-touch fabric with a comfortable hand feel
• Tailored fit designed for all-day comfort and easy movement
• Durable double-stitched seams and color-fast dyes for long-lasting wear
• Easy care — machine washable, low maintenance
• Versatile styling — pair with traditional or contemporary essentials

Why shop the Men Nehru Jacket at BUTTERBYTE STORE? Enjoy authentic quality, pan-India shipping, secure checkout, easy 7-day returns and dedicated customer support. Elevate your ethnic and everyday wardrobe with BUTTERBYTE STORE — premium fashion for the modern Indian.",1550.00,1100.50,29,50,In Stock,t,f,f,4.0,0,2026-05-31 01:54:18.828497+00
17461a9a-6e50-47ba-9505-eab5ad324e82,white-men-ethnic-motifs-woven-design-jodhpuri-bandhgala-17,White Men Ethnic Motifs Woven Design Jodhpuri Bandhgala,BUTTERBYTE STORE,,ae2f19b0-2591-4601-8224-d0bc9fad7316,"Discover the White Men Ethnic Motifs Woven Design Jodhpuri Bandhgala from BUTTERBYTE STORE — a thoughtfully designed ethnic jackets crafted for the modern Indian wardrobe. Made with premium, breathable fabric and finished with meticulous tailoring, this White Men Ethnic Motifs Woven Design Jodhpuri Bandhgala blends contemporary design with timeless ethnic sensibility — ideal for festive occasions, everyday wear, gifting and special celebrations.

Key Highlights:
• Premium soft-touch fabric with a comfortable hand feel
• Tailored fit designed for all-day comfort and easy movement
• Durable double-stitched seams and color-fast dyes for long-lasting wear
• Easy care — machine washable, low maintenance
• Versatile styling — pair with traditional or contemporary essentials

Why shop the White Men Ethnic Motifs Woven Design Jodhpuri Bandhgala at BUTTERBYTE STORE? Enjoy authentic quality, pan-India shipping, secure checkout, easy 7-day returns and dedicated customer support. Elevate your ethnic and everyday wardrobe with BUTTERBYTE STORE — premium fashion for the modern Indian.",2450.00,1739.50,29,50,In Stock,t,f,f,3.0,0,2026-05-31 01:54:18.828497+00
5edca4ce-19ae-4cf4-80e5-797648750991,cream-men-regular-fit-bandhgala-jackets-18,Cream Men Regular Fit Bandhgala Jackets,BUTTERBYTE STORE,,ae2f19b0-2591-4601-8224-d0bc9fad7316,"Discover the Cream Men Regular Fit Bandhgala Jackets from BUTTERBYTE STORE — a thoughtfully designed ethnic jackets crafted for the modern Indian wardrobe. Made with premium, breathable fabric and finished with meticulous tailoring, this Cream Men Regular Fit Bandhgala Jackets blends contemporary design with timeless ethnic sensibility — ideal for festive occasions, everyday wear, gifting and special celebrations.

Key Highlights:
• Premium soft-touch fabric with a comfortable hand feel
• Tailored fit designed for all-day comfort and easy movement
• Durable double-stitched seams and color-fast dyes for long-lasting wear
• Easy care — machine washable, low maintenance
• Versatile styling — pair with traditional or contemporary essentials

Why shop the Cream Men Regular Fit Bandhgala Jackets at BUTTERBYTE STORE? Enjoy authentic quality, pan-India shipping, secure checkout, easy 7-day returns and dedicated customer support. Elevate your ethnic and everyday wardrobe with BUTTERBYTE STORE — premium fashion for the modern Indian.",1400.00,994.00,29,50,In Stock,t,f,f,5.0,0,2026-05-31 01:54:18.828497+00
f1d05ac8-2298-42e1-b1b1-d6d286a3eea2,black-nehru-jacket-with-welt-pockets-19,Black Nehru Jacket With Welt Pockets,BUTTERBYTE STORE,,ae2f19b0-2591-4601-8224-d0bc9fad7316,"Discover the Black Nehru Jacket With Welt Pockets from BUTTERBYTE STORE — a thoughtfully designed ethnic jackets crafted for the modern Indian wardrobe. Made with premium, breathable fabric and finished with meticulous tailoring, this Black Nehru Jacket With Welt Pockets blends contemporary design with timeless ethnic sensibility — ideal for festive occasions, everyday wear, gifting and special celebrations.

Key Highlights:
• Premium soft-touch fabric with a comfortable hand feel
• Tailored fit designed for all-day comfort and easy movement
• Durable double-stitched seams and color-fast dyes for long-lasting wear
• Easy care — machine washable, low maintenance
• Versatile styling — pair with traditional or contemporary essentials

Why shop the Black Nehru Jacket With Welt Pockets at BUTTERBYTE STORE? Enjoy authentic quality, pan-India shipping, secure checkout, easy 7-day returns and dedicated customer support. Elevate your ethnic and everyday wardrobe with BUTTERBYTE STORE — premium fashion for the modern Indian.",2850.00,2023.50,29,50,In Stock,t,f,f,4.0,0,2026-05-31 01:54:18.828497+00
2eb3d527-da66-41ff-af7a-cfb731dca24d,blue-printed-nehru-jacket-with-mandarin-collar-20,Blue Printed Nehru Jacket With Mandarin Collar,BUTTERBYTE STORE,,ae2f19b0-2591-4601-8224-d0bc9fad7316,"Discover the Blue Printed Nehru Jacket With Mandarin Collar from BUTTERBYTE STORE — a thoughtfully designed ethnic jackets crafted for the modern Indian wardrobe. Made with premium, breathable fabric and finished with meticulous tailoring, this Blue Printed Nehru Jacket With Mandarin Collar blends contemporary design with timeless ethnic sensibility — ideal for festive occasions, everyday wear, gifting and special celebrations.

Key Highlights:
• Premium soft-touch fabric with a comfortable hand feel
• Tailored fit designed for all-day comfort and easy movement
• Durable double-stitched seams and color-fast dyes for long-lasting wear
• Easy care — machine washable, low maintenance
• Versatile styling — pair with traditional or contemporary essentials

Why shop the Blue Printed Nehru Jacket With Mandarin Collar at BUTTERBYTE STORE? Enjoy authentic quality, pan-India shipping, secure checkout, easy 7-day returns and dedicated customer support. Elevate your ethnic and everyday wardrobe with BUTTERBYTE STORE — premium fashion for the modern Indian.",2250.00,1597.50,29,50,In Stock,t,f,f,3.0,0,2026-05-31 01:54:18.828497+00
a569a0a1-dae9-443d-825b-6f01cfab29d7,red-striped-andarin-collar-nehru-jac-21,Red Striped Andarin Collar Nehru Jac,BUTTERBYTE STORE,,ae2f19b0-2591-4601-8224-d0bc9fad7316,"Discover the Red Striped Andarin Collar Nehru Jac from BUTTERBYTE STORE — a thoughtfully designed ethnic jackets crafted for the modern Indian wardrobe. Made with premium, breathable fabric and finished with meticulous tailoring, this Red Striped Andarin Collar Nehru Jac blends contemporary design with timeless ethnic sensibility — ideal for festive occasions, everyday wear, gifting and special celebrations.

Key Highlights:
• Premium soft-touch fabric with a comfortable hand feel
• Tailored fit designed for all-day comfort and easy movement
• Durable double-stitched seams and color-fast dyes for long-lasting wear
• Easy care — machine washable, low maintenance
• Versatile styling — pair with traditional or contemporary essentials

Why shop the Red Striped Andarin Collar Nehru Jac at BUTTERBYTE STORE? Enjoy authentic quality, pan-India shipping, secure checkout, easy 7-day returns and dedicated customer support. Elevate your ethnic and everyday wardrobe with BUTTERBYTE STORE — premium fashion for the modern Indian.",900.00,639.00,29,50,In Stock,t,f,f,4.0,0,2026-05-31 01:54:18.828497+00
af7165e2-08c0-4ad2-9773-459b0186fae8,maroon-printed-nehru-jacket-with-mandarin-collar-22,Maroon Printed Nehru Jacket With Mandarin Collar,BUTTERBYTE STORE,,ae2f19b0-2591-4601-8224-d0bc9fad7316,"Discover the Maroon Printed Nehru Jacket With Mandarin Collar from BUTTERBYTE STORE — a thoughtfully designed ethnic jackets crafted for the modern Indian wardrobe. Made with premium, breathable fabric and finished with meticulous tailoring, this Maroon Printed Nehru Jacket With Mandarin Collar blends contemporary design with timeless ethnic sensibility — ideal for festive occasions, everyday wear, gifting and special celebrations.

Key Highlights:
• Premium soft-touch fabric with a comfortable hand feel
• Tailored fit designed for all-day comfort and easy movement
• Durable double-stitched seams and color-fast dyes for long-lasting wear
• Easy care — machine washable, low maintenance
• Versatile styling — pair with traditional or contemporary essentials

Why shop the Maroon Printed Nehru Jacket With Mandarin Collar at BUTTERBYTE STORE? Enjoy authentic quality, pan-India shipping, secure checkout, easy 7-day returns and dedicated customer support. Elevate your ethnic and everyday wardrobe with BUTTERBYTE STORE — premium fashion for the modern Indian.",2400.00,1704.00,29,50,In Stock,t,f,f,3.0,0,2026-05-31 01:54:18.828497+00
5db9c5dc-b51f-4363-8544-dbdc64003440,cream-men-tribal-print-regular-fit-jacket-23,Cream Men Tribal Print Regular Fit Jacket,BUTTERBYTE STORE,,ae2f19b0-2591-4601-8224-d0bc9fad7316,"Discover the Cream Men Tribal Print Regular Fit Jacket from BUTTERBYTE STORE — a thoughtfully designed ethnic jackets crafted for the modern Indian wardrobe. Made with premium, breathable fabric and finished with meticulous tailoring, this Cream Men Tribal Print Regular Fit Jacket blends contemporary design with timeless ethnic sensibility — ideal for festive occasions, everyday wear, gifting and special celebrations.

Key Highlights:
• Premium soft-touch fabric with a comfortable hand feel
• Tailored fit designed for all-day comfort and easy movement
• Durable double-stitched seams and color-fast dyes for long-lasting wear
• Easy care — machine washable, low maintenance
• Versatile styling — pair with traditional or contemporary essentials

Why shop the Cream Men Tribal Print Regular Fit Jacket at BUTTERBYTE STORE? Enjoy authentic quality, pan-India shipping, secure checkout, easy 7-day returns and dedicated customer support. Elevate your ethnic and everyday wardrobe with BUTTERBYTE STORE — premium fashion for the modern Indian.",650.00,461.50,29,50,In Stock,t,f,f,3.0,0,2026-05-31 01:54:18.828497+00
5894b5e9-43b2-4c6b-ad2a-aa4db9391b78,textured-nehru-jacket-with-mandarin-collar-24,Textured Nehru Jacket With Mandarin Collar,BUTTERBYTE STORE,,ae2f19b0-2591-4601-8224-d0bc9fad7316,"Discover the Textured Nehru Jacket With Mandarin Collar from BUTTERBYTE STORE — a thoughtfully designed ethnic jackets crafted for the modern Indian wardrobe. Made with premium, breathable fabric and finished with meticulous tailoring, this Textured Nehru Jacket With Mandarin Collar blends contemporary design with timeless ethnic sensibility — ideal for festive occasions, everyday wear, gifting and special celebrations.

Key Highlights:
• Premium soft-touch fabric with a comfortable hand feel
• Tailored fit designed for all-day comfort and easy movement
• Durable double-stitched seams and color-fast dyes for long-lasting wear
• Easy care — machine washable, low maintenance
• Versatile styling — pair with traditional or contemporary essentials

Why shop the Textured Nehru Jacket With Mandarin Collar at BUTTERBYTE STORE? Enjoy authentic quality, pan-India shipping, secure checkout, easy 7-day returns and dedicated customer support. Elevate your ethnic and everyday wardrobe with BUTTERBYTE STORE — premium fashion for the modern Indian.",650.00,461.50,29,50,In Stock,t,f,f,5.0,0,2026-05-31 01:54:18.828497+00
6e05fe28-480f-4062-87ec-ffbec9387c7b,coffee-men-regular-fit-shirt-nehru-jacket-with-flap-pockets-25,Coffee Men Regular Fit Shirt Nehru Jacket With Flap Pockets,BUTTERBYTE STORE,,ae2f19b0-2591-4601-8224-d0bc9fad7316,"Discover the Coffee Men Regular Fit Shirt Nehru Jacket With Flap Pockets from BUTTERBYTE STORE — a thoughtfully designed ethnic jackets crafted for the modern Indian wardrobe. Made with premium, breathable fabric and finished with meticulous tailoring, this Coffee Men Regular Fit Shirt Nehru Jacket With Flap Pockets blends contemporary design with timeless ethnic sensibility — ideal for festive occasions, everyday wear, gifting and special celebrations.

Key Highlights:
• Premium soft-touch fabric with a comfortable hand feel
• Tailored fit designed for all-day comfort and easy movement
• Durable double-stitched seams and color-fast dyes for long-lasting wear
• Easy care — machine washable, low maintenance
• Versatile styling — pair with traditional or contemporary essentials

Why shop the Coffee Men Regular Fit Shirt Nehru Jacket With Flap Pockets at BUTTERBYTE STORE? Enjoy authentic quality, pan-India shipping, secure checkout, easy 7-day returns and dedicated customer support. Elevate your ethnic and everyday wardrobe with BUTTERBYTE STORE — premium fashion for the modern Indian.",750.00,532.50,29,50,In Stock,t,f,f,4.0,0,2026-05-31 01:54:18.828497+00
b5068592-79f1-4173-8134-2506d909f3e4,maroon-men-regular-fit-nehru-jacket-26,Maroon Men Regular Fit Nehru Jacket,BUTTERBYTE STORE,,ae2f19b0-2591-4601-8224-d0bc9fad7316,"Discover the Maroon Men Regular Fit Nehru Jacket from BUTTERBYTE STORE — a thoughtfully designed ethnic jackets crafted for the modern Indian wardrobe. Made with premium, breathable fabric and finished with meticulous tailoring, this Maroon Men Regular Fit Nehru Jacket blends contemporary design with timeless ethnic sensibility — ideal for festive occasions, everyday wear, gifting and special celebrations.

Key Highlights:
• Premium soft-touch fabric with a comfortable hand feel
• Tailored fit designed for all-day comfort and easy movement
• Durable double-stitched seams and color-fast dyes for long-lasting wear
• Easy care — machine washable, low maintenance
• Versatile styling — pair with traditional or contemporary essentials

Why shop the Maroon Men Regular Fit Nehru Jacket at BUTTERBYTE STORE? Enjoy authentic quality, pan-India shipping, secure checkout, easy 7-day returns and dedicated customer support. Elevate your ethnic and everyday wardrobe with BUTTERBYTE STORE — premium fashion for the modern Indian.",900.00,639.00,29,50,In Stock,t,f,f,4.0,0,2026-05-31 01:54:18.828497+00
776048fb-4436-4100-86af-8694323e34bf,pink-men-patterned-slim-fit-nehru-jacket-27,Pink Men Patterned Slim Fit Nehru Jacket,BUTTERBYTE STORE,,ae2f19b0-2591-4601-8224-d0bc9fad7316,"Discover the Pink Men Patterned Slim Fit Nehru Jacket from BUTTERBYTE STORE — a thoughtfully designed ethnic jackets crafted for the modern Indian wardrobe. Made with premium, breathable fabric and finished with meticulous tailoring, this Pink Men Patterned Slim Fit Nehru Jacket blends contemporary design with timeless ethnic sensibility — ideal for festive occasions, everyday wear, gifting and special celebrations.

Key Highlights:
• Premium soft-touch fabric with a comfortable hand feel
• Tailored fit designed for all-day comfort and easy movement
• Durable double-stitched seams and color-fast dyes for long-lasting wear
• Easy care — machine washable, low maintenance
• Versatile styling — pair with traditional or contemporary essentials

Why shop the Pink Men Patterned Slim Fit Nehru Jacket at BUTTERBYTE STORE? Enjoy authentic quality, pan-India shipping, secure checkout, easy 7-day returns and dedicated customer support. Elevate your ethnic and everyday wardrobe with BUTTERBYTE STORE — premium fashion for the modern Indian.",2600.00,1846.00,29,50,In Stock,t,f,f,3.0,0,2026-05-31 01:54:18.828497+00
6b6d453e-98bd-4094-a02e-c6b3dc492bc3,black-men-regular-fit-nehru-jacket-28,Black Men Regular Fit Nehru Jacket,BUTTERBYTE STORE,,ae2f19b0-2591-4601-8224-d0bc9fad7316,"Discover the Black Men Regular Fit Nehru Jacket from BUTTERBYTE STORE — a thoughtfully designed ethnic jackets crafted for the modern Indian wardrobe. Made with premium, breathable fabric and finished with meticulous tailoring, this Black Men Regular Fit Nehru Jacket blends contemporary design with timeless ethnic sensibility — ideal for festive occasions, everyday wear, gifting and special celebrations.

Key Highlights:
• Premium soft-touch fabric with a comfortable hand feel
• Tailored fit designed for all-day comfort and easy movement
• Durable double-stitched seams and color-fast dyes for long-lasting wear
• Easy care — machine washable, low maintenance
• Versatile styling — pair with traditional or contemporary essentials

Why shop the Black Men Regular Fit Nehru Jacket at BUTTERBYTE STORE? Enjoy authentic quality, pan-India shipping, secure checkout, easy 7-day returns and dedicated customer support. Elevate your ethnic and everyday wardrobe with BUTTERBYTE STORE — premium fashion for the modern Indian.",1750.00,1242.50,29,50,In Stock,t,f,f,4.0,0,2026-05-31 01:54:18.828497+00
ab402156-a644-413a-ac6f-a24f7eb2f5ed,men-floral-print-slim-fit-nehru-jacket-29,Men Floral Print Slim Fit Nehru Jacket,BUTTERBYTE STORE,,ae2f19b0-2591-4601-8224-d0bc9fad7316,"Discover the Men Floral Print Slim Fit Nehru Jacket from BUTTERBYTE STORE — a thoughtfully designed ethnic jackets crafted for the modern Indian wardrobe. Made with premium, breathable fabric and finished with meticulous tailoring, this Men Floral Print Slim Fit Nehru Jacket blends contemporary design with timeless ethnic sensibility — ideal for festive occasions, everyday wear, gifting and special celebrations.

Key Highlights:
• Premium soft-touch fabric with a comfortable hand feel
• Tailored fit designed for all-day comfort and easy movement
• Durable double-stitched seams and color-fast dyes for long-lasting wear
• Easy care — machine washable, low maintenance
• Versatile styling — pair with traditional or contemporary essentials

Why shop the Men Floral Print Slim Fit Nehru Jacket at BUTTERBYTE STORE? Enjoy authentic quality, pan-India shipping, secure checkout, easy 7-day returns and dedicated customer support. Elevate your ethnic and everyday wardrobe with BUTTERBYTE STORE — premium fashion for the modern Indian.",1700.00,1207.00,29,50,In Stock,t,f,f,4.0,0,2026-05-31 01:54:18.828497+00
f5f194bc-31f8-4c3e-83cf-2e0dcd7ea422,maroon-men-regular-fit-nehru-jacket-30,Maroon Men Regular Fit Nehru Jacket,BUTTERBYTE STORE,,ae2f19b0-2591-4601-8224-d0bc9fad7316,"Discover the Maroon Men Regular Fit Nehru Jacket from BUTTERBYTE STORE — a thoughtfully designed ethnic jackets crafted for the modern Indian wardrobe. Made with premium, breathable fabric and finished with meticulous tailoring, this Maroon Men Regular Fit Nehru Jacket blends contemporary design with timeless ethnic sensibility — ideal for festive occasions, everyday wear, gifting and special celebrations.

Key Highlights:
• Premium soft-touch fabric with a comfortable hand feel
• Tailored fit designed for all-day comfort and easy movement
• Durable double-stitched seams and color-fast dyes for long-lasting wear
• Easy care — machine washable, low maintenance
• Versatile styling — pair with traditional or contemporary essentials

Why shop the Maroon Men Regular Fit Nehru Jacket at BUTTERBYTE STORE? Enjoy authentic quality, pan-India shipping, secure checkout, easy 7-day returns and dedicated customer support. Elevate your ethnic and everyday wardrobe with BUTTERBYTE STORE — premium fashion for the modern Indian.",2100.00,1491.00,29,50,In Stock,t,f,f,5.0,0,2026-05-31 01:54:18.828497+00
e769d93e-1e81-425a-90a2-0ba82b1afa1d,cream-multi-abstract-nehru-jacket-31,Cream & Multi Abstract Nehru Jacket,BUTTERBYTE STORE,,ae2f19b0-2591-4601-8224-d0bc9fad7316,"Discover the Cream & Multi Abstract Nehru Jacket from BUTTERBYTE STORE — a thoughtfully designed ethnic jackets crafted for the modern Indian wardrobe. Made with premium, breathable fabric and finished with meticulous tailoring, this Cream & Multi Abstract Nehru Jacket blends contemporary design with timeless ethnic sensibility — ideal for festive occasions, everyday wear, gifting and special celebrations.

Key Highlights:
• Premium soft-touch fabric with a comfortable hand feel
• Tailored fit designed for all-day comfort and easy movement
• Durable double-stitched seams and color-fast dyes for long-lasting wear
• Easy care — machine washable, low maintenance
• Versatile styling — pair with traditional or contemporary essentials

Why shop the Cream & Multi Abstract Nehru Jacket at BUTTERBYTE STORE? Enjoy authentic quality, pan-India shipping, secure checkout, easy 7-day returns and dedicated customer support. Elevate your ethnic and everyday wardrobe with BUTTERBYTE STORE — premium fashion for the modern Indian.",2750.00,1952.50,29,50,In Stock,t,f,f,4.0,0,2026-05-31 01:54:18.828497+00
4c204b03-e2c1-48da-88f0-20abc8adaa1e,brown-men-slim-fit-nehru-jacket-32,Brown Men Slim Fit Nehru Jacket,BUTTERBYTE STORE,,ae2f19b0-2591-4601-8224-d0bc9fad7316,"Discover the Brown Men Slim Fit Nehru Jacket from BUTTERBYTE STORE — a thoughtfully designed ethnic jackets crafted for the modern Indian wardrobe. Made with premium, breathable fabric and finished with meticulous tailoring, this Brown Men Slim Fit Nehru Jacket blends contemporary design with timeless ethnic sensibility — ideal for festive occasions, everyday wear, gifting and special celebrations.

Key Highlights:
• Premium soft-touch fabric with a comfortable hand feel
• Tailored fit designed for all-day comfort and easy movement
• Durable double-stitched seams and color-fast dyes for long-lasting wear
• Easy care — machine washable, low maintenance
• Versatile styling — pair with traditional or contemporary essentials

Why shop the Brown Men Slim Fit Nehru Jacket at BUTTERBYTE STORE? Enjoy authentic quality, pan-India shipping, secure checkout, easy 7-day returns and dedicated customer support. Elevate your ethnic and everyday wardrobe with BUTTERBYTE STORE — premium fashion for the modern Indian.",2550.00,1810.50,29,50,In Stock,t,f,f,3.0,0,2026-05-31 01:54:18.828497+00
0bb9cb47-45af-4d9a-8094-9f73a0ea2f1b,green-men-relaxed-fit-nehru-jacket-33,Green Men Relaxed Fit Nehru Jacket,BUTTERBYTE STORE,,ae2f19b0-2591-4601-8224-d0bc9fad7316,"Discover the Green Men Relaxed Fit Nehru Jacket from BUTTERBYTE STORE — a thoughtfully designed ethnic jackets crafted for the modern Indian wardrobe. Made with premium, breathable fabric and finished with meticulous tailoring, this Green Men Relaxed Fit Nehru Jacket blends contemporary design with timeless ethnic sensibility — ideal for festive occasions, everyday wear, gifting and special celebrations.

Key Highlights:
• Premium soft-touch fabric with a comfortable hand feel
• Tailored fit designed for all-day comfort and easy movement
• Durable double-stitched seams and color-fast dyes for long-lasting wear
• Easy care — machine washable, low maintenance
• Versatile styling — pair with traditional or contemporary essentials

Why shop the Green Men Relaxed Fit Nehru Jacket at BUTTERBYTE STORE? Enjoy authentic quality, pan-India shipping, secure checkout, easy 7-day returns and dedicated customer support. Elevate your ethnic and everyday wardrobe with BUTTERBYTE STORE — premium fashion for the modern Indian.",650.00,461.50,29,50,In Stock,t,f,f,3.0,0,2026-05-31 01:54:18.828497+00
058c10e9-234d-4aed-9bbf-e12922217a73,navy-velvet-sequin-embroidered-nehru-jacket-34,Navy Velvet Sequin Embroidered Nehru Jacket,BUTTERBYTE STORE,,ae2f19b0-2591-4601-8224-d0bc9fad7316,"Discover the Navy Velvet Sequin Embroidered Nehru Jacket from BUTTERBYTE STORE — a thoughtfully designed ethnic jackets crafted for the modern Indian wardrobe. Made with premium, breathable fabric and finished with meticulous tailoring, this Navy Velvet Sequin Embroidered Nehru Jacket blends contemporary design with timeless ethnic sensibility — ideal for festive occasions, everyday wear, gifting and special celebrations.

Key Highlights:
• Premium soft-touch fabric with a comfortable hand feel
• Tailored fit designed for all-day comfort and easy movement
• Durable double-stitched seams and color-fast dyes for long-lasting wear
• Easy care — machine washable, low maintenance
• Versatile styling — pair with traditional or contemporary essentials

Why shop the Navy Velvet Sequin Embroidered Nehru Jacket at BUTTERBYTE STORE? Enjoy authentic quality, pan-India shipping, secure checkout, easy 7-day returns and dedicated customer support. Elevate your ethnic and everyday wardrobe with BUTTERBYTE STORE — premium fashion for the modern Indian.",1950.00,1384.50,29,50,In Stock,t,f,f,3.0,0,2026-05-31 01:54:18.828497+00
14bd4932-47fc-41e1-a6c8-c8f2dd1248be,green-men-leaf-woven-slim-fit-nehru-jacket-35,Green Men Leaf Woven Slim Fit Nehru Jacket,BUTTERBYTE STORE,,ae2f19b0-2591-4601-8224-d0bc9fad7316,"Discover the Green Men Leaf Woven Slim Fit Nehru Jacket from BUTTERBYTE STORE — a thoughtfully designed ethnic jackets crafted for the modern Indian wardrobe. Made with premium, breathable fabric and finished with meticulous tailoring, this Green Men Leaf Woven Slim Fit Nehru Jacket blends contemporary design with timeless ethnic sensibility — ideal for festive occasions, everyday wear, gifting and special celebrations.

Key Highlights:
• Premium soft-touch fabric with a comfortable hand feel
• Tailored fit designed for all-day comfort and easy movement
• Durable double-stitched seams and color-fast dyes for long-lasting wear
• Easy care — machine washable, low maintenance
• Versatile styling — pair with traditional or contemporary essentials

Why shop the Green Men Leaf Woven Slim Fit Nehru Jacket at BUTTERBYTE STORE? Enjoy authentic quality, pan-India shipping, secure checkout, easy 7-day returns and dedicated customer support. Elevate your ethnic and everyday wardrobe with BUTTERBYTE STORE — premium fashion for the modern Indian.",2000.00,1420.00,29,50,In Stock,t,f,f,4.0,0,2026-05-31 01:54:18.828497+00
467a722e-e64d-4feb-8e7d-c8979ba1a415,black-men-embellished-mirror-work-jodhpuri-coat-36,Black Men Embellished Mirror Work Jodhpuri Coat,BUTTERBYTE STORE,,ae2f19b0-2591-4601-8224-d0bc9fad7316,"Discover the Black Men Embellished Mirror Work Jodhpuri Coat from BUTTERBYTE STORE — a thoughtfully designed ethnic jackets crafted for the modern Indian wardrobe. Made with premium, breathable fabric and finished with meticulous tailoring, this Black Men Embellished Mirror Work Jodhpuri Coat blends contemporary design with timeless ethnic sensibility — ideal for festive occasions, everyday wear, gifting and special celebrations.

Key Highlights:
• Premium soft-touch fabric with a comfortable hand feel
• Tailored fit designed for all-day comfort and easy movement
• Durable double-stitched seams and color-fast dyes for long-lasting wear
• Easy care — machine washable, low maintenance
• Versatile styling — pair with traditional or contemporary essentials

Why shop the Black Men Embellished Mirror Work Jodhpuri Coat at BUTTERBYTE STORE? Enjoy authentic quality, pan-India shipping, secure checkout, easy 7-day returns and dedicated customer support. Elevate your ethnic and everyday wardrobe with BUTTERBYTE STORE — premium fashion for the modern Indian.",1950.00,1384.50,29,50,In Stock,t,f,f,5.0,0,2026-05-31 01:54:18.828497+00
e3398658-adb8-4cc0-92d7-14153f01cc3d,men-slim-fit-nehru-jacket-37,Men Slim Fit Nehru Jacket,BUTTERBYTE STORE,,ae2f19b0-2591-4601-8224-d0bc9fad7316,"Discover the Men Slim Fit Nehru Jacket from BUTTERBYTE STORE — a thoughtfully designed ethnic jackets crafted for the modern Indian wardrobe. Made with premium, breathable fabric and finished with meticulous tailoring, this Men Slim Fit Nehru Jacket blends contemporary design with timeless ethnic sensibility — ideal for festive occasions, everyday wear, gifting and special celebrations.

Key Highlights:
• Premium soft-touch fabric with a comfortable hand feel
• Tailored fit designed for all-day comfort and easy movement
• Durable double-stitched seams and color-fast dyes for long-lasting wear
• Easy care — machine washable, low maintenance
• Versatile styling — pair with traditional or contemporary essentials

Why shop the Men Slim Fit Nehru Jacket at BUTTERBYTE STORE? Enjoy authentic quality, pan-India shipping, secure checkout, easy 7-day returns and dedicated customer support. Elevate your ethnic and everyday wardrobe with BUTTERBYTE STORE — premium fashion for the modern Indian.",1100.00,781.00,29,50,In Stock,t,f,f,5.0,0,2026-05-31 01:54:18.828497+00
3a70cb16-c259-4ab5-aa10-b64dcae493c9,black-floral-print-nehru-jacket-38,Black Floral Print Nehru Jacket,BUTTERBYTE STORE,,ae2f19b0-2591-4601-8224-d0bc9fad7316,"Discover the Black Floral Print Nehru Jacket from BUTTERBYTE STORE — a thoughtfully designed ethnic jackets crafted for the modern Indian wardrobe. Made with premium, breathable fabric and finished with meticulous tailoring, this Black Floral Print Nehru Jacket blends contemporary design with timeless ethnic sensibility — ideal for festive occasions, everyday wear, gifting and special celebrations.

Key Highlights:
• Premium soft-touch fabric with a comfortable hand feel
• Tailored fit designed for all-day comfort and easy movement
• Durable double-stitched seams and color-fast dyes for long-lasting wear
• Easy care — machine washable, low maintenance
• Versatile styling — pair with traditional or contemporary essentials

Why shop the Black Floral Print Nehru Jacket at BUTTERBYTE STORE? Enjoy authentic quality, pan-India shipping, secure checkout, easy 7-day returns and dedicated customer support. Elevate your ethnic and everyday wardrobe with BUTTERBYTE STORE — premium fashion for the modern Indian.",1450.00,1029.50,29,50,In Stock,t,f,f,4.0,0,2026-05-31 01:54:18.828497+00
2926ffd6-0c3e-457b-8a2b-cc990a3f894f,green-men-slim-fit-nehru-jacket-with-welt-pockets-39,Green Men Slim Fit Nehru Jacket With Welt Pockets,BUTTERBYTE STORE,,ae2f19b0-2591-4601-8224-d0bc9fad7316,"Discover the Green Men Slim Fit Nehru Jacket With Welt Pockets from BUTTERBYTE STORE — a thoughtfully designed ethnic jackets crafted for the modern Indian wardrobe. Made with premium, breathable fabric and finished with meticulous tailoring, this Green Men Slim Fit Nehru Jacket With Welt Pockets blends contemporary design with timeless ethnic sensibility — ideal for festive occasions, everyday wear, gifting and special celebrations.

Key Highlights:
• Premium soft-touch fabric with a comfortable hand feel
• Tailored fit designed for all-day comfort and easy movement
• Durable double-stitched seams and color-fast dyes for long-lasting wear
• Easy care — machine washable, low maintenance
• Versatile styling — pair with traditional or contemporary essentials

Why shop the Green Men Slim Fit Nehru Jacket With Welt Pockets at BUTTERBYTE STORE? Enjoy authentic quality, pan-India shipping, secure checkout, easy 7-day returns and dedicated customer support. Elevate your ethnic and everyday wardrobe with BUTTERBYTE STORE — premium fashion for the modern Indian.",2300.00,1633.00,29,50,In Stock,t,f,f,4.0,0,2026-05-31 01:54:18.828497+00
1dea0884-7db7-414b-b87a-f36705752374,charcoal-men-nehru-jacket-with-welt-pockets-40,Charcoal Men Nehru Jacket With Welt Pockets,BUTTERBYTE STORE,,ae2f19b0-2591-4601-8224-d0bc9fad7316,"Discover the Charcoal Men Nehru Jacket With Welt Pockets from BUTTERBYTE STORE — a thoughtfully designed ethnic jackets crafted for the modern Indian wardrobe. Made with premium, breathable fabric and finished with meticulous tailoring, this Charcoal Men Nehru Jacket With Welt Pockets blends contemporary design with timeless ethnic sensibility — ideal for festive occasions, everyday wear, gifting and special celebrations.

Key Highlights:
• Premium soft-touch fabric with a comfortable hand feel
• Tailored fit designed for all-day comfort and easy movement
• Durable double-stitched seams and color-fast dyes for long-lasting wear
• Easy care — machine washable, low maintenance
• Versatile styling — pair with traditional or contemporary essentials

Why shop the Charcoal Men Nehru Jacket With Welt Pockets at BUTTERBYTE STORE? Enjoy authentic quality, pan-India shipping, secure checkout, easy 7-day returns and dedicated customer support. Elevate your ethnic and everyday wardrobe with BUTTERBYTE STORE — premium fashion for the modern Indian.",2000.00,1420.00,29,50,In Stock,t,f,f,5.0,0,2026-05-31 01:54:18.828497+00
a3ae7353-4cd7-4ef1-bcbb-5d1f89beca4c,light-wash-jeans-4,Light Wash Jeans,BUTTERBYTE STORE,,49a84477-b046-4539-893c-87b4a248f4ce,"Discover the Light Wash Jeans from BUTTERBYTE STORE — a thoughtfully designed jeans crafted for the modern Indian wardrobe. Made with premium, breathable fabric and finished with meticulous tailoring, this Light Wash Jeans blends contemporary design with timeless ethnic sensibility — ideal for festive occasions, everyday wear, gifting and special celebrations.

Key Highlights:
• Premium soft-touch fabric with a comfortable hand feel
• Tailored fit designed for all-day comfort and easy movement
• Durable double-stitched seams and color-fast dyes for long-lasting wear
• Easy care — machine washable, low maintenance
• Versatile styling — pair with traditional or contemporary essentials

Why shop the Light Wash Jeans at BUTTERBYTE STORE? Enjoy authentic quality, pan-India shipping, secure checkout, easy 7-day returns and dedicated customer support. Elevate your ethnic and everyday wardrobe with BUTTERBYTE STORE — premium fashion for the modern Indian.",2170.00,1550.00,29,25,In Stock,f,t,f,4.0,24,2026-05-31 01:07:54.361278+00
960f9a08-d20c-4269-9ef3-7df7c91d9105,light-wash-jeans-6,Light Wash Jeans,BUTTERBYTE STORE,,49a84477-b046-4539-893c-87b4a248f4ce,"Discover the Light Wash Jeans from BUTTERBYTE STORE — a thoughtfully designed jeans crafted for the modern Indian wardrobe. Made with premium, breathable fabric and finished with meticulous tailoring, this Light Wash Jeans blends contemporary design with timeless ethnic sensibility — ideal for festive occasions, everyday wear, gifting and special celebrations.

Key Highlights:
• Premium soft-touch fabric with a comfortable hand feel
• Tailored fit designed for all-day comfort and easy movement
• Durable double-stitched seams and color-fast dyes for long-lasting wear
• Easy care — machine washable, low maintenance
• Versatile styling — pair with traditional or contemporary essentials

Why shop the Light Wash Jeans at BUTTERBYTE STORE? Enjoy authentic quality, pan-India shipping, secure checkout, easy 7-day returns and dedicated customer support. Elevate your ethnic and everyday wardrobe with BUTTERBYTE STORE — premium fashion for the modern Indian.",3360.00,2400.00,29,34,In Stock,f,f,f,4.0,62,2026-05-31 01:07:54.395228+00
c205b969-93e6-483e-8461-8c0da0a4761a,carpenter-style-jeans,Carpenter Style Jeans,BUTTERBYTE STORE,,49a84477-b046-4539-893c-87b4a248f4ce,"Discover the Carpenter Style Jeans from BUTTERBYTE STORE — a thoughtfully designed jeans crafted for the modern Indian wardrobe. Made with premium, breathable fabric and finished with meticulous tailoring, this Carpenter Style Jeans blends contemporary design with timeless ethnic sensibility — ideal for festive occasions, everyday wear, gifting and special celebrations.

Key Highlights:
• Premium soft-touch fabric with a comfortable hand feel
• Tailored fit designed for all-day comfort and easy movement
• Durable double-stitched seams and color-fast dyes for long-lasting wear
• Easy care — machine washable, low maintenance
• Versatile styling — pair with traditional or contemporary essentials

Why shop the Carpenter Style Jeans at BUTTERBYTE STORE? Enjoy authentic quality, pan-India shipping, secure checkout, easy 7-day returns and dedicated customer support. Elevate your ethnic and everyday wardrobe with BUTTERBYTE STORE — premium fashion for the modern Indian.",3780.00,2700.00,29,36,In Stock,f,f,f,4.0,167,2026-05-31 01:07:54.429036+00
4c0ea18a-d209-49cc-9db7-0553219157b1,stone-wash-jeans,Stone Wash Jeans,BUTTERBYTE STORE,,49a84477-b046-4539-893c-87b4a248f4ce,"Discover the Stone Wash Jeans from BUTTERBYTE STORE — a thoughtfully designed jeans crafted for the modern Indian wardrobe. Made with premium, breathable fabric and finished with meticulous tailoring, this Stone Wash Jeans blends contemporary design with timeless ethnic sensibility — ideal for festive occasions, everyday wear, gifting and special celebrations.

Key Highlights:
• Premium soft-touch fabric with a comfortable hand feel
• Tailored fit designed for all-day comfort and easy movement
• Durable double-stitched seams and color-fast dyes for long-lasting wear
• Easy care — machine washable, low maintenance
• Versatile styling — pair with traditional or contemporary essentials

Why shop the Stone Wash Jeans at BUTTERBYTE STORE? Enjoy authentic quality, pan-India shipping, secure checkout, easy 7-day returns and dedicated customer support. Elevate your ethnic and everyday wardrobe with BUTTERBYTE STORE — premium fashion for the modern Indian.",1540.00,1100.00,29,10,In Stock,f,f,f,4.0,163,2026-05-31 01:07:54.463172+00
63151f89-d1b3-4ba4-9aee-edec34314434,stone-wash-jeans-2,Stone Wash Jeans,BUTTERBYTE STORE,,49a84477-b046-4539-893c-87b4a248f4ce,"Discover the Stone Wash Jeans from BUTTERBYTE STORE — a thoughtfully designed jeans crafted for the modern Indian wardrobe. Made with premium, breathable fabric and finished with meticulous tailoring, this Stone Wash Jeans blends contemporary design with timeless ethnic sensibility — ideal for festive occasions, everyday wear, gifting and special celebrations.

Key Highlights:
• Premium soft-touch fabric with a comfortable hand feel
• Tailored fit designed for all-day comfort and easy movement
• Durable double-stitched seams and color-fast dyes for long-lasting wear
• Easy care — machine washable, low maintenance
• Versatile styling — pair with traditional or contemporary essentials

Why shop the Stone Wash Jeans at BUTTERBYTE STORE? Enjoy authentic quality, pan-India shipping, secure checkout, easy 7-day returns and dedicated customer support. Elevate your ethnic and everyday wardrobe with BUTTERBYTE STORE — premium fashion for the modern Indian.",4060.00,2900.00,29,58,In Stock,f,f,f,3.5,174,2026-05-31 01:07:54.497076+00
7ca15181-7ce0-42f8-b4f5-f110b70ebd5e,acid-wash-jeans,Acid Wash Jeans,BUTTERBYTE STORE,,49a84477-b046-4539-893c-87b4a248f4ce,"Discover the Acid Wash Jeans from BUTTERBYTE STORE — a thoughtfully designed jeans crafted for the modern Indian wardrobe. Made with premium, breathable fabric and finished with meticulous tailoring, this Acid Wash Jeans blends contemporary design with timeless ethnic sensibility — ideal for festive occasions, everyday wear, gifting and special celebrations.

Key Highlights:
• Premium soft-touch fabric with a comfortable hand feel
• Tailored fit designed for all-day comfort and easy movement
• Durable double-stitched seams and color-fast dyes for long-lasting wear
• Easy care — machine washable, low maintenance
• Versatile styling — pair with traditional or contemporary essentials

Why shop the Acid Wash Jeans at BUTTERBYTE STORE? Enjoy authentic quality, pan-India shipping, secure checkout, easy 7-day returns and dedicated customer support. Elevate your ethnic and everyday wardrobe with BUTTERBYTE STORE — premium fashion for the modern Indian.",3360.00,2400.00,29,9,In Stock,f,f,f,5.0,56,2026-05-31 01:07:54.531041+00
fd4cd2f6-c872-4710-a558-36d83d8b62e8,mid-wash-jeans,Mid Wash Jeans,BUTTERBYTE STORE,,49a84477-b046-4539-893c-87b4a248f4ce,"Discover the Mid Wash Jeans from BUTTERBYTE STORE — a thoughtfully designed jeans crafted for the modern Indian wardrobe. Made with premium, breathable fabric and finished with meticulous tailoring, this Mid Wash Jeans blends contemporary design with timeless ethnic sensibility — ideal for festive occasions, everyday wear, gifting and special celebrations.

Key Highlights:
• Premium soft-touch fabric with a comfortable hand feel
• Tailored fit designed for all-day comfort and easy movement
• Durable double-stitched seams and color-fast dyes for long-lasting wear
• Easy care — machine washable, low maintenance
• Versatile styling — pair with traditional or contemporary essentials

Why shop the Mid Wash Jeans at BUTTERBYTE STORE? Enjoy authentic quality, pan-India shipping, secure checkout, easy 7-day returns and dedicated customer support. Elevate your ethnic and everyday wardrobe with BUTTERBYTE STORE — premium fashion for the modern Indian.",630.00,450.00,29,48,In Stock,t,t,f,5.0,20,2026-05-31 01:07:54.565144+00
cad94dd7-7d4a-4f5d-b604-2341dac8ee47,clean-jeans,Clean Jeans,BUTTERBYTE STORE,,49a84477-b046-4539-893c-87b4a248f4ce,"Discover the Clean Jeans from BUTTERBYTE STORE — a thoughtfully designed jeans crafted for the modern Indian wardrobe. Made with premium, breathable fabric and finished with meticulous tailoring, this Clean Jeans blends contemporary design with timeless ethnic sensibility — ideal for festive occasions, everyday wear, gifting and special celebrations.

Key Highlights:
• Premium soft-touch fabric with a comfortable hand feel
• Tailored fit designed for all-day comfort and easy movement
• Durable double-stitched seams and color-fast dyes for long-lasting wear
• Easy care — machine washable, low maintenance
• Versatile styling — pair with traditional or contemporary essentials

Why shop the Clean Jeans at BUTTERBYTE STORE? Enjoy authentic quality, pan-India shipping, secure checkout, easy 7-day returns and dedicated customer support. Elevate your ethnic and everyday wardrobe with BUTTERBYTE STORE — premium fashion for the modern Indian.",1260.00,900.00,29,59,In Stock,f,t,f,5.0,171,2026-05-31 01:07:54.598934+00
96668d59-3a57-48d0-9932-463f806a2ef1,mid-wash-jeans-2,Mid Wash Jeans,BUTTERBYTE STORE,,49a84477-b046-4539-893c-87b4a248f4ce,"Discover the Mid Wash Jeans from BUTTERBYTE STORE — a thoughtfully designed jeans crafted for the modern Indian wardrobe. Made with premium, breathable fabric and finished with meticulous tailoring, this Mid Wash Jeans blends contemporary design with timeless ethnic sensibility — ideal for festive occasions, everyday wear, gifting and special celebrations.

Key Highlights:
• Premium soft-touch fabric with a comfortable hand feel
• Tailored fit designed for all-day comfort and easy movement
• Durable double-stitched seams and color-fast dyes for long-lasting wear
• Easy care — machine washable, low maintenance
• Versatile styling — pair with traditional or contemporary essentials

Why shop the Mid Wash Jeans at BUTTERBYTE STORE? Enjoy authentic quality, pan-India shipping, secure checkout, easy 7-day returns and dedicated customer support. Elevate your ethnic and everyday wardrobe with BUTTERBYTE STORE — premium fashion for the modern Indian.",3500.00,2500.00,29,24,In Stock,t,t,f,3.5,129,2026-05-31 01:07:54.632672+00
92269e20-e248-4692-ab1e-fc6b3fe979e1,mid-wash-jeans-3,Mid Wash Jeans,BUTTERBYTE STORE,,49a84477-b046-4539-893c-87b4a248f4ce,"Discover the Mid Wash Jeans from BUTTERBYTE STORE — a thoughtfully designed jeans crafted for the modern Indian wardrobe. Made with premium, breathable fabric and finished with meticulous tailoring, this Mid Wash Jeans blends contemporary design with timeless ethnic sensibility — ideal for festive occasions, everyday wear, gifting and special celebrations.

Key Highlights:
• Premium soft-touch fabric with a comfortable hand feel
• Tailored fit designed for all-day comfort and easy movement
• Durable double-stitched seams and color-fast dyes for long-lasting wear
• Easy care — machine washable, low maintenance
• Versatile styling — pair with traditional or contemporary essentials

Why shop the Mid Wash Jeans at BUTTERBYTE STORE? Enjoy authentic quality, pan-India shipping, secure checkout, easy 7-day returns and dedicated customer support. Elevate your ethnic and everyday wardrobe with BUTTERBYTE STORE — premium fashion for the modern Indian.",3290.00,2350.00,29,19,In Stock,f,f,f,5.0,17,2026-05-31 01:07:54.66652+00
1a4f07a3-16d9-48e6-abd0-930a22b1c2e7,mid-wash-jeansd,Mid Wash Jeansd,BUTTERBYTE STORE,,49a84477-b046-4539-893c-87b4a248f4ce,"Discover the Mid Wash Jeansd from BUTTERBYTE STORE — a thoughtfully designed jeans crafted for the modern Indian wardrobe. Made with premium, breathable fabric and finished with meticulous tailoring, this Mid Wash Jeansd blends contemporary design with timeless ethnic sensibility — ideal for festive occasions, everyday wear, gifting and special celebrations.

Key Highlights:
• Premium soft-touch fabric with a comfortable hand feel
• Tailored fit designed for all-day comfort and easy movement
• Durable double-stitched seams and color-fast dyes for long-lasting wear
• Easy care — machine washable, low maintenance
• Versatile styling — pair with traditional or contemporary essentials

Why shop the Mid Wash Jeansd at BUTTERBYTE STORE? Enjoy authentic quality, pan-India shipping, secure checkout, easy 7-day returns and dedicated customer support. Elevate your ethnic and everyday wardrobe with BUTTERBYTE STORE — premium fashion for the modern Indian.",2380.00,1700.00,29,40,In Stock,f,f,f,3.5,141,2026-05-31 01:07:54.700508+00
3a3b1725-2a82-457f-9ca3-565a9e32c1b0,mid-wash-distressed-jeans,Mid Wash Distressed Jeans,BUTTERBYTE STORE,,49a84477-b046-4539-893c-87b4a248f4ce,"Discover the Mid Wash Distressed Jeans from BUTTERBYTE STORE — a thoughtfully designed jeans crafted for the modern Indian wardrobe. Made with premium, breathable fabric and finished with meticulous tailoring, this Mid Wash Distressed Jeans blends contemporary design with timeless ethnic sensibility — ideal for festive occasions, everyday wear, gifting and special celebrations.

Key Highlights:
• Premium soft-touch fabric with a comfortable hand feel
• Tailored fit designed for all-day comfort and easy movement
• Durable double-stitched seams and color-fast dyes for long-lasting wear
• Easy care — machine washable, low maintenance
• Versatile styling — pair with traditional or contemporary essentials

Why shop the Mid Wash Distressed Jeans at BUTTERBYTE STORE? Enjoy authentic quality, pan-India shipping, secure checkout, easy 7-day returns and dedicated customer support. Elevate your ethnic and everyday wardrobe with BUTTERBYTE STORE — premium fashion for the modern Indian.",2940.00,2100.00,29,13,In Stock,f,f,f,4.0,65,2026-05-31 01:07:54.734402+00
50c790d3-fa90-4cce-b02a-00ae05478eec,style-panelled-clean-jeans,Style Panelled Clean Jeans,BUTTERBYTE STORE,,49a84477-b046-4539-893c-87b4a248f4ce,"Discover the Style Panelled Clean Jeans from BUTTERBYTE STORE — a thoughtfully designed jeans crafted for the modern Indian wardrobe. Made with premium, breathable fabric and finished with meticulous tailoring, this Style Panelled Clean Jeans blends contemporary design with timeless ethnic sensibility — ideal for festive occasions, everyday wear, gifting and special celebrations.

Key Highlights:
• Premium soft-touch fabric with a comfortable hand feel
• Tailored fit designed for all-day comfort and easy movement
• Durable double-stitched seams and color-fast dyes for long-lasting wear
• Easy care — machine washable, low maintenance
• Versatile styling — pair with traditional or contemporary essentials

Why shop the Style Panelled Clean Jeans at BUTTERBYTE STORE? Enjoy authentic quality, pan-India shipping, secure checkout, easy 7-day returns and dedicated customer support. Elevate your ethnic and everyday wardrobe with BUTTERBYTE STORE — premium fashion for the modern Indian.",2520.00,1800.00,29,37,In Stock,t,f,t,4.0,123,2026-05-31 01:07:54.768286+00
aedeb0fe-62bb-49a1-86fa-0526489e6b59,light-wash-distressed-jeans,Light Wash Distressed Jeans,BUTTERBYTE STORE,,49a84477-b046-4539-893c-87b4a248f4ce,"Discover the Light Wash Distressed Jeans from BUTTERBYTE STORE — a thoughtfully designed jeans crafted for the modern Indian wardrobe. Made with premium, breathable fabric and finished with meticulous tailoring, this Light Wash Distressed Jeans blends contemporary design with timeless ethnic sensibility — ideal for festive occasions, everyday wear, gifting and special celebrations.

Key Highlights:
• Premium soft-touch fabric with a comfortable hand feel
• Tailored fit designed for all-day comfort and easy movement
• Durable double-stitched seams and color-fast dyes for long-lasting wear
• Easy care — machine washable, low maintenance
• Versatile styling — pair with traditional or contemporary essentials

Why shop the Light Wash Distressed Jeans at BUTTERBYTE STORE? Enjoy authentic quality, pan-India shipping, secure checkout, easy 7-day returns and dedicated customer support. Elevate your ethnic and everyday wardrobe with BUTTERBYTE STORE — premium fashion for the modern Indian.",1470.00,1050.00,29,44,In Stock,f,f,f,3.5,148,2026-05-31 01:07:54.802106+00
19ed7fd1-b3d8-44cd-9b35-ae7fd20441d8,baggy-fit-mid-rise-jeans,Baggy Fit Mid Rise Jeans,BUTTERBYTE STORE,,49a84477-b046-4539-893c-87b4a248f4ce,"Discover the Baggy Fit Mid Rise Jeans from BUTTERBYTE STORE — a thoughtfully designed jeans crafted for the modern Indian wardrobe. Made with premium, breathable fabric and finished with meticulous tailoring, this Baggy Fit Mid Rise Jeans blends contemporary design with timeless ethnic sensibility — ideal for festive occasions, everyday wear, gifting and special celebrations.

Key Highlights:
• Premium soft-touch fabric with a comfortable hand feel
• Tailored fit designed for all-day comfort and easy movement
• Durable double-stitched seams and color-fast dyes for long-lasting wear
• Easy care — machine washable, low maintenance
• Versatile styling — pair with traditional or contemporary essentials

Why shop the Baggy Fit Mid Rise Jeans at BUTTERBYTE STORE? Enjoy authentic quality, pan-India shipping, secure checkout, easy 7-day returns and dedicated customer support. Elevate your ethnic and everyday wardrobe with BUTTERBYTE STORE — premium fashion for the modern Indian.",3570.00,2550.00,29,37,In Stock,f,f,t,4.0,95,2026-05-31 01:07:54.836282+00
8df81cd0-eb08-4f80-9748-fb802e87ab3e,wash-panelled-jeans,Wash Panelled Jeans,BUTTERBYTE STORE,,49a84477-b046-4539-893c-87b4a248f4ce,"Discover the Wash Panelled Jeans from BUTTERBYTE STORE — a thoughtfully designed jeans crafted for the modern Indian wardrobe. Made with premium, breathable fabric and finished with meticulous tailoring, this Wash Panelled Jeans blends contemporary design with timeless ethnic sensibility — ideal for festive occasions, everyday wear, gifting and special celebrations.

Key Highlights:
• Premium soft-touch fabric with a comfortable hand feel
• Tailored fit designed for all-day comfort and easy movement
• Durable double-stitched seams and color-fast dyes for long-lasting wear
• Easy care — machine washable, low maintenance
• Versatile styling — pair with traditional or contemporary essentials

Why shop the Wash Panelled Jeans at BUTTERBYTE STORE? Enjoy authentic quality, pan-India shipping, secure checkout, easy 7-day returns and dedicated customer support. Elevate your ethnic and everyday wardrobe with BUTTERBYTE STORE — premium fashion for the modern Indian.",3570.00,2550.00,29,53,In Stock,t,f,f,3.5,172,2026-05-31 01:07:54.870198+00
278ddefe-2bbf-4417-a3e1-55930d6f7c71,mid-wash-jeans-4,Mid Wash Jeans,BUTTERBYTE STORE,,49a84477-b046-4539-893c-87b4a248f4ce,"Discover the Mid Wash Jeans from BUTTERBYTE STORE — a thoughtfully designed jeans crafted for the modern Indian wardrobe. Made with premium, breathable fabric and finished with meticulous tailoring, this Mid Wash Jeans blends contemporary design with timeless ethnic sensibility — ideal for festive occasions, everyday wear, gifting and special celebrations.

Key Highlights:
• Premium soft-touch fabric with a comfortable hand feel
• Tailored fit designed for all-day comfort and easy movement
• Durable double-stitched seams and color-fast dyes for long-lasting wear
• Easy care — machine washable, low maintenance
• Versatile styling — pair with traditional or contemporary essentials

Why shop the Mid Wash Jeans at BUTTERBYTE STORE? Enjoy authentic quality, pan-India shipping, secure checkout, easy 7-day returns and dedicated customer support. Elevate your ethnic and everyday wardrobe with BUTTERBYTE STORE — premium fashion for the modern Indian.",1610.00,1150.00,29,27,In Stock,f,f,f,5.0,30,2026-05-31 01:07:54.904169+00
f4af09af-4331-40ad-86a2-971809554838,fly-with-button-closure-stone-wash-jeans,Fly With Button Closure Stone Wash Jeans,BUTTERBYTE STORE,,49a84477-b046-4539-893c-87b4a248f4ce,"Discover the Fly With Button Closure Stone Wash Jeans from BUTTERBYTE STORE — a thoughtfully designed jeans crafted for the modern Indian wardrobe. Made with premium, breathable fabric and finished with meticulous tailoring, this Fly With Button Closure Stone Wash Jeans blends contemporary design with timeless ethnic sensibility — ideal for festive occasions, everyday wear, gifting and special celebrations.

Key Highlights:
• Premium soft-touch fabric with a comfortable hand feel
• Tailored fit designed for all-day comfort and easy movement
• Durable double-stitched seams and color-fast dyes for long-lasting wear
• Easy care — machine washable, low maintenance
• Versatile styling — pair with traditional or contemporary essentials

Why shop the Fly With Button Closure Stone Wash Jeans at BUTTERBYTE STORE? Enjoy authentic quality, pan-India shipping, secure checkout, easy 7-day returns and dedicated customer support. Elevate your ethnic and everyday wardrobe with BUTTERBYTE STORE — premium fashion for the modern Indian.",1470.00,1050.00,29,30,In Stock,f,t,f,4.0,12,2026-05-31 01:07:54.937988+00
0ecb209c-afa5-455b-818c-6204bb501ff3,panelled-acid-wash-jeans,Panelled Acid Wash Jeans,BUTTERBYTE STORE,,49a84477-b046-4539-893c-87b4a248f4ce,"Discover the Panelled Acid Wash Jeans from BUTTERBYTE STORE — a thoughtfully designed jeans crafted for the modern Indian wardrobe. Made with premium, breathable fabric and finished with meticulous tailoring, this Panelled Acid Wash Jeans blends contemporary design with timeless ethnic sensibility — ideal for festive occasions, everyday wear, gifting and special celebrations.

Key Highlights:
• Premium soft-touch fabric with a comfortable hand feel
• Tailored fit designed for all-day comfort and easy movement
• Durable double-stitched seams and color-fast dyes for long-lasting wear
• Easy care — machine washable, low maintenance
• Versatile styling — pair with traditional or contemporary essentials

Why shop the Panelled Acid Wash Jeans at BUTTERBYTE STORE? Enjoy authentic quality, pan-India shipping, secure checkout, easy 7-day returns and dedicated customer support. Elevate your ethnic and everyday wardrobe with BUTTERBYTE STORE — premium fashion for the modern Indian.",3570.00,2550.00,29,57,In Stock,f,f,f,4.0,115,2026-05-31 01:07:54.971759+00
c155c88b-d95d-43a0-88a9-1935ed68a728,fit-mid-rise-acid-jeans,Fit Mid Rise Acid Jeans,BUTTERBYTE STORE,,49a84477-b046-4539-893c-87b4a248f4ce,"Discover the Fit Mid Rise Acid Jeans from BUTTERBYTE STORE — a thoughtfully designed jeans crafted for the modern Indian wardrobe. Made with premium, breathable fabric and finished with meticulous tailoring, this Fit Mid Rise Acid Jeans blends contemporary design with timeless ethnic sensibility — ideal for festive occasions, everyday wear, gifting and special celebrations.

Key Highlights:
• Premium soft-touch fabric with a comfortable hand feel
• Tailored fit designed for all-day comfort and easy movement
• Durable double-stitched seams and color-fast dyes for long-lasting wear
• Easy care — machine washable, low maintenance
• Versatile styling — pair with traditional or contemporary essentials

Why shop the Fit Mid Rise Acid Jeans at BUTTERBYTE STORE? Enjoy authentic quality, pan-India shipping, secure checkout, easy 7-day returns and dedicated customer support. Elevate your ethnic and everyday wardrobe with BUTTERBYTE STORE — premium fashion for the modern Indian.",910.00,650.00,29,35,In Stock,f,t,f,3.5,24,2026-05-31 01:07:55.005727+00
c4f9b4fb-4170-4d6e-95c9-607698e64240,print-mid-wash-jeans,Print Mid Wash Jeans,BUTTERBYTE STORE,,49a84477-b046-4539-893c-87b4a248f4ce,"Discover the Print Mid Wash Jeans from BUTTERBYTE STORE — a thoughtfully designed jeans crafted for the modern Indian wardrobe. Made with premium, breathable fabric and finished with meticulous tailoring, this Print Mid Wash Jeans blends contemporary design with timeless ethnic sensibility — ideal for festive occasions, everyday wear, gifting and special celebrations.

Key Highlights:
• Premium soft-touch fabric with a comfortable hand feel
• Tailored fit designed for all-day comfort and easy movement
• Durable double-stitched seams and color-fast dyes for long-lasting wear
• Easy care — machine washable, low maintenance
• Versatile styling — pair with traditional or contemporary essentials

Why shop the Print Mid Wash Jeans at BUTTERBYTE STORE? Enjoy authentic quality, pan-India shipping, secure checkout, easy 7-day returns and dedicated customer support. Elevate your ethnic and everyday wardrobe with BUTTERBYTE STORE — premium fashion for the modern Indian.",1260.00,900.00,29,38,In Stock,t,f,f,3.5,43,2026-05-31 01:07:55.039674+00
c562dfde-b634-4a45-8dda-e85139065774,stone-wash-jeans-3,Stone Wash Jeans,BUTTERBYTE STORE,,49a84477-b046-4539-893c-87b4a248f4ce,"Discover the Stone Wash Jeans from BUTTERBYTE STORE — a thoughtfully designed jeans crafted for the modern Indian wardrobe. Made with premium, breathable fabric and finished with meticulous tailoring, this Stone Wash Jeans blends contemporary design with timeless ethnic sensibility — ideal for festive occasions, everyday wear, gifting and special celebrations.

Key Highlights:
• Premium soft-touch fabric with a comfortable hand feel
• Tailored fit designed for all-day comfort and easy movement
• Durable double-stitched seams and color-fast dyes for long-lasting wear
• Easy care — machine washable, low maintenance
• Versatile styling — pair with traditional or contemporary essentials

Why shop the Stone Wash Jeans at BUTTERBYTE STORE? Enjoy authentic quality, pan-India shipping, secure checkout, easy 7-day returns and dedicated customer support. Elevate your ethnic and everyday wardrobe with BUTTERBYTE STORE — premium fashion for the modern Indian.",2870.00,2050.00,29,39,In Stock,f,f,f,5.0,120,2026-05-31 01:07:55.073514+00
90c3793b-c2cd-4f89-ad49-472f32e2115c,slim-fit-jeans,Slim Fit Jeans,BUTTERBYTE STORE,,49a84477-b046-4539-893c-87b4a248f4ce,"Discover the Slim Fit Jeans from BUTTERBYTE STORE — a thoughtfully designed jeans crafted for the modern Indian wardrobe. Made with premium, breathable fabric and finished with meticulous tailoring, this Slim Fit Jeans blends contemporary design with timeless ethnic sensibility — ideal for festive occasions, everyday wear, gifting and special celebrations.

Key Highlights:
• Premium soft-touch fabric with a comfortable hand feel
• Tailored fit designed for all-day comfort and easy movement
• Durable double-stitched seams and color-fast dyes for long-lasting wear
• Easy care — machine washable, low maintenance
• Versatile styling — pair with traditional or contemporary essentials

Why shop the Slim Fit Jeans at BUTTERBYTE STORE? Enjoy authentic quality, pan-India shipping, secure checkout, easy 7-day returns and dedicated customer support. Elevate your ethnic and everyday wardrobe with BUTTERBYTE STORE — premium fashion for the modern Indian.",3570.00,2550.00,29,41,In Stock,f,f,f,4.0,120,2026-05-31 01:07:55.107279+00
56ecff0a-4083-44e4-9fcd-1dcfe9137f24,wash-panelled-jeans-2,Wash Panelled Jeans,BUTTERBYTE STORE,,49a84477-b046-4539-893c-87b4a248f4ce,"Discover the Wash Panelled Jeans from BUTTERBYTE STORE — a thoughtfully designed jeans crafted for the modern Indian wardrobe. Made with premium, breathable fabric and finished with meticulous tailoring, this Wash Panelled Jeans blends contemporary design with timeless ethnic sensibility — ideal for festive occasions, everyday wear, gifting and special celebrations.

Key Highlights:
• Premium soft-touch fabric with a comfortable hand feel
• Tailored fit designed for all-day comfort and easy movement
• Durable double-stitched seams and color-fast dyes for long-lasting wear
• Easy care — machine washable, low maintenance
• Versatile styling — pair with traditional or contemporary essentials

Why shop the Wash Panelled Jeans at BUTTERBYTE STORE? Enjoy authentic quality, pan-India shipping, secure checkout, easy 7-day returns and dedicated customer support. Elevate your ethnic and everyday wardrobe with BUTTERBYTE STORE — premium fashion for the modern Indian.",3150.00,2250.00,29,41,In Stock,f,f,f,4.0,50,2026-05-31 01:07:55.141129+00
1ed44b65-c856-4e62-b2b3-b5a6acad9c0f,fit-mid-rise-jeans,Fit Mid Rise Jeans,BUTTERBYTE STORE,,49a84477-b046-4539-893c-87b4a248f4ce,"Discover the Fit Mid Rise Jeans from BUTTERBYTE STORE — a thoughtfully designed jeans crafted for the modern Indian wardrobe. Made with premium, breathable fabric and finished with meticulous tailoring, this Fit Mid Rise Jeans blends contemporary design with timeless ethnic sensibility — ideal for festive occasions, everyday wear, gifting and special celebrations.

Key Highlights:
• Premium soft-touch fabric with a comfortable hand feel
• Tailored fit designed for all-day comfort and easy movement
• Durable double-stitched seams and color-fast dyes for long-lasting wear
• Easy care — machine washable, low maintenance
• Versatile styling — pair with traditional or contemporary essentials

Why shop the Fit Mid Rise Jeans at BUTTERBYTE STORE? Enjoy authentic quality, pan-India shipping, secure checkout, easy 7-day returns and dedicated customer support. Elevate your ethnic and everyday wardrobe with BUTTERBYTE STORE — premium fashion for the modern Indian.",2030.00,1450.00,29,32,In Stock,f,f,f,5.0,179,2026-05-31 01:07:55.175343+00
68543090-0f45-42a1-9df9-ddc923738e99,cargo-style-slim-jeans,Cargo Style Slim Jeans,BUTTERBYTE STORE,,49a84477-b046-4539-893c-87b4a248f4ce,"Discover the Cargo Style Slim Jeans from BUTTERBYTE STORE — a thoughtfully designed jeans crafted for the modern Indian wardrobe. Made with premium, breathable fabric and finished with meticulous tailoring, this Cargo Style Slim Jeans blends contemporary design with timeless ethnic sensibility — ideal for festive occasions, everyday wear, gifting and special celebrations.

Key Highlights:
• Premium soft-touch fabric with a comfortable hand feel
• Tailored fit designed for all-day comfort and easy movement
• Durable double-stitched seams and color-fast dyes for long-lasting wear
• Easy care — machine washable, low maintenance
• Versatile styling — pair with traditional or contemporary essentials

Why shop the Cargo Style Slim Jeans at BUTTERBYTE STORE? Enjoy authentic quality, pan-India shipping, secure checkout, easy 7-day returns and dedicated customer support. Elevate your ethnic and everyday wardrobe with BUTTERBYTE STORE — premium fashion for the modern Indian.",3640.00,2600.00,29,17,In Stock,f,f,f,3.5,85,2026-05-31 01:07:55.209494+00
a3b93fbc-a945-4406-b47b-3541710096db,cargo-style-jeans,Cargo Style Jeans,BUTTERBYTE STORE,,49a84477-b046-4539-893c-87b4a248f4ce,"Discover the Cargo Style Jeans from BUTTERBYTE STORE — a thoughtfully designed jeans crafted for the modern Indian wardrobe. Made with premium, breathable fabric and finished with meticulous tailoring, this Cargo Style Jeans blends contemporary design with timeless ethnic sensibility — ideal for festive occasions, everyday wear, gifting and special celebrations.

Key Highlights:
• Premium soft-touch fabric with a comfortable hand feel
• Tailored fit designed for all-day comfort and easy movement
• Durable double-stitched seams and color-fast dyes for long-lasting wear
• Easy care — machine washable, low maintenance
• Versatile styling — pair with traditional or contemporary essentials

Why shop the Cargo Style Jeans at BUTTERBYTE STORE? Enjoy authentic quality, pan-India shipping, secure checkout, easy 7-day returns and dedicated customer support. Elevate your ethnic and everyday wardrobe with BUTTERBYTE STORE — premium fashion for the modern Indian.",3710.00,2650.00,29,34,In Stock,f,f,f,3.5,59,2026-05-31 01:07:55.243339+00
dfd57d91-4557-4eb9-a759-efacf463a0e4,style-jeans,Style Jeans,BUTTERBYTE STORE,,49a84477-b046-4539-893c-87b4a248f4ce,"Discover the Style Jeans from BUTTERBYTE STORE — a thoughtfully designed jeans crafted for the modern Indian wardrobe. Made with premium, breathable fabric and finished with meticulous tailoring, this Style Jeans blends contemporary design with timeless ethnic sensibility — ideal for festive occasions, everyday wear, gifting and special celebrations.

Key Highlights:
• Premium soft-touch fabric with a comfortable hand feel
• Tailored fit designed for all-day comfort and easy movement
• Durable double-stitched seams and color-fast dyes for long-lasting wear
• Easy care — machine washable, low maintenance
• Versatile styling — pair with traditional or contemporary essentials

Why shop the Style Jeans at BUTTERBYTE STORE? Enjoy authentic quality, pan-India shipping, secure checkout, easy 7-day returns and dedicated customer support. Elevate your ethnic and everyday wardrobe with BUTTERBYTE STORE — premium fashion for the modern Indian.",3850.00,2750.00,29,42,In Stock,f,f,f,4.0,15,2026-05-31 01:07:55.277428+00
b8daf698-4c79-491b-b11d-7445674fb267,mid-wash-jeans-5,Mid Wash Jeans,BUTTERBYTE STORE,,49a84477-b046-4539-893c-87b4a248f4ce,"Discover the Mid Wash Jeans from BUTTERBYTE STORE — a thoughtfully designed jeans crafted for the modern Indian wardrobe. Made with premium, breathable fabric and finished with meticulous tailoring, this Mid Wash Jeans blends contemporary design with timeless ethnic sensibility — ideal for festive occasions, everyday wear, gifting and special celebrations.

Key Highlights:
• Premium soft-touch fabric with a comfortable hand feel
• Tailored fit designed for all-day comfort and easy movement
• Durable double-stitched seams and color-fast dyes for long-lasting wear
• Easy care — machine washable, low maintenance
• Versatile styling — pair with traditional or contemporary essentials

Why shop the Mid Wash Jeans at BUTTERBYTE STORE? Enjoy authentic quality, pan-India shipping, secure checkout, easy 7-day returns and dedicated customer support. Elevate your ethnic and everyday wardrobe with BUTTERBYTE STORE — premium fashion for the modern Indian.",3010.00,2150.00,29,15,In Stock,f,f,t,4.0,152,2026-05-31 01:07:55.311351+00
dd77d942-d2d0-4808-a288-2a23a45c233b,mid-wash-distressed-jeans-2,Mid Wash Distressed Jeans,BUTTERBYTE STORE,,49a84477-b046-4539-893c-87b4a248f4ce,"Discover the Mid Wash Distressed Jeans from BUTTERBYTE STORE — a thoughtfully designed jeans crafted for the modern Indian wardrobe. Made with premium, breathable fabric and finished with meticulous tailoring, this Mid Wash Distressed Jeans blends contemporary design with timeless ethnic sensibility — ideal for festive occasions, everyday wear, gifting and special celebrations.

Key Highlights:
• Premium soft-touch fabric with a comfortable hand feel
• Tailored fit designed for all-day comfort and easy movement
• Durable double-stitched seams and color-fast dyes for long-lasting wear
• Easy care — machine washable, low maintenance
• Versatile styling — pair with traditional or contemporary essentials

Why shop the Mid Wash Distressed Jeans at BUTTERBYTE STORE? Enjoy authentic quality, pan-India shipping, secure checkout, easy 7-day returns and dedicated customer support. Elevate your ethnic and everyday wardrobe with BUTTERBYTE STORE — premium fashion for the modern Indian.",840.00,600.00,29,37,In Stock,f,f,f,3.5,145,2026-05-31 01:07:55.345421+00
c244471b-f272-4337-8f85-f6cd96e1ad34,slim-jeans,Slim Jeans,BUTTERBYTE STORE,,49a84477-b046-4539-893c-87b4a248f4ce,"Discover the Slim Jeans from BUTTERBYTE STORE — a thoughtfully designed jeans crafted for the modern Indian wardrobe. Made with premium, breathable fabric and finished with meticulous tailoring, this Slim Jeans blends contemporary design with timeless ethnic sensibility — ideal for festive occasions, everyday wear, gifting and special celebrations.

Key Highlights:
• Premium soft-touch fabric with a comfortable hand feel
• Tailored fit designed for all-day comfort and easy movement
• Durable double-stitched seams and color-fast dyes for long-lasting wear
• Easy care — machine washable, low maintenance
• Versatile styling — pair with traditional or contemporary essentials

Why shop the Slim Jeans at BUTTERBYTE STORE? Enjoy authentic quality, pan-India shipping, secure checkout, easy 7-day returns and dedicated customer support. Elevate your ethnic and everyday wardrobe with BUTTERBYTE STORE — premium fashion for the modern Indian.",560.00,400.00,29,23,In Stock,f,t,f,5.0,76,2026-05-31 01:07:55.379453+00
e61683cf-6639-47e0-a279-b9c0509a88b9,closure-distressed-jeans,Closure Distressed Jeans,BUTTERBYTE STORE,,49a84477-b046-4539-893c-87b4a248f4ce,"Discover the Closure Distressed Jeans from BUTTERBYTE STORE — a thoughtfully designed jeans crafted for the modern Indian wardrobe. Made with premium, breathable fabric and finished with meticulous tailoring, this Closure Distressed Jeans blends contemporary design with timeless ethnic sensibility — ideal for festive occasions, everyday wear, gifting and special celebrations.

Key Highlights:
• Premium soft-touch fabric with a comfortable hand feel
• Tailored fit designed for all-day comfort and easy movement
• Durable double-stitched seams and color-fast dyes for long-lasting wear
• Easy care — machine washable, low maintenance
• Versatile styling — pair with traditional or contemporary essentials

Why shop the Closure Distressed Jeans at BUTTERBYTE STORE? Enjoy authentic quality, pan-India shipping, secure checkout, easy 7-day returns and dedicated customer support. Elevate your ethnic and everyday wardrobe with BUTTERBYTE STORE — premium fashion for the modern Indian.",1470.00,1050.00,29,41,In Stock,f,f,f,4.0,129,2026-05-31 01:07:55.413534+00
362c3609-99e1-4754-a99d-7f049c2568ff,clean-wash-jeans,Clean Wash Jeans,BUTTERBYTE STORE,,49a84477-b046-4539-893c-87b4a248f4ce,"Discover the Clean Wash Jeans from BUTTERBYTE STORE — a thoughtfully designed jeans crafted for the modern Indian wardrobe. Made with premium, breathable fabric and finished with meticulous tailoring, this Clean Wash Jeans blends contemporary design with timeless ethnic sensibility — ideal for festive occasions, everyday wear, gifting and special celebrations.

Key Highlights:
• Premium soft-touch fabric with a comfortable hand feel
• Tailored fit designed for all-day comfort and easy movement
• Durable double-stitched seams and color-fast dyes for long-lasting wear
• Easy care — machine washable, low maintenance
• Versatile styling — pair with traditional or contemporary essentials

Why shop the Clean Wash Jeans at BUTTERBYTE STORE? Enjoy authentic quality, pan-India shipping, secure checkout, easy 7-day returns and dedicated customer support. Elevate your ethnic and everyday wardrobe with BUTTERBYTE STORE — premium fashion for the modern Indian.",910.00,650.00,29,16,In Stock,f,f,t,3.5,74,2026-05-31 01:07:55.447326+00
1ebac9cd-811e-4acb-81d2-01cbe49632d2,clean-wash-jeans-2,Clean Wash Jeans,BUTTERBYTE STORE,,49a84477-b046-4539-893c-87b4a248f4ce,"Discover the Clean Wash Jeans from BUTTERBYTE STORE — a thoughtfully designed jeans crafted for the modern Indian wardrobe. Made with premium, breathable fabric and finished with meticulous tailoring, this Clean Wash Jeans blends contemporary design with timeless ethnic sensibility — ideal for festive occasions, everyday wear, gifting and special celebrations.

Key Highlights:
• Premium soft-touch fabric with a comfortable hand feel
• Tailored fit designed for all-day comfort and easy movement
• Durable double-stitched seams and color-fast dyes for long-lasting wear
• Easy care — machine washable, low maintenance
• Versatile styling — pair with traditional or contemporary essentials

Why shop the Clean Wash Jeans at BUTTERBYTE STORE? Enjoy authentic quality, pan-India shipping, secure checkout, easy 7-day returns and dedicated customer support. Elevate your ethnic and everyday wardrobe with BUTTERBYTE STORE — premium fashion for the modern Indian.",1330.00,950.00,29,22,In Stock,t,f,f,5.0,47,2026-05-31 01:07:55.481096+00
803e3419-9271-496c-93b7-0c8850b582b6,light-wash-jeans-7,Light Wash Jeans,BUTTERBYTE STORE,,49a84477-b046-4539-893c-87b4a248f4ce,"Discover the Light Wash Jeans from BUTTERBYTE STORE — a thoughtfully designed jeans crafted for the modern Indian wardrobe. Made with premium, breathable fabric and finished with meticulous tailoring, this Light Wash Jeans blends contemporary design with timeless ethnic sensibility — ideal for festive occasions, everyday wear, gifting and special celebrations.

Key Highlights:
• Premium soft-touch fabric with a comfortable hand feel
• Tailored fit designed for all-day comfort and easy movement
• Durable double-stitched seams and color-fast dyes for long-lasting wear
• Easy care — machine washable, low maintenance
• Versatile styling — pair with traditional or contemporary essentials

Why shop the Light Wash Jeans at BUTTERBYTE STORE? Enjoy authentic quality, pan-India shipping, secure checkout, easy 7-day returns and dedicated customer support. Elevate your ethnic and everyday wardrobe with BUTTERBYTE STORE — premium fashion for the modern Indian.",560.00,400.00,29,47,In Stock,f,f,f,5.0,70,2026-05-31 01:07:55.51505+00
fb2edc9b-7885-44bf-b684-91bfd516c98e,ivory-swirl-tennis-skorts,Ivory Swirl Tennis Skorts,BUTTERBYTE STORE,BB-PS-001,2d3c79cf-b249-439b-9d9e-8f1a0e164d4a,"Discover the Ivory Swirl Tennis Skorts from BUTTERBYTE STORE — a thoughtfully designed pyjamas & shorts crafted for the modern Indian wardrobe. Made with premium, breathable fabric and finished with meticulous tailoring, this Ivory Swirl Tennis Skorts blends contemporary design with timeless ethnic sensibility — ideal for festive occasions, everyday wear, gifting and special celebrations.

Key Highlights:
• Premium soft-touch fabric with a comfortable hand feel
• Tailored fit designed for all-day comfort and easy movement
• Durable double-stitched seams and color-fast dyes for long-lasting wear
• Easy care — machine washable, low maintenance
• Versatile styling — pair with traditional or contemporary essentials

Why shop the Ivory Swirl Tennis Skorts at BUTTERBYTE STORE? Enjoy authentic quality, pan-India shipping, secure checkout, easy 7-day returns and dedicated customer support. Elevate your ethnic and everyday wardrobe with BUTTERBYTE STORE — premium fashion for the modern Indian.",300.00,300.00,0,100,In Stock,t,t,f,3.0,21,2026-05-31 02:43:08.7219+00
2d8fa254-280a-4205-82f8-62d67198eb90,colors-women-s-solid-black-cycling-shorts,Colors Women S Solid Black Cycling Shorts,BUTTERBYTE STORE,BB-PS-002,2d3c79cf-b249-439b-9d9e-8f1a0e164d4a,"Discover the Colors Women S Solid Black Cycling Shorts from BUTTERBYTE STORE — a thoughtfully designed pyjamas & shorts crafted for the modern Indian wardrobe. Made with premium, breathable fabric and finished with meticulous tailoring, this Colors Women S Solid Black Cycling Shorts blends contemporary design with timeless ethnic sensibility — ideal for festive occasions, everyday wear, gifting and special celebrations.

Key Highlights:
• Premium soft-touch fabric with a comfortable hand feel
• Tailored fit designed for all-day comfort and easy movement
• Durable double-stitched seams and color-fast dyes for long-lasting wear
• Easy care — machine washable, low maintenance
• Versatile styling — pair with traditional or contemporary essentials

Why shop the Colors Women S Solid Black Cycling Shorts at BUTTERBYTE STORE? Enjoy authentic quality, pan-India shipping, secure checkout, easy 7-day returns and dedicated customer support. Elevate your ethnic and everyday wardrobe with BUTTERBYTE STORE — premium fashion for the modern Indian.",1000.00,1000.00,0,100,In Stock,t,t,t,5.0,35,2026-05-31 02:43:08.7219+00
7c6b8f04-f306-4f1e-9701-d0082d471835,mid-rise-solid-pocket-active-shorts,Mid Rise Solid Pocket Active Shorts,BUTTERBYTE STORE,BB-PS-003,2d3c79cf-b249-439b-9d9e-8f1a0e164d4a,"Discover the Mid Rise Solid Pocket Active Shorts from BUTTERBYTE STORE — a thoughtfully designed pyjamas & shorts crafted for the modern Indian wardrobe. Made with premium, breathable fabric and finished with meticulous tailoring, this Mid Rise Solid Pocket Active Shorts blends contemporary design with timeless ethnic sensibility — ideal for festive occasions, everyday wear, gifting and special celebrations.

Key Highlights:
• Premium soft-touch fabric with a comfortable hand feel
• Tailored fit designed for all-day comfort and easy movement
• Durable double-stitched seams and color-fast dyes for long-lasting wear
• Easy care — machine washable, low maintenance
• Versatile styling — pair with traditional or contemporary essentials

Why shop the Mid Rise Solid Pocket Active Shorts at BUTTERBYTE STORE? Enjoy authentic quality, pan-India shipping, secure checkout, easy 7-day returns and dedicated customer support. Elevate your ethnic and everyday wardrobe with BUTTERBYTE STORE — premium fashion for the modern Indian.",2200.00,2200.00,0,100,In Stock,t,t,t,5.0,35,2026-05-31 02:43:08.7219+00
8ca0aaa3-3679-420f-b500-e766bdcfa88e,cotton-cycling-shorts-black,Cotton Cycling Shorts Black,BUTTERBYTE STORE,BB-PS-004,2d3c79cf-b249-439b-9d9e-8f1a0e164d4a,"Discover the Cotton Cycling Shorts Black from BUTTERBYTE STORE — a thoughtfully designed pyjamas & shorts crafted for the modern Indian wardrobe. Made with premium, breathable fabric and finished with meticulous tailoring, this Cotton Cycling Shorts Black blends contemporary design with timeless ethnic sensibility — ideal for festive occasions, everyday wear, gifting and special celebrations.

Key Highlights:
• Premium soft-touch fabric with a comfortable hand feel
• Tailored fit designed for all-day comfort and easy movement
• Durable double-stitched seams and color-fast dyes for long-lasting wear
• Easy care — machine washable, low maintenance
• Versatile styling — pair with traditional or contemporary essentials

Why shop the Cotton Cycling Shorts Black at BUTTERBYTE STORE? Enjoy authentic quality, pan-India shipping, secure checkout, easy 7-day returns and dedicated customer support. Elevate your ethnic and everyday wardrobe with BUTTERBYTE STORE — premium fashion for the modern Indian.",2200.00,2200.00,0,100,In Stock,t,t,f,4.0,28,2026-05-31 02:43:08.7219+00
93cf28f9-afd8-4832-a3a4-4accebe15f07,women-purple-sports-cycling-shorts-with-softmove,Women Purple Sports Cycling Shorts With Softmove,BUTTERBYTE STORE,BB-PS-005,2d3c79cf-b249-439b-9d9e-8f1a0e164d4a,"Discover the Women Purple Sports Cycling Shorts With Softmove from BUTTERBYTE STORE — a thoughtfully designed pyjamas & shorts crafted for the modern Indian wardrobe. Made with premium, breathable fabric and finished with meticulous tailoring, this Women Purple Sports Cycling Shorts With Softmove blends contemporary design with timeless ethnic sensibility — ideal for festive occasions, everyday wear, gifting and special celebrations.

Key Highlights:
• Premium soft-touch fabric with a comfortable hand feel
• Tailored fit designed for all-day comfort and easy movement
• Durable double-stitched seams and color-fast dyes for long-lasting wear
• Easy care — machine washable, low maintenance
• Versatile styling — pair with traditional or contemporary essentials

Why shop the Women Purple Sports Cycling Shorts With Softmove at BUTTERBYTE STORE? Enjoy authentic quality, pan-India shipping, secure checkout, easy 7-day returns and dedicated customer support. Elevate your ethnic and everyday wardrobe with BUTTERBYTE STORE — premium fashion for the modern Indian.",2600.00,2600.00,0,100,In Stock,t,t,t,5.0,35,2026-05-31 02:43:08.7219+00
035829f7-ee9c-4428-a6fd-6fe24fd4e3fc,clean-distressed-jeans,Clean Distressed Jeans,BUTTERBYTE STORE,,49a84477-b046-4539-893c-87b4a248f4ce,"Discover the Clean Distressed Jeans from BUTTERBYTE STORE — a thoughtfully designed jeans crafted for the modern Indian wardrobe. Made with premium, breathable fabric and finished with meticulous tailoring, this Clean Distressed Jeans blends contemporary design with timeless ethnic sensibility — ideal for festive occasions, everyday wear, gifting and special celebrations.

Key Highlights:
• Premium soft-touch fabric with a comfortable hand feel
• Tailored fit designed for all-day comfort and easy movement
• Durable double-stitched seams and color-fast dyes for long-lasting wear
• Easy care — machine washable, low maintenance
• Versatile styling — pair with traditional or contemporary essentials

Why shop the Clean Distressed Jeans at BUTTERBYTE STORE? Enjoy authentic quality, pan-India shipping, secure checkout, easy 7-day returns and dedicated customer support. Elevate your ethnic and everyday wardrobe with BUTTERBYTE STORE — premium fashion for the modern Indian.",1190.00,850.00,29,47,In Stock,f,f,f,4.0,138,2026-05-31 01:07:55.549248+00
d70ddebe-4fef-478c-a684-29690d30d108,mid-wash-jeans-6,Mid Wash Jeans,BUTTERBYTE STORE,,49a84477-b046-4539-893c-87b4a248f4ce,"Discover the Mid Wash Jeans from BUTTERBYTE STORE — a thoughtfully designed jeans crafted for the modern Indian wardrobe. Made with premium, breathable fabric and finished with meticulous tailoring, this Mid Wash Jeans blends contemporary design with timeless ethnic sensibility — ideal for festive occasions, everyday wear, gifting and special celebrations.

Key Highlights:
• Premium soft-touch fabric with a comfortable hand feel
• Tailored fit designed for all-day comfort and easy movement
• Durable double-stitched seams and color-fast dyes for long-lasting wear
• Easy care — machine washable, low maintenance
• Versatile styling — pair with traditional or contemporary essentials

Why shop the Mid Wash Jeans at BUTTERBYTE STORE? Enjoy authentic quality, pan-India shipping, secure checkout, easy 7-day returns and dedicated customer support. Elevate your ethnic and everyday wardrobe with BUTTERBYTE STORE — premium fashion for the modern Indian.",3150.00,2250.00,29,9,In Stock,f,f,f,3.5,119,2026-05-31 01:07:55.5832+00
5ab3f4e1-7318-4345-ab27-f9ee0287a7ce,seamless-fitness-shorts-black,Seamless Fitness Shorts Black,BUTTERBYTE STORE,BB-PS-006,2d3c79cf-b249-439b-9d9e-8f1a0e164d4a,"Discover the Seamless Fitness Shorts Black from BUTTERBYTE STORE — a thoughtfully designed pyjamas & shorts crafted for the modern Indian wardrobe. Made with premium, breathable fabric and finished with meticulous tailoring, this Seamless Fitness Shorts Black blends contemporary design with timeless ethnic sensibility — ideal for festive occasions, everyday wear, gifting and special celebrations.

Key Highlights:
• Premium soft-touch fabric with a comfortable hand feel
• Tailored fit designed for all-day comfort and easy movement
• Durable double-stitched seams and color-fast dyes for long-lasting wear
• Easy care — machine washable, low maintenance
• Versatile styling — pair with traditional or contemporary essentials

Why shop the Seamless Fitness Shorts Black at BUTTERBYTE STORE? Enjoy authentic quality, pan-India shipping, secure checkout, easy 7-day returns and dedicated customer support. Elevate your ethnic and everyday wardrobe with BUTTERBYTE STORE — premium fashion for the modern Indian.",400.00,400.00,0,100,In Stock,t,t,t,5.0,35,2026-05-31 02:43:08.7219+00
99975a00-3c48-49db-9fd1-7e998950468f,skirt-biker-short-set,Skirt Biker Short Set,BUTTERBYTE STORE,BB-PS-007,2d3c79cf-b249-439b-9d9e-8f1a0e164d4a,"Discover the Skirt Biker Short Set from BUTTERBYTE STORE — a thoughtfully designed pyjamas & shorts crafted for the modern Indian wardrobe. Made with premium, breathable fabric and finished with meticulous tailoring, this Skirt Biker Short Set blends contemporary design with timeless ethnic sensibility — ideal for festive occasions, everyday wear, gifting and special celebrations.

Key Highlights:
• Premium soft-touch fabric with a comfortable hand feel
• Tailored fit designed for all-day comfort and easy movement
• Durable double-stitched seams and color-fast dyes for long-lasting wear
• Easy care — machine washable, low maintenance
• Versatile styling — pair with traditional or contemporary essentials

Why shop the Skirt Biker Short Set at BUTTERBYTE STORE? Enjoy authentic quality, pan-India shipping, secure checkout, easy 7-day returns and dedicated customer support. Elevate your ethnic and everyday wardrobe with BUTTERBYTE STORE — premium fashion for the modern Indian.",2000.00,2000.00,0,100,In Stock,t,t,f,4.0,28,2026-05-31 02:43:08.7219+00
8b0ee641-7ff9-4596-99fd-7e1c6491dc17,black-shorts,Black Shorts,BUTTERBYTE STORE,BB-PS-008,2d3c79cf-b249-439b-9d9e-8f1a0e164d4a,"Discover the Black Shorts from BUTTERBYTE STORE — a thoughtfully designed pyjamas & shorts crafted for the modern Indian wardrobe. Made with premium, breathable fabric and finished with meticulous tailoring, this Black Shorts blends contemporary design with timeless ethnic sensibility — ideal for festive occasions, everyday wear, gifting and special celebrations.

Key Highlights:
• Premium soft-touch fabric with a comfortable hand feel
• Tailored fit designed for all-day comfort and easy movement
• Durable double-stitched seams and color-fast dyes for long-lasting wear
• Easy care — machine washable, low maintenance
• Versatile styling — pair with traditional or contemporary essentials

Why shop the Black Shorts at BUTTERBYTE STORE? Enjoy authentic quality, pan-India shipping, secure checkout, easy 7-day returns and dedicated customer support. Elevate your ethnic and everyday wardrobe with BUTTERBYTE STORE — premium fashion for the modern Indian.",2100.00,2100.00,0,100,In Stock,t,t,t,5.0,35,2026-05-31 02:43:08.7219+00
a19257a6-aae4-4e62-bfed-60d69869919d,light-wash-jeans-8,Light Wash Jeans,BUTTERBYTE STORE,,49a84477-b046-4539-893c-87b4a248f4ce,"Discover the Light Wash Jeans from BUTTERBYTE STORE — a thoughtfully designed jeans crafted for the modern Indian wardrobe. Made with premium, breathable fabric and finished with meticulous tailoring, this Light Wash Jeans blends contemporary design with timeless ethnic sensibility — ideal for festive occasions, everyday wear, gifting and special celebrations.

Key Highlights:
• Premium soft-touch fabric with a comfortable hand feel
• Tailored fit designed for all-day comfort and easy movement
• Durable double-stitched seams and color-fast dyes for long-lasting wear
• Easy care — machine washable, low maintenance
• Versatile styling — pair with traditional or contemporary essentials

Why shop the Light Wash Jeans at BUTTERBYTE STORE? Enjoy authentic quality, pan-India shipping, secure checkout, easy 7-day returns and dedicated customer support. Elevate your ethnic and everyday wardrobe with BUTTERBYTE STORE — premium fashion for the modern Indian.",1960.00,1400.00,29,42,In Stock,t,f,f,5.0,48,2026-05-31 01:07:55.617493+00
4e5c5b08-9e27-4e16-a7b5-811833bf251b,women-burgundy-polyester-solid-shorts,Women Burgundy Polyester Solid Shorts,BUTTERBYTE STORE,BB-PS-009,2d3c79cf-b249-439b-9d9e-8f1a0e164d4a,"Discover the Women Burgundy Polyester Solid Shorts from BUTTERBYTE STORE — a thoughtfully designed pyjamas & shorts crafted for the modern Indian wardrobe. Made with premium, breathable fabric and finished with meticulous tailoring, this Women Burgundy Polyester Solid Shorts blends contemporary design with timeless ethnic sensibility — ideal for festive occasions, everyday wear, gifting and special celebrations.

Key Highlights:
• Premium soft-touch fabric with a comfortable hand feel
• Tailored fit designed for all-day comfort and easy movement
• Durable double-stitched seams and color-fast dyes for long-lasting wear
• Easy care — machine washable, low maintenance
• Versatile styling — pair with traditional or contemporary essentials

Why shop the Women Burgundy Polyester Solid Shorts at BUTTERBYTE STORE? Enjoy authentic quality, pan-India shipping, secure checkout, easy 7-day returns and dedicated customer support. Elevate your ethnic and everyday wardrobe with BUTTERBYTE STORE — premium fashion for the modern Indian.",1700.00,1700.00,0,100,In Stock,t,f,t,5.0,35,2026-05-31 02:43:08.7219+00
38f5a626-5204-4645-a02a-43d4436868cc,grey-women-s-soft-polyamide-spandex-mid-thigh-length-cycling-shorts,Grey Women S Soft Polyamide Spandex Mid Thigh Length Cycling Shorts,BUTTERBYTE STORE,BB-PS-010,2d3c79cf-b249-439b-9d9e-8f1a0e164d4a,"Discover the Grey Women S Soft Polyamide Spandex Mid Thigh Length Cycling Shorts from BUTTERBYTE STORE — a thoughtfully designed pyjamas & shorts crafted for the modern Indian wardrobe. Made with premium, breathable fabric and finished with meticulous tailoring, this Grey Women S Soft Polyamide Spandex Mid Thigh Length Cycling Shorts blends contemporary design with timeless ethnic sensibility — ideal for festive occasions, everyday wear, gifting and special celebrations.

Key Highlights:
• Premium soft-touch fabric with a comfortable hand feel
• Tailored fit designed for all-day comfort and easy movement
• Durable double-stitched seams and color-fast dyes for long-lasting wear
• Easy care — machine washable, low maintenance
• Versatile styling — pair with traditional or contemporary essentials

Why shop the Grey Women S Soft Polyamide Spandex Mid Thigh Length Cycling Shorts at BUTTERBYTE STORE? Enjoy authentic quality, pan-India shipping, secure checkout, easy 7-day returns and dedicated customer support. Elevate your ethnic and everyday wardrobe with BUTTERBYTE STORE — premium fashion for the modern Indian.",1300.00,1300.00,0,100,In Stock,t,f,f,3.0,21,2026-05-31 02:43:08.7219+00
4d6cb362-2a9d-4e89-949e-f66932a7fdc8,cargo-style-jeans-2,Cargo Style Jeans,BUTTERBYTE STORE,,49a84477-b046-4539-893c-87b4a248f4ce,"Discover the Cargo Style Jeans from BUTTERBYTE STORE — a thoughtfully designed jeans crafted for the modern Indian wardrobe. Made with premium, breathable fabric and finished with meticulous tailoring, this Cargo Style Jeans blends contemporary design with timeless ethnic sensibility — ideal for festive occasions, everyday wear, gifting and special celebrations.

Key Highlights:
• Premium soft-touch fabric with a comfortable hand feel
• Tailored fit designed for all-day comfort and easy movement
• Durable double-stitched seams and color-fast dyes for long-lasting wear
• Easy care — machine washable, low maintenance
• Versatile styling — pair with traditional or contemporary essentials

Why shop the Cargo Style Jeans at BUTTERBYTE STORE? Enjoy authentic quality, pan-India shipping, secure checkout, easy 7-day returns and dedicated customer support. Elevate your ethnic and everyday wardrobe with BUTTERBYTE STORE — premium fashion for the modern Indian.",3920.00,2800.00,29,21,In Stock,f,f,f,3.5,143,2026-05-31 01:07:55.651271+00
6be7ad12-457a-44cf-ab3d-726bc4642505,women-purple-sports-cycling-shorts-with-softmove-2,Women Purple Sports Cycling Shorts With Softmove,BUTTERBYTE STORE,BB-PS-011,2d3c79cf-b249-439b-9d9e-8f1a0e164d4a,"Discover the Women Purple Sports Cycling Shorts With Softmove from BUTTERBYTE STORE — a thoughtfully designed pyjamas & shorts crafted for the modern Indian wardrobe. Made with premium, breathable fabric and finished with meticulous tailoring, this Women Purple Sports Cycling Shorts With Softmove blends contemporary design with timeless ethnic sensibility — ideal for festive occasions, everyday wear, gifting and special celebrations.

Key Highlights:
• Premium soft-touch fabric with a comfortable hand feel
• Tailored fit designed for all-day comfort and easy movement
• Durable double-stitched seams and color-fast dyes for long-lasting wear
• Easy care — machine washable, low maintenance
• Versatile styling — pair with traditional or contemporary essentials

Why shop the Women Purple Sports Cycling Shorts With Softmove at BUTTERBYTE STORE? Enjoy authentic quality, pan-India shipping, secure checkout, easy 7-day returns and dedicated customer support. Elevate your ethnic and everyday wardrobe with BUTTERBYTE STORE — premium fashion for the modern Indian.",1100.00,1100.00,0,100,In Stock,t,f,f,4.0,28,2026-05-31 02:43:08.7219+00
474e16c6-689d-4ecf-9a85-52386ef6ee0b,style-jeans-2,Style Jeans,BUTTERBYTE STORE,,49a84477-b046-4539-893c-87b4a248f4ce,"Discover the Style Jeans from BUTTERBYTE STORE — a thoughtfully designed jeans crafted for the modern Indian wardrobe. Made with premium, breathable fabric and finished with meticulous tailoring, this Style Jeans blends contemporary design with timeless ethnic sensibility — ideal for festive occasions, everyday wear, gifting and special celebrations.

Key Highlights:
• Premium soft-touch fabric with a comfortable hand feel
• Tailored fit designed for all-day comfort and easy movement
• Durable double-stitched seams and color-fast dyes for long-lasting wear
• Easy care — machine washable, low maintenance
• Versatile styling — pair with traditional or contemporary essentials

Why shop the Style Jeans at BUTTERBYTE STORE? Enjoy authentic quality, pan-India shipping, secure checkout, easy 7-day returns and dedicated customer support. Elevate your ethnic and everyday wardrobe with BUTTERBYTE STORE — premium fashion for the modern Indian.",1750.00,1250.00,29,55,In Stock,f,f,f,5.0,67,2026-05-31 01:07:55.685184+00
55c47d09-293f-4c52-bf0a-a20aad64533a,women-pink-dri-fit-mid-rise-brief-lined-running-shorts,Women Pink Dri Fit Mid Rise Brief Lined Running Shorts,BUTTERBYTE STORE,BB-PS-012,2d3c79cf-b249-439b-9d9e-8f1a0e164d4a,"Discover the Women Pink Dri Fit Mid Rise Brief Lined Running Shorts from BUTTERBYTE STORE — a thoughtfully designed pyjamas & shorts crafted for the modern Indian wardrobe. Made with premium, breathable fabric and finished with meticulous tailoring, this Women Pink Dri Fit Mid Rise Brief Lined Running Shorts blends contemporary design with timeless ethnic sensibility — ideal for festive occasions, everyday wear, gifting and special celebrations.

Key Highlights:
• Premium soft-touch fabric with a comfortable hand feel
• Tailored fit designed for all-day comfort and easy movement
• Durable double-stitched seams and color-fast dyes for long-lasting wear
• Easy care — machine washable, low maintenance
• Versatile styling — pair with traditional or contemporary essentials

Why shop the Women Pink Dri Fit Mid Rise Brief Lined Running Shorts at BUTTERBYTE STORE? Enjoy authentic quality, pan-India shipping, secure checkout, easy 7-day returns and dedicated customer support. Elevate your ethnic and everyday wardrobe with BUTTERBYTE STORE — premium fashion for the modern Indian.",2400.00,2400.00,0,100,In Stock,t,f,t,5.0,35,2026-05-31 02:43:08.7219+00
17556957-7849-4973-9425-fa6f579bbbb8,pink-swirl-tennis-skorts,Pink Swirl Tennis Skorts,BUTTERBYTE STORE,BB-PS-013,2d3c79cf-b249-439b-9d9e-8f1a0e164d4a,"Discover the Pink Swirl Tennis Skorts from BUTTERBYTE STORE — a thoughtfully designed pyjamas & shorts crafted for the modern Indian wardrobe. Made with premium, breathable fabric and finished with meticulous tailoring, this Pink Swirl Tennis Skorts blends contemporary design with timeless ethnic sensibility — ideal for festive occasions, everyday wear, gifting and special celebrations.

Key Highlights:
• Premium soft-touch fabric with a comfortable hand feel
• Tailored fit designed for all-day comfort and easy movement
• Durable double-stitched seams and color-fast dyes for long-lasting wear
• Easy care — machine washable, low maintenance
• Versatile styling — pair with traditional or contemporary essentials

Why shop the Pink Swirl Tennis Skorts at BUTTERBYTE STORE? Enjoy authentic quality, pan-India shipping, secure checkout, easy 7-day returns and dedicated customer support. Elevate your ethnic and everyday wardrobe with BUTTERBYTE STORE — premium fashion for the modern Indian.",1900.00,1900.00,0,100,In Stock,t,f,f,3.0,21,2026-05-31 02:43:08.7219+00
d39c413c-2e0e-418a-a103-e4a7ca75fe39,high-waisted-shorts-for-running-blue,High Waisted Shorts For Running Blue,BUTTERBYTE STORE,BB-PS-014,2d3c79cf-b249-439b-9d9e-8f1a0e164d4a,"Discover the High Waisted Shorts For Running Blue from BUTTERBYTE STORE — a thoughtfully designed pyjamas & shorts crafted for the modern Indian wardrobe. Made with premium, breathable fabric and finished with meticulous tailoring, this High Waisted Shorts For Running Blue blends contemporary design with timeless ethnic sensibility — ideal for festive occasions, everyday wear, gifting and special celebrations.

Key Highlights:
• Premium soft-touch fabric with a comfortable hand feel
• Tailored fit designed for all-day comfort and easy movement
• Durable double-stitched seams and color-fast dyes for long-lasting wear
• Easy care — machine washable, low maintenance
• Versatile styling — pair with traditional or contemporary essentials

Why shop the High Waisted Shorts For Running Blue at BUTTERBYTE STORE? Enjoy authentic quality, pan-India shipping, secure checkout, easy 7-day returns and dedicated customer support. Elevate your ethnic and everyday wardrobe with BUTTERBYTE STORE — premium fashion for the modern Indian.",300.00,300.00,0,100,In Stock,t,f,f,3.0,21,2026-05-31 02:43:08.7219+00
bfca6557-c91b-4c4c-99ff-217d4e16ac57,full-length-carpenter-style-light-wash-jeans-2,Full Length Carpenter Style Light Wash Jeans,BUTTERBYTE STORE,,49a84477-b046-4539-893c-87b4a248f4ce,"Discover the Full Length Carpenter Style Light Wash Jeans from BUTTERBYTE STORE — a thoughtfully designed jeans crafted for the modern Indian wardrobe. Made with premium, breathable fabric and finished with meticulous tailoring, this Full Length Carpenter Style Light Wash Jeans blends contemporary design with timeless ethnic sensibility — ideal for festive occasions, everyday wear, gifting and special celebrations.

Key Highlights:
• Premium soft-touch fabric with a comfortable hand feel
• Tailored fit designed for all-day comfort and easy movement
• Durable double-stitched seams and color-fast dyes for long-lasting wear
• Easy care — machine washable, low maintenance
• Versatile styling — pair with traditional or contemporary essentials

Why shop the Full Length Carpenter Style Light Wash Jeans at BUTTERBYTE STORE? Enjoy authentic quality, pan-India shipping, secure checkout, easy 7-day returns and dedicated customer support. Elevate your ethnic and everyday wardrobe with BUTTERBYTE STORE — premium fashion for the modern Indian.",3080.00,2200.00,29,28,In Stock,f,f,f,4.0,162,2026-05-31 01:07:55.718952+00
28171e62-c816-4d06-9047-131b3012d82e,full-length-fly-with-button-closure-distressed-jeans-2,Full Length Fly With Button Closure Distressed Jeans,BUTTERBYTE STORE,,49a84477-b046-4539-893c-87b4a248f4ce,"Discover the Full Length Fly With Button Closure Distressed Jeans from BUTTERBYTE STORE — a thoughtfully designed jeans crafted for the modern Indian wardrobe. Made with premium, breathable fabric and finished with meticulous tailoring, this Full Length Fly With Button Closure Distressed Jeans blends contemporary design with timeless ethnic sensibility — ideal for festive occasions, everyday wear, gifting and special celebrations.

Key Highlights:
• Premium soft-touch fabric with a comfortable hand feel
• Tailored fit designed for all-day comfort and easy movement
• Durable double-stitched seams and color-fast dyes for long-lasting wear
• Easy care — machine washable, low maintenance
• Versatile styling — pair with traditional or contemporary essentials

Why shop the Full Length Fly With Button Closure Distressed Jeans at BUTTERBYTE STORE? Enjoy authentic quality, pan-India shipping, secure checkout, easy 7-day returns and dedicated customer support. Elevate your ethnic and everyday wardrobe with BUTTERBYTE STORE — premium fashion for the modern Indian.",2520.00,1800.00,29,14,In Stock,t,f,f,4.0,57,2026-05-31 01:07:55.75276+00
512d4ef0-9a37-4019-9429-ab21b630e624,women-s-solid-grey-cycling-shorts,Women S Solid Grey Cycling Shorts,BUTTERBYTE STORE,BB-PS-015,2d3c79cf-b249-439b-9d9e-8f1a0e164d4a,"Discover the Women S Solid Grey Cycling Shorts from BUTTERBYTE STORE — a thoughtfully designed pyjamas & shorts crafted for the modern Indian wardrobe. Made with premium, breathable fabric and finished with meticulous tailoring, this Women S Solid Grey Cycling Shorts blends contemporary design with timeless ethnic sensibility — ideal for festive occasions, everyday wear, gifting and special celebrations.

Key Highlights:
• Premium soft-touch fabric with a comfortable hand feel
• Tailored fit designed for all-day comfort and easy movement
• Durable double-stitched seams and color-fast dyes for long-lasting wear
• Easy care — machine washable, low maintenance
• Versatile styling — pair with traditional or contemporary essentials

Why shop the Women S Solid Grey Cycling Shorts at BUTTERBYTE STORE? Enjoy authentic quality, pan-India shipping, secure checkout, easy 7-day returns and dedicated customer support. Elevate your ethnic and everyday wardrobe with BUTTERBYTE STORE — premium fashion for the modern Indian.",700.00,700.00,0,100,In Stock,t,f,f,4.0,28,2026-05-31 02:43:08.7219+00
ec15e15f-f065-4a8c-8bd3-7f4882a668df,full-length-low-rise-panelled-clean-wash-jeans,Full Length Low Rise Panelled Clean Wash Jeans,BUTTERBYTE STORE,,49a84477-b046-4539-893c-87b4a248f4ce,"Discover the Full Length Low Rise Panelled Clean Wash Jeans from BUTTERBYTE STORE — a thoughtfully designed jeans crafted for the modern Indian wardrobe. Made with premium, breathable fabric and finished with meticulous tailoring, this Full Length Low Rise Panelled Clean Wash Jeans blends contemporary design with timeless ethnic sensibility — ideal for festive occasions, everyday wear, gifting and special celebrations.

Key Highlights:
• Premium soft-touch fabric with a comfortable hand feel
• Tailored fit designed for all-day comfort and easy movement
• Durable double-stitched seams and color-fast dyes for long-lasting wear
• Easy care — machine washable, low maintenance
• Versatile styling — pair with traditional or contemporary essentials

Why shop the Full Length Low Rise Panelled Clean Wash Jeans at BUTTERBYTE STORE? Enjoy authentic quality, pan-India shipping, secure checkout, easy 7-day returns and dedicated customer support. Elevate your ethnic and everyday wardrobe with BUTTERBYTE STORE — premium fashion for the modern Indian.",2800.00,2000.00,29,32,In Stock,t,f,f,4.0,74,2026-05-31 01:07:55.786795+00
c22676b5-91b5-44ea-8fdd-2b9c93ec66b0,women-black-double-layered-sports-shorts,Women Black Double Layered Sports Shorts,BUTTERBYTE STORE,BB-PS-016,2d3c79cf-b249-439b-9d9e-8f1a0e164d4a,"Discover the Women Black Double Layered Sports Shorts from BUTTERBYTE STORE — a thoughtfully designed pyjamas & shorts crafted for the modern Indian wardrobe. Made with premium, breathable fabric and finished with meticulous tailoring, this Women Black Double Layered Sports Shorts blends contemporary design with timeless ethnic sensibility — ideal for festive occasions, everyday wear, gifting and special celebrations.

Key Highlights:
• Premium soft-touch fabric with a comfortable hand feel
• Tailored fit designed for all-day comfort and easy movement
• Durable double-stitched seams and color-fast dyes for long-lasting wear
• Easy care — machine washable, low maintenance
• Versatile styling — pair with traditional or contemporary essentials

Why shop the Women Black Double Layered Sports Shorts at BUTTERBYTE STORE? Enjoy authentic quality, pan-India shipping, secure checkout, easy 7-day returns and dedicated customer support. Elevate your ethnic and everyday wardrobe with BUTTERBYTE STORE — premium fashion for the modern Indian.",1300.00,1300.00,0,100,In Stock,t,f,f,4.0,28,2026-05-31 02:43:08.7219+00
4eb89eb3-6455-4843-a2ac-21f29c8e508e,women-solid-cotton-shorts,Women Solid Cotton Shorts,BUTTERBYTE STORE,BB-PS-017,2d3c79cf-b249-439b-9d9e-8f1a0e164d4a,"Discover the Women Solid Cotton Shorts from BUTTERBYTE STORE — a thoughtfully designed pyjamas & shorts crafted for the modern Indian wardrobe. Made with premium, breathable fabric and finished with meticulous tailoring, this Women Solid Cotton Shorts blends contemporary design with timeless ethnic sensibility — ideal for festive occasions, everyday wear, gifting and special celebrations.

Key Highlights:
• Premium soft-touch fabric with a comfortable hand feel
• Tailored fit designed for all-day comfort and easy movement
• Durable double-stitched seams and color-fast dyes for long-lasting wear
• Easy care — machine washable, low maintenance
• Versatile styling — pair with traditional or contemporary essentials

Why shop the Women Solid Cotton Shorts at BUTTERBYTE STORE? Enjoy authentic quality, pan-India shipping, secure checkout, easy 7-day returns and dedicated customer support. Elevate your ethnic and everyday wardrobe with BUTTERBYTE STORE — premium fashion for the modern Indian.",1600.00,1600.00,0,100,In Stock,t,f,f,4.0,28,2026-05-31 02:43:08.7219+00
3469952c-37d4-4fdf-980b-632512949d7d,women-super-combed-cotton-striped-shorts-aqua-sky,Women Super Combed Cotton Striped Shorts Aqua Sky,BUTTERBYTE STORE,BB-PS-018,2d3c79cf-b249-439b-9d9e-8f1a0e164d4a,"Discover the Women Super Combed Cotton Striped Shorts Aqua Sky from BUTTERBYTE STORE — a thoughtfully designed pyjamas & shorts crafted for the modern Indian wardrobe. Made with premium, breathable fabric and finished with meticulous tailoring, this Women Super Combed Cotton Striped Shorts Aqua Sky blends contemporary design with timeless ethnic sensibility — ideal for festive occasions, everyday wear, gifting and special celebrations.

Key Highlights:
• Premium soft-touch fabric with a comfortable hand feel
• Tailored fit designed for all-day comfort and easy movement
• Durable double-stitched seams and color-fast dyes for long-lasting wear
• Easy care — machine washable, low maintenance
• Versatile styling — pair with traditional or contemporary essentials

Why shop the Women Super Combed Cotton Striped Shorts Aqua Sky at BUTTERBYTE STORE? Enjoy authentic quality, pan-India shipping, secure checkout, easy 7-day returns and dedicated customer support. Elevate your ethnic and everyday wardrobe with BUTTERBYTE STORE — premium fashion for the modern Indian.",2600.00,2600.00,0,100,In Stock,t,f,f,3.0,21,2026-05-31 02:43:08.7219+00
a35361a4-54a3-4dcc-87d5-73bf36c5ae9d,womens-essentials-e032-mid-waist-stretch-cotton-cyclic-shorts,Womens Essentials E032 Mid Waist Stretch Cotton Cyclic Shorts,BUTTERBYTE STORE,BB-PS-019,2d3c79cf-b249-439b-9d9e-8f1a0e164d4a,"Discover the Womens Essentials E032 Mid Waist Stretch Cotton Cyclic Shorts from BUTTERBYTE STORE — a thoughtfully designed pyjamas & shorts crafted for the modern Indian wardrobe. Made with premium, breathable fabric and finished with meticulous tailoring, this Womens Essentials E032 Mid Waist Stretch Cotton Cyclic Shorts blends contemporary design with timeless ethnic sensibility — ideal for festive occasions, everyday wear, gifting and special celebrations.

Key Highlights:
• Premium soft-touch fabric with a comfortable hand feel
• Tailored fit designed for all-day comfort and easy movement
• Durable double-stitched seams and color-fast dyes for long-lasting wear
• Easy care — machine washable, low maintenance
• Versatile styling — pair with traditional or contemporary essentials

Why shop the Womens Essentials E032 Mid Waist Stretch Cotton Cyclic Shorts at BUTTERBYTE STORE? Enjoy authentic quality, pan-India shipping, secure checkout, easy 7-day returns and dedicated customer support. Elevate your ethnic and everyday wardrobe with BUTTERBYTE STORE — premium fashion for the modern Indian.",1200.00,1200.00,0,100,In Stock,t,f,f,3.0,21,2026-05-31 02:43:08.7219+00
bd35d378-05b9-47a5-b5ec-465623e935c6,fly-with-button-closure-mid-wash-distressed-jeans-2,Fly With Button Closure Mid Wash Distressed Jeans,BUTTERBYTE STORE,,49a84477-b046-4539-893c-87b4a248f4ce,"Discover the Fly With Button Closure Mid Wash Distressed Jeans from BUTTERBYTE STORE — a thoughtfully designed jeans crafted for the modern Indian wardrobe. Made with premium, breathable fabric and finished with meticulous tailoring, this Fly With Button Closure Mid Wash Distressed Jeans blends contemporary design with timeless ethnic sensibility — ideal for festive occasions, everyday wear, gifting and special celebrations.

Key Highlights:
• Premium soft-touch fabric with a comfortable hand feel
• Tailored fit designed for all-day comfort and easy movement
• Durable double-stitched seams and color-fast dyes for long-lasting wear
• Easy care — machine washable, low maintenance
• Versatile styling — pair with traditional or contemporary essentials

Why shop the Fly With Button Closure Mid Wash Distressed Jeans at BUTTERBYTE STORE? Enjoy authentic quality, pan-India shipping, secure checkout, easy 7-day returns and dedicated customer support. Elevate your ethnic and everyday wardrobe with BUTTERBYTE STORE — premium fashion for the modern Indian.",3640.00,2600.00,29,20,In Stock,f,f,t,5.0,40,2026-05-31 01:07:55.820768+00
57bbf383-4dfd-4beb-a536-7e4d80b9ea48,hot-pink-swirl-tennis-skorts,Hot Pink Swirl Tennis Skorts,BUTTERBYTE STORE,BB-PS-020,2d3c79cf-b249-439b-9d9e-8f1a0e164d4a,"Discover the Hot Pink Swirl Tennis Skorts from BUTTERBYTE STORE — a thoughtfully designed pyjamas & shorts crafted for the modern Indian wardrobe. Made with premium, breathable fabric and finished with meticulous tailoring, this Hot Pink Swirl Tennis Skorts blends contemporary design with timeless ethnic sensibility — ideal for festive occasions, everyday wear, gifting and special celebrations.

Key Highlights:
• Premium soft-touch fabric with a comfortable hand feel
• Tailored fit designed for all-day comfort and easy movement
• Durable double-stitched seams and color-fast dyes for long-lasting wear
• Easy care — machine washable, low maintenance
• Versatile styling — pair with traditional or contemporary essentials

Why shop the Hot Pink Swirl Tennis Skorts at BUTTERBYTE STORE? Enjoy authentic quality, pan-India shipping, secure checkout, easy 7-day returns and dedicated customer support. Elevate your ethnic and everyday wardrobe with BUTTERBYTE STORE — premium fashion for the modern Indian.",2600.00,2600.00,0,100,In Stock,t,f,f,4.0,28,2026-05-31 02:43:08.7219+00
cb275774-dffd-400f-b878-472c64ebdfbf,booty-shorts,Booty Shorts,BUTTERBYTE STORE,BB-PS-021,2d3c79cf-b249-439b-9d9e-8f1a0e164d4a,"Discover the Booty Shorts from BUTTERBYTE STORE — a thoughtfully designed pyjamas & shorts crafted for the modern Indian wardrobe. Made with premium, breathable fabric and finished with meticulous tailoring, this Booty Shorts blends contemporary design with timeless ethnic sensibility — ideal for festive occasions, everyday wear, gifting and special celebrations.

Key Highlights:
• Premium soft-touch fabric with a comfortable hand feel
• Tailored fit designed for all-day comfort and easy movement
• Durable double-stitched seams and color-fast dyes for long-lasting wear
• Easy care — machine washable, low maintenance
• Versatile styling — pair with traditional or contemporary essentials

Why shop the Booty Shorts at BUTTERBYTE STORE? Enjoy authentic quality, pan-India shipping, secure checkout, easy 7-day returns and dedicated customer support. Elevate your ethnic and everyday wardrobe with BUTTERBYTE STORE — premium fashion for the modern Indian.",3000.00,3000.00,0,100,In Stock,t,f,f,3.0,21,2026-05-31 02:43:08.7219+00
285fa0b2-101c-4171-80bb-0b90f16f8f8f,womens-relaxed-fit-14-beige-shorts,Womens Relaxed Fit 14 Beige Shorts,BUTTERBYTE STORE,BB-PS-022,2d3c79cf-b249-439b-9d9e-8f1a0e164d4a,"Discover the Womens Relaxed Fit 14 Beige Shorts from BUTTERBYTE STORE — a thoughtfully designed pyjamas & shorts crafted for the modern Indian wardrobe. Made with premium, breathable fabric and finished with meticulous tailoring, this Womens Relaxed Fit 14 Beige Shorts blends contemporary design with timeless ethnic sensibility — ideal for festive occasions, everyday wear, gifting and special celebrations.

Key Highlights:
• Premium soft-touch fabric with a comfortable hand feel
• Tailored fit designed for all-day comfort and easy movement
• Durable double-stitched seams and color-fast dyes for long-lasting wear
• Easy care — machine washable, low maintenance
• Versatile styling — pair with traditional or contemporary essentials

Why shop the Womens Relaxed Fit 14 Beige Shorts at BUTTERBYTE STORE? Enjoy authentic quality, pan-India shipping, secure checkout, easy 7-day returns and dedicated customer support. Elevate your ethnic and everyday wardrobe with BUTTERBYTE STORE — premium fashion for the modern Indian.",2900.00,2900.00,0,100,In Stock,t,f,f,3.0,21,2026-05-31 02:43:08.7219+00
140ea701-eed3-45a3-870f-b5087e4e450a,women-s-solid-navy-blue-cycling-shorts,Women S Solid Navy Blue Cycling Shorts,BUTTERBYTE STORE,BB-PS-023,2d3c79cf-b249-439b-9d9e-8f1a0e164d4a,"Discover the Women S Solid Navy Blue Cycling Shorts from BUTTERBYTE STORE — a thoughtfully designed pyjamas & shorts crafted for the modern Indian wardrobe. Made with premium, breathable fabric and finished with meticulous tailoring, this Women S Solid Navy Blue Cycling Shorts blends contemporary design with timeless ethnic sensibility — ideal for festive occasions, everyday wear, gifting and special celebrations.

Key Highlights:
• Premium soft-touch fabric with a comfortable hand feel
• Tailored fit designed for all-day comfort and easy movement
• Durable double-stitched seams and color-fast dyes for long-lasting wear
• Easy care — machine washable, low maintenance
• Versatile styling — pair with traditional or contemporary essentials

Why shop the Women S Solid Navy Blue Cycling Shorts at BUTTERBYTE STORE? Enjoy authentic quality, pan-India shipping, secure checkout, easy 7-day returns and dedicated customer support. Elevate your ethnic and everyday wardrobe with BUTTERBYTE STORE — premium fashion for the modern Indian.",1300.00,1300.00,0,100,In Stock,t,f,f,3.0,21,2026-05-31 02:43:08.7219+00
196d54b4-d8d5-469f-b8b5-776b6e09cc68,women-brown-double-layered-sports-shorts,Women Brown Double Layered Sports Shorts,BUTTERBYTE STORE,BB-PS-024,2d3c79cf-b249-439b-9d9e-8f1a0e164d4a,"Discover the Women Brown Double Layered Sports Shorts from BUTTERBYTE STORE — a thoughtfully designed pyjamas & shorts crafted for the modern Indian wardrobe. Made with premium, breathable fabric and finished with meticulous tailoring, this Women Brown Double Layered Sports Shorts blends contemporary design with timeless ethnic sensibility — ideal for festive occasions, everyday wear, gifting and special celebrations.

Key Highlights:
• Premium soft-touch fabric with a comfortable hand feel
• Tailored fit designed for all-day comfort and easy movement
• Durable double-stitched seams and color-fast dyes for long-lasting wear
• Easy care — machine washable, low maintenance
• Versatile styling — pair with traditional or contemporary essentials

Why shop the Women Brown Double Layered Sports Shorts at BUTTERBYTE STORE? Enjoy authentic quality, pan-India shipping, secure checkout, easy 7-day returns and dedicated customer support. Elevate your ethnic and everyday wardrobe with BUTTERBYTE STORE — premium fashion for the modern Indian.",2700.00,2700.00,0,100,In Stock,t,f,t,5.0,35,2026-05-31 02:43:08.7219+00
202d9b3a-b7b0-446d-a77f-4d3a596fad7e,women-orange-sports-cycling-shorts-with-softmove,Women Orange Sports Cycling Shorts With Softmove,BUTTERBYTE STORE,BB-PS-025,2d3c79cf-b249-439b-9d9e-8f1a0e164d4a,"Discover the Women Orange Sports Cycling Shorts With Softmove from BUTTERBYTE STORE — a thoughtfully designed pyjamas & shorts crafted for the modern Indian wardrobe. Made with premium, breathable fabric and finished with meticulous tailoring, this Women Orange Sports Cycling Shorts With Softmove blends contemporary design with timeless ethnic sensibility — ideal for festive occasions, everyday wear, gifting and special celebrations.

Key Highlights:
• Premium soft-touch fabric with a comfortable hand feel
• Tailored fit designed for all-day comfort and easy movement
• Durable double-stitched seams and color-fast dyes for long-lasting wear
• Easy care — machine washable, low maintenance
• Versatile styling — pair with traditional or contemporary essentials

Why shop the Women Orange Sports Cycling Shorts With Softmove at BUTTERBYTE STORE? Enjoy authentic quality, pan-India shipping, secure checkout, easy 7-day returns and dedicated customer support. Elevate your ethnic and everyday wardrobe with BUTTERBYTE STORE — premium fashion for the modern Indian.",2900.00,2900.00,0,100,In Stock,f,f,f,3.0,21,2026-05-31 02:43:08.7219+00
89cf83c7-6177-4244-b63c-958b06bfdcb3,blue-men-mid-wash-relaxed-fit-jeans,Blue Men Mid Wash Relaxed Fit Jeans,BUTTERBYTE STORE,,49a84477-b046-4539-893c-87b4a248f4ce,"Discover the Blue Men Mid Wash Relaxed Fit Jeans from BUTTERBYTE STORE — a thoughtfully designed jeans crafted for the modern Indian wardrobe. Made with premium, breathable fabric and finished with meticulous tailoring, this Blue Men Mid Wash Relaxed Fit Jeans blends contemporary design with timeless ethnic sensibility — ideal for festive occasions, everyday wear, gifting and special celebrations.

Key Highlights:
• Premium soft-touch fabric with a comfortable hand feel
• Tailored fit designed for all-day comfort and easy movement
• Durable double-stitched seams and color-fast dyes for long-lasting wear
• Easy care — machine washable, low maintenance
• Versatile styling — pair with traditional or contemporary essentials

Why shop the Blue Men Mid Wash Relaxed Fit Jeans at BUTTERBYTE STORE? Enjoy authentic quality, pan-India shipping, secure checkout, easy 7-day returns and dedicated customer support. Elevate your ethnic and everyday wardrobe with BUTTERBYTE STORE — premium fashion for the modern Indian.",2590.00,1850.00,29,44,In Stock,f,f,f,3.5,59,2026-05-31 01:07:55.854693+00
1cd2c9c7-6b61-41c0-bfdc-8850287b91f8,women-solid-cotton-shorts-2,Women Solid Cotton Shorts,BUTTERBYTE STORE,BB-PS-026,2d3c79cf-b249-439b-9d9e-8f1a0e164d4a,"Discover the Women Solid Cotton Shorts from BUTTERBYTE STORE — a thoughtfully designed pyjamas & shorts crafted for the modern Indian wardrobe. Made with premium, breathable fabric and finished with meticulous tailoring, this Women Solid Cotton Shorts blends contemporary design with timeless ethnic sensibility — ideal for festive occasions, everyday wear, gifting and special celebrations.

Key Highlights:
• Premium soft-touch fabric with a comfortable hand feel
• Tailored fit designed for all-day comfort and easy movement
• Durable double-stitched seams and color-fast dyes for long-lasting wear
• Easy care — machine washable, low maintenance
• Versatile styling — pair with traditional or contemporary essentials

Why shop the Women Solid Cotton Shorts at BUTTERBYTE STORE? Enjoy authentic quality, pan-India shipping, secure checkout, easy 7-day returns and dedicated customer support. Elevate your ethnic and everyday wardrobe with BUTTERBYTE STORE — premium fashion for the modern Indian.",1000.00,1000.00,0,100,In Stock,f,f,f,3.0,21,2026-05-31 02:43:08.7219+00
aaa89f98-ca2f-453c-9c97-50724ee060bb,women-micro-modal-cotton-printed-shorts-cashmere-rose,Women Micro Modal Cotton Printed Shorts Cashmere Rose,BUTTERBYTE STORE,BB-PS-027,2d3c79cf-b249-439b-9d9e-8f1a0e164d4a,"Discover the Women Micro Modal Cotton Printed Shorts Cashmere Rose from BUTTERBYTE STORE — a thoughtfully designed pyjamas & shorts crafted for the modern Indian wardrobe. Made with premium, breathable fabric and finished with meticulous tailoring, this Women Micro Modal Cotton Printed Shorts Cashmere Rose blends contemporary design with timeless ethnic sensibility — ideal for festive occasions, everyday wear, gifting and special celebrations.

Key Highlights:
• Premium soft-touch fabric with a comfortable hand feel
• Tailored fit designed for all-day comfort and easy movement
• Durable double-stitched seams and color-fast dyes for long-lasting wear
• Easy care — machine washable, low maintenance
• Versatile styling — pair with traditional or contemporary essentials

Why shop the Women Micro Modal Cotton Printed Shorts Cashmere Rose at BUTTERBYTE STORE? Enjoy authentic quality, pan-India shipping, secure checkout, easy 7-day returns and dedicated customer support. Elevate your ethnic and everyday wardrobe with BUTTERBYTE STORE — premium fashion for the modern Indian.",1400.00,1400.00,0,100,In Stock,f,f,f,4.0,28,2026-05-31 02:43:08.7219+00
a56fbd1b-8eb7-468c-8732-33110c7cff77,pink-plie-pleated-skort,Pink Plie Pleated Skort,BUTTERBYTE STORE,BB-PS-028,2d3c79cf-b249-439b-9d9e-8f1a0e164d4a,"Discover the Pink Plie Pleated Skort from BUTTERBYTE STORE — a thoughtfully designed pyjamas & shorts crafted for the modern Indian wardrobe. Made with premium, breathable fabric and finished with meticulous tailoring, this Pink Plie Pleated Skort blends contemporary design with timeless ethnic sensibility — ideal for festive occasions, everyday wear, gifting and special celebrations.

Key Highlights:
• Premium soft-touch fabric with a comfortable hand feel
• Tailored fit designed for all-day comfort and easy movement
• Durable double-stitched seams and color-fast dyes for long-lasting wear
• Easy care — machine washable, low maintenance
• Versatile styling — pair with traditional or contemporary essentials

Why shop the Pink Plie Pleated Skort at BUTTERBYTE STORE? Enjoy authentic quality, pan-India shipping, secure checkout, easy 7-day returns and dedicated customer support. Elevate your ethnic and everyday wardrobe with BUTTERBYTE STORE — premium fashion for the modern Indian.",1400.00,1400.00,0,100,In Stock,f,f,f,3.0,21,2026-05-31 02:43:08.7219+00
b4d2b1f1-3c99-45fe-964a-7c89ed7508be,workout-booty-shorts-with-pockets-in-second-skn-fabric,Workout Booty Shorts With Pockets In Second Skn Fabric,BUTTERBYTE STORE,BB-PS-029,2d3c79cf-b249-439b-9d9e-8f1a0e164d4a,"Discover the Workout Booty Shorts With Pockets In Second Skn Fabric from BUTTERBYTE STORE — a thoughtfully designed pyjamas & shorts crafted for the modern Indian wardrobe. Made with premium, breathable fabric and finished with meticulous tailoring, this Workout Booty Shorts With Pockets In Second Skn Fabric blends contemporary design with timeless ethnic sensibility — ideal for festive occasions, everyday wear, gifting and special celebrations.

Key Highlights:
• Premium soft-touch fabric with a comfortable hand feel
• Tailored fit designed for all-day comfort and easy movement
• Durable double-stitched seams and color-fast dyes for long-lasting wear
• Easy care — machine washable, low maintenance
• Versatile styling — pair with traditional or contemporary essentials

Why shop the Workout Booty Shorts With Pockets In Second Skn Fabric at BUTTERBYTE STORE? Enjoy authentic quality, pan-India shipping, secure checkout, easy 7-day returns and dedicated customer support. Elevate your ethnic and everyday wardrobe with BUTTERBYTE STORE — premium fashion for the modern Indian.",3000.00,3000.00,0,100,In Stock,f,f,f,3.0,21,2026-05-31 02:43:08.7219+00
ca0b79ff-16c9-458f-82a7-d8f3c2e227c4,women-black-sports-cycling-shorts-with-softmove,Women Black Sports Cycling Shorts With Softmove,BUTTERBYTE STORE,BB-PS-030,2d3c79cf-b249-439b-9d9e-8f1a0e164d4a,"Discover the Women Black Sports Cycling Shorts With Softmove from BUTTERBYTE STORE — a thoughtfully designed pyjamas & shorts crafted for the modern Indian wardrobe. Made with premium, breathable fabric and finished with meticulous tailoring, this Women Black Sports Cycling Shorts With Softmove blends contemporary design with timeless ethnic sensibility — ideal for festive occasions, everyday wear, gifting and special celebrations.

Key Highlights:
• Premium soft-touch fabric with a comfortable hand feel
• Tailored fit designed for all-day comfort and easy movement
• Durable double-stitched seams and color-fast dyes for long-lasting wear
• Easy care — machine washable, low maintenance
• Versatile styling — pair with traditional or contemporary essentials

Why shop the Women Black Sports Cycling Shorts With Softmove at BUTTERBYTE STORE? Enjoy authentic quality, pan-India shipping, secure checkout, easy 7-day returns and dedicated customer support. Elevate your ethnic and everyday wardrobe with BUTTERBYTE STORE — premium fashion for the modern Indian.",300.00,300.00,0,100,In Stock,f,f,f,3.0,21,2026-05-31 02:43:08.7219+00
01d9ba6a-b7db-4abe-b1a8-5878e3f3802c,women-ultra-light-2-in-1-running-shorts,Women Ultra Light 2 In 1 Running Shorts,BUTTERBYTE STORE,BB-PS-031,2d3c79cf-b249-439b-9d9e-8f1a0e164d4a,"Discover the Women Ultra Light 2 In 1 Running Shorts from BUTTERBYTE STORE — a thoughtfully designed pyjamas & shorts crafted for the modern Indian wardrobe. Made with premium, breathable fabric and finished with meticulous tailoring, this Women Ultra Light 2 In 1 Running Shorts blends contemporary design with timeless ethnic sensibility — ideal for festive occasions, everyday wear, gifting and special celebrations.

Key Highlights:
• Premium soft-touch fabric with a comfortable hand feel
• Tailored fit designed for all-day comfort and easy movement
• Durable double-stitched seams and color-fast dyes for long-lasting wear
• Easy care — machine washable, low maintenance
• Versatile styling — pair with traditional or contemporary essentials

Why shop the Women Ultra Light 2 In 1 Running Shorts at BUTTERBYTE STORE? Enjoy authentic quality, pan-India shipping, secure checkout, easy 7-day returns and dedicated customer support. Elevate your ethnic and everyday wardrobe with BUTTERBYTE STORE — premium fashion for the modern Indian.",1200.00,1200.00,0,100,In Stock,f,f,t,5.0,35,2026-05-31 02:43:08.7219+00
f01c8b23-cef6-45bb-bc16-3259228c5890,charcoal-melange-shorts,Charcoal Melange Shorts,BUTTERBYTE STORE,BB-PS-032,2d3c79cf-b249-439b-9d9e-8f1a0e164d4a,"Discover the Charcoal Melange Shorts from BUTTERBYTE STORE — a thoughtfully designed pyjamas & shorts crafted for the modern Indian wardrobe. Made with premium, breathable fabric and finished with meticulous tailoring, this Charcoal Melange Shorts blends contemporary design with timeless ethnic sensibility — ideal for festive occasions, everyday wear, gifting and special celebrations.

Key Highlights:
• Premium soft-touch fabric with a comfortable hand feel
• Tailored fit designed for all-day comfort and easy movement
• Durable double-stitched seams and color-fast dyes for long-lasting wear
• Easy care — machine washable, low maintenance
• Versatile styling — pair with traditional or contemporary essentials

Why shop the Charcoal Melange Shorts at BUTTERBYTE STORE? Enjoy authentic quality, pan-India shipping, secure checkout, easy 7-day returns and dedicated customer support. Elevate your ethnic and everyday wardrobe with BUTTERBYTE STORE — premium fashion for the modern Indian.",1900.00,1900.00,0,100,In Stock,f,f,f,3.0,21,2026-05-31 02:43:08.7219+00
4acf8c45-4735-48aa-89bb-32cd908ad6d9,womens-essentials-e032-mid-waist-stretch-cotton-cyclic-shorts-2,Womens Essentials E032 Mid Waist Stretch Cotton Cyclic Shorts,BUTTERBYTE STORE,BB-PS-033,2d3c79cf-b249-439b-9d9e-8f1a0e164d4a,"Discover the Womens Essentials E032 Mid Waist Stretch Cotton Cyclic Shorts from BUTTERBYTE STORE — a thoughtfully designed pyjamas & shorts crafted for the modern Indian wardrobe. Made with premium, breathable fabric and finished with meticulous tailoring, this Womens Essentials E032 Mid Waist Stretch Cotton Cyclic Shorts blends contemporary design with timeless ethnic sensibility — ideal for festive occasions, everyday wear, gifting and special celebrations.

Key Highlights:
• Premium soft-touch fabric with a comfortable hand feel
• Tailored fit designed for all-day comfort and easy movement
• Durable double-stitched seams and color-fast dyes for long-lasting wear
• Easy care — machine washable, low maintenance
• Versatile styling — pair with traditional or contemporary essentials

Why shop the Womens Essentials E032 Mid Waist Stretch Cotton Cyclic Shorts at BUTTERBYTE STORE? Enjoy authentic quality, pan-India shipping, secure checkout, easy 7-day returns and dedicated customer support. Elevate your ethnic and everyday wardrobe with BUTTERBYTE STORE — premium fashion for the modern Indian.",2300.00,2300.00,0,100,In Stock,f,f,t,5.0,35,2026-05-31 02:43:08.7219+00
4a180789-c8ba-4f3c-b594-93bb4e93c123,ankle-length-fly-with-button-closure-clean-wash-jeans-2,Ankle Length Fly With Button Closure Clean Wash Jeans,BUTTERBYTE STORE,,49a84477-b046-4539-893c-87b4a248f4ce,"Discover the Ankle Length Fly With Button Closure Clean Wash Jeans from BUTTERBYTE STORE — a thoughtfully designed jeans crafted for the modern Indian wardrobe. Made with premium, breathable fabric and finished with meticulous tailoring, this Ankle Length Fly With Button Closure Clean Wash Jeans blends contemporary design with timeless ethnic sensibility — ideal for festive occasions, everyday wear, gifting and special celebrations.

Key Highlights:
• Premium soft-touch fabric with a comfortable hand feel
• Tailored fit designed for all-day comfort and easy movement
• Durable double-stitched seams and color-fast dyes for long-lasting wear
• Easy care — machine washable, low maintenance
• Versatile styling — pair with traditional or contemporary essentials

Why shop the Ankle Length Fly With Button Closure Clean Wash Jeans at BUTTERBYTE STORE? Enjoy authentic quality, pan-India shipping, secure checkout, easy 7-day returns and dedicated customer support. Elevate your ethnic and everyday wardrobe with BUTTERBYTE STORE — premium fashion for the modern Indian.",1330.00,949.00,29,53,In Stock,f,f,f,5.0,37,2026-05-31 01:07:55.888857+00
22a9029e-9904-4358-9f0c-209edbeb45ee,full-length-fly-with-button-closure-light-wash-jeans-2,Full Length Fly With Button Closure Light Wash Jeans,BUTTERBYTE STORE,,49a84477-b046-4539-893c-87b4a248f4ce,"Discover the Full Length Fly With Button Closure Light Wash Jeans from BUTTERBYTE STORE — a thoughtfully designed jeans crafted for the modern Indian wardrobe. Made with premium, breathable fabric and finished with meticulous tailoring, this Full Length Fly With Button Closure Light Wash Jeans blends contemporary design with timeless ethnic sensibility — ideal for festive occasions, everyday wear, gifting and special celebrations.

Key Highlights:
• Premium soft-touch fabric with a comfortable hand feel
• Tailored fit designed for all-day comfort and easy movement
• Durable double-stitched seams and color-fast dyes for long-lasting wear
• Easy care — machine washable, low maintenance
• Versatile styling — pair with traditional or contemporary essentials

Why shop the Full Length Fly With Button Closure Light Wash Jeans at BUTTERBYTE STORE? Enjoy authentic quality, pan-India shipping, secure checkout, easy 7-day returns and dedicated customer support. Elevate your ethnic and everyday wardrobe with BUTTERBYTE STORE — premium fashion for the modern Indian.",1120.00,800.00,29,59,In Stock,t,t,t,3.5,56,2026-05-31 01:07:55.922756+00
0f75a1be-f8eb-4788-bdaa-a4d46e2f4a3c,blue-men-lightly-washed-slim-fit-jeans,Blue Men Lightly Washed Slim Fit Jeans,BUTTERBYTE STORE,,49a84477-b046-4539-893c-87b4a248f4ce,"Discover the Blue Men Lightly Washed Slim Fit Jeans from BUTTERBYTE STORE — a thoughtfully designed jeans crafted for the modern Indian wardrobe. Made with premium, breathable fabric and finished with meticulous tailoring, this Blue Men Lightly Washed Slim Fit Jeans blends contemporary design with timeless ethnic sensibility — ideal for festive occasions, everyday wear, gifting and special celebrations.

Key Highlights:
• Premium soft-touch fabric with a comfortable hand feel
• Tailored fit designed for all-day comfort and easy movement
• Durable double-stitched seams and color-fast dyes for long-lasting wear
• Easy care — machine washable, low maintenance
• Versatile styling — pair with traditional or contemporary essentials

Why shop the Blue Men Lightly Washed Slim Fit Jeans at BUTTERBYTE STORE? Enjoy authentic quality, pan-India shipping, secure checkout, easy 7-day returns and dedicated customer support. Elevate your ethnic and everyday wardrobe with BUTTERBYTE STORE — premium fashion for the modern Indian.",1050.00,750.00,29,47,In Stock,f,f,t,5.0,149,2026-05-31 01:07:55.956901+00
6b5cd934-e1ac-417b-bd53-bd2c1e838fd1,black-men-mid-rise-flexi-waist-jeans,Black Men Mid Rise Flexi Waist Jeans,BUTTERBYTE STORE,,49a84477-b046-4539-893c-87b4a248f4ce,"Discover the Black Men Mid Rise Flexi Waist Jeans from BUTTERBYTE STORE — a thoughtfully designed jeans crafted for the modern Indian wardrobe. Made with premium, breathable fabric and finished with meticulous tailoring, this Black Men Mid Rise Flexi Waist Jeans blends contemporary design with timeless ethnic sensibility — ideal for festive occasions, everyday wear, gifting and special celebrations.

Key Highlights:
• Premium soft-touch fabric with a comfortable hand feel
• Tailored fit designed for all-day comfort and easy movement
• Durable double-stitched seams and color-fast dyes for long-lasting wear
• Easy care — machine washable, low maintenance
• Versatile styling — pair with traditional or contemporary essentials

Why shop the Black Men Mid Rise Flexi Waist Jeans at BUTTERBYTE STORE? Enjoy authentic quality, pan-India shipping, secure checkout, easy 7-day returns and dedicated customer support. Elevate your ethnic and everyday wardrobe with BUTTERBYTE STORE — premium fashion for the modern Indian.",1190.00,848.00,29,15,In Stock,t,f,f,4.0,55,2026-05-31 01:07:55.990866+00
8fb20826-51e8-4c29-8dc1-6922a3fb1223,blue-men-mid-rise-bootcut-jeans,Blue Men Mid Rise Bootcut Jeans,BUTTERBYTE STORE,,49a84477-b046-4539-893c-87b4a248f4ce,"Discover the Blue Men Mid Rise Bootcut Jeans from BUTTERBYTE STORE — a thoughtfully designed jeans crafted for the modern Indian wardrobe. Made with premium, breathable fabric and finished with meticulous tailoring, this Blue Men Mid Rise Bootcut Jeans blends contemporary design with timeless ethnic sensibility — ideal for festive occasions, everyday wear, gifting and special celebrations.

Key Highlights:
• Premium soft-touch fabric with a comfortable hand feel
• Tailored fit designed for all-day comfort and easy movement
• Durable double-stitched seams and color-fast dyes for long-lasting wear
• Easy care — machine washable, low maintenance
• Versatile styling — pair with traditional or contemporary essentials

Why shop the Blue Men Mid Rise Bootcut Jeans at BUTTERBYTE STORE? Enjoy authentic quality, pan-India shipping, secure checkout, easy 7-day returns and dedicated customer support. Elevate your ethnic and everyday wardrobe with BUTTERBYTE STORE — premium fashion for the modern Indian.",3640.00,2600.00,29,14,In Stock,f,t,f,3.5,180,2026-05-31 01:07:56.024688+00
1b8d1a3e-a4d2-4c0a-aa1d-f16c8033dce7,pintuck-drawstring-waistband-wide-leg-jogger,Pintuck Drawstring Waistband Wide Leg Jogger,BUTTERBYTE STORE,BB-PS-034,2d3c79cf-b249-439b-9d9e-8f1a0e164d4a,"Discover the Pintuck Drawstring Waistband Wide Leg Jogger from BUTTERBYTE STORE — a thoughtfully designed pyjamas & shorts crafted for the modern Indian wardrobe. Made with premium, breathable fabric and finished with meticulous tailoring, this Pintuck Drawstring Waistband Wide Leg Jogger blends contemporary design with timeless ethnic sensibility — ideal for festive occasions, everyday wear, gifting and special celebrations.

Key Highlights:
• Premium soft-touch fabric with a comfortable hand feel
• Tailored fit designed for all-day comfort and easy movement
• Durable double-stitched seams and color-fast dyes for long-lasting wear
• Easy care — machine washable, low maintenance
• Versatile styling — pair with traditional or contemporary essentials

Why shop the Pintuck Drawstring Waistband Wide Leg Jogger at BUTTERBYTE STORE? Enjoy authentic quality, pan-India shipping, secure checkout, easy 7-day returns and dedicated customer support. Elevate your ethnic and everyday wardrobe with BUTTERBYTE STORE — premium fashion for the modern Indian.",1600.00,1600.00,0,100,In Stock,f,f,t,5.0,35,2026-05-31 02:43:08.7219+00
28833cd4-6b34-46f5-94f3-59a89d670ea4,grey-men-mid-rise-fixed-waist-track-pants,Grey Men Mid Rise Fixed Waist Track Pants,BUTTERBYTE STORE,,32a60774-521d-467a-9757-208ffc4b9c1a,"Discover the Grey Men Mid Rise Fixed Waist Track Pants from BUTTERBYTE STORE — a thoughtfully designed joggers & track pants crafted for the modern Indian wardrobe. Made with premium, breathable fabric and finished with meticulous tailoring, this Grey Men Mid Rise Fixed Waist Track Pants blends contemporary design with timeless ethnic sensibility — ideal for festive occasions, everyday wear, gifting and special celebrations.

Key Highlights:
• Premium soft-touch fabric with a comfortable hand feel
• Tailored fit designed for all-day comfort and easy movement
• Durable double-stitched seams and color-fast dyes for long-lasting wear
• Easy care — machine washable, low maintenance
• Versatile styling — pair with traditional or contemporary essentials

Why shop the Grey Men Mid Rise Fixed Waist Track Pants at BUTTERBYTE STORE? Enjoy authentic quality, pan-India shipping, secure checkout, easy 7-day returns and dedicated customer support. Elevate your ethnic and everyday wardrobe with BUTTERBYTE STORE — premium fashion for the modern Indian.",350.00,250.00,29,56,In Stock,t,f,f,5.0,27,2026-05-31 01:07:56.058737+00
c92c86dc-b3ca-4c71-93c8-85f65b22cf0a,women-high-rise-stretchable-black-colour-flared-fit-bell-bottom-pants,Women High Rise Stretchable Black Colour Flared Fit Bell Bottom Pants,BUTTERBYTE STORE,BB-PS-035,2d3c79cf-b249-439b-9d9e-8f1a0e164d4a,"Discover the Women High Rise Stretchable Black Colour Flared Fit Bell Bottom Pants from BUTTERBYTE STORE — a thoughtfully designed pyjamas & shorts crafted for the modern Indian wardrobe. Made with premium, breathable fabric and finished with meticulous tailoring, this Women High Rise Stretchable Black Colour Flared Fit Bell Bottom Pants blends contemporary design with timeless ethnic sensibility — ideal for festive occasions, everyday wear, gifting and special celebrations.

Key Highlights:
• Premium soft-touch fabric with a comfortable hand feel
• Tailored fit designed for all-day comfort and easy movement
• Durable double-stitched seams and color-fast dyes for long-lasting wear
• Easy care — machine washable, low maintenance
• Versatile styling — pair with traditional or contemporary essentials

Why shop the Women High Rise Stretchable Black Colour Flared Fit Bell Bottom Pants at BUTTERBYTE STORE? Enjoy authentic quality, pan-India shipping, secure checkout, easy 7-day returns and dedicated customer support. Elevate your ethnic and everyday wardrobe with BUTTERBYTE STORE — premium fashion for the modern Indian.",2400.00,2400.00,0,100,In Stock,f,f,f,3.0,21,2026-05-31 02:43:08.7219+00
8cb7e9a2-d9c0-4957-990f-761addfbb882,womens-black-cotton-straight-fit-everyday-trouser,Womens Black Cotton Straight Fit Everyday Trouser,BUTTERBYTE STORE,BB-PS-036,2d3c79cf-b249-439b-9d9e-8f1a0e164d4a,"Discover the Womens Black Cotton Straight Fit Everyday Trouser from BUTTERBYTE STORE — a thoughtfully designed pyjamas & shorts crafted for the modern Indian wardrobe. Made with premium, breathable fabric and finished with meticulous tailoring, this Womens Black Cotton Straight Fit Everyday Trouser blends contemporary design with timeless ethnic sensibility — ideal for festive occasions, everyday wear, gifting and special celebrations.

Key Highlights:
• Premium soft-touch fabric with a comfortable hand feel
• Tailored fit designed for all-day comfort and easy movement
• Durable double-stitched seams and color-fast dyes for long-lasting wear
• Easy care — machine washable, low maintenance
• Versatile styling — pair with traditional or contemporary essentials

Why shop the Womens Black Cotton Straight Fit Everyday Trouser at BUTTERBYTE STORE? Enjoy authentic quality, pan-India shipping, secure checkout, easy 7-day returns and dedicated customer support. Elevate your ethnic and everyday wardrobe with BUTTERBYTE STORE — premium fashion for the modern Indian.",1100.00,1100.00,0,100,In Stock,f,f,f,3.0,21,2026-05-31 02:43:08.7219+00
83388872-1569-49db-b7bd-bdc18728dab3,black-men-mid-rise-fixed-waist-track-pants,Black Men Mid Rise Fixed Waist Track Pants,BUTTERBYTE STORE,,32a60774-521d-467a-9757-208ffc4b9c1a,"Discover the Black Men Mid Rise Fixed Waist Track Pants from BUTTERBYTE STORE — a thoughtfully designed joggers & track pants crafted for the modern Indian wardrobe. Made with premium, breathable fabric and finished with meticulous tailoring, this Black Men Mid Rise Fixed Waist Track Pants blends contemporary design with timeless ethnic sensibility — ideal for festive occasions, everyday wear, gifting and special celebrations.

Key Highlights:
• Premium soft-touch fabric with a comfortable hand feel
• Tailored fit designed for all-day comfort and easy movement
• Durable double-stitched seams and color-fast dyes for long-lasting wear
• Easy care — machine washable, low maintenance
• Versatile styling — pair with traditional or contemporary essentials

Why shop the Black Men Mid Rise Fixed Waist Track Pants at BUTTERBYTE STORE? Enjoy authentic quality, pan-India shipping, secure checkout, easy 7-day returns and dedicated customer support. Elevate your ethnic and everyday wardrobe with BUTTERBYTE STORE — premium fashion for the modern Indian.",420.00,300.00,29,35,In Stock,t,f,f,4.0,98,2026-05-31 01:07:56.092499+00
afd258d3-7c73-4826-8e38-155b6104f771,grey-cotton-french-terry-slim-fit-joggers-with-hem-slit,Grey Cotton French Terry Slim Fit Joggers With Hem Slit,BUTTERBYTE STORE,BB-PS-037,2d3c79cf-b249-439b-9d9e-8f1a0e164d4a,"Discover the Grey Cotton French Terry Slim Fit Joggers With Hem Slit from BUTTERBYTE STORE — a thoughtfully designed pyjamas & shorts crafted for the modern Indian wardrobe. Made with premium, breathable fabric and finished with meticulous tailoring, this Grey Cotton French Terry Slim Fit Joggers With Hem Slit blends contemporary design with timeless ethnic sensibility — ideal for festive occasions, everyday wear, gifting and special celebrations.

Key Highlights:
• Premium soft-touch fabric with a comfortable hand feel
• Tailored fit designed for all-day comfort and easy movement
• Durable double-stitched seams and color-fast dyes for long-lasting wear
• Easy care — machine washable, low maintenance
• Versatile styling — pair with traditional or contemporary essentials

Why shop the Grey Cotton French Terry Slim Fit Joggers With Hem Slit at BUTTERBYTE STORE? Enjoy authentic quality, pan-India shipping, secure checkout, easy 7-day returns and dedicated customer support. Elevate your ethnic and everyday wardrobe with BUTTERBYTE STORE — premium fashion for the modern Indian.",2600.00,2600.00,0,100,In Stock,f,f,f,3.0,21,2026-05-31 02:43:08.7219+00
1296f1a7-0740-4605-bb0d-f5de4b8ce125,women-black-polyester-solid-tights,Women Black Polyester Solid Tights,BUTTERBYTE STORE,BB-PS-038,2d3c79cf-b249-439b-9d9e-8f1a0e164d4a,"Discover the Women Black Polyester Solid Tights from BUTTERBYTE STORE — a thoughtfully designed pyjamas & shorts crafted for the modern Indian wardrobe. Made with premium, breathable fabric and finished with meticulous tailoring, this Women Black Polyester Solid Tights blends contemporary design with timeless ethnic sensibility — ideal for festive occasions, everyday wear, gifting and special celebrations.

Key Highlights:
• Premium soft-touch fabric with a comfortable hand feel
• Tailored fit designed for all-day comfort and easy movement
• Durable double-stitched seams and color-fast dyes for long-lasting wear
• Easy care — machine washable, low maintenance
• Versatile styling — pair with traditional or contemporary essentials

Why shop the Women Black Polyester Solid Tights at BUTTERBYTE STORE? Enjoy authentic quality, pan-India shipping, secure checkout, easy 7-day returns and dedicated customer support. Elevate your ethnic and everyday wardrobe with BUTTERBYTE STORE — premium fashion for the modern Indian.",1300.00,1300.00,0,100,In Stock,f,f,f,4.0,28,2026-05-31 02:43:08.7219+00
7d0fe76f-fbc2-4ca9-8275-1e15e3c62f9f,women-grey-sweatpants,Women Grey Sweatpants,BUTTERBYTE STORE,BB-PS-039,2d3c79cf-b249-439b-9d9e-8f1a0e164d4a,"Discover the Women Grey Sweatpants from BUTTERBYTE STORE — a thoughtfully designed pyjamas & shorts crafted for the modern Indian wardrobe. Made with premium, breathable fabric and finished with meticulous tailoring, this Women Grey Sweatpants blends contemporary design with timeless ethnic sensibility — ideal for festive occasions, everyday wear, gifting and special celebrations.

Key Highlights:
• Premium soft-touch fabric with a comfortable hand feel
• Tailored fit designed for all-day comfort and easy movement
• Durable double-stitched seams and color-fast dyes for long-lasting wear
• Easy care — machine washable, low maintenance
• Versatile styling — pair with traditional or contemporary essentials

Why shop the Women Grey Sweatpants at BUTTERBYTE STORE? Enjoy authentic quality, pan-India shipping, secure checkout, easy 7-day returns and dedicated customer support. Elevate your ethnic and everyday wardrobe with BUTTERBYTE STORE — premium fashion for the modern Indian.",2000.00,2000.00,0,100,In Stock,f,f,f,3.0,21,2026-05-31 02:43:08.7219+00
d61ae7da-62c9-4594-bcca-e96435802e0c,cotton-low-rise-split-skort,Cotton Low Rise Split Skort,BUTTERBYTE STORE,BB-PS-040,2d3c79cf-b249-439b-9d9e-8f1a0e164d4a,"Discover the Cotton Low Rise Split Skort from BUTTERBYTE STORE — a thoughtfully designed pyjamas & shorts crafted for the modern Indian wardrobe. Made with premium, breathable fabric and finished with meticulous tailoring, this Cotton Low Rise Split Skort blends contemporary design with timeless ethnic sensibility — ideal for festive occasions, everyday wear, gifting and special celebrations.

Key Highlights:
• Premium soft-touch fabric with a comfortable hand feel
• Tailored fit designed for all-day comfort and easy movement
• Durable double-stitched seams and color-fast dyes for long-lasting wear
• Easy care — machine washable, low maintenance
• Versatile styling — pair with traditional or contemporary essentials

Why shop the Cotton Low Rise Split Skort at BUTTERBYTE STORE? Enjoy authentic quality, pan-India shipping, secure checkout, easy 7-day returns and dedicated customer support. Elevate your ethnic and everyday wardrobe with BUTTERBYTE STORE — premium fashion for the modern Indian.",1900.00,1900.00,0,100,In Stock,f,f,f,3.0,21,2026-05-31 02:43:08.7219+00
4c76a699-3b7a-4efa-a256-8fbc09784e2a,ankle-length-elasticated-waist-cargo-style-joggers,Ankle Length Elasticated Waist Cargo Style Joggers,BUTTERBYTE STORE,,32a60774-521d-467a-9757-208ffc4b9c1a,"Discover the Ankle Length Elasticated Waist Cargo Style Joggers from BUTTERBYTE STORE — a thoughtfully designed joggers & track pants crafted for the modern Indian wardrobe. Made with premium, breathable fabric and finished with meticulous tailoring, this Ankle Length Elasticated Waist Cargo Style Joggers blends contemporary design with timeless ethnic sensibility — ideal for festive occasions, everyday wear, gifting and special celebrations.

Key Highlights:
• Premium soft-touch fabric with a comfortable hand feel
• Tailored fit designed for all-day comfort and easy movement
• Durable double-stitched seams and color-fast dyes for long-lasting wear
• Easy care — machine washable, low maintenance
• Versatile styling — pair with traditional or contemporary essentials

Why shop the Ankle Length Elasticated Waist Cargo Style Joggers at BUTTERBYTE STORE? Enjoy authentic quality, pan-India shipping, secure checkout, easy 7-day returns and dedicated customer support. Elevate your ethnic and everyday wardrobe with BUTTERBYTE STORE — premium fashion for the modern Indian.",1330.00,950.00,29,20,In Stock,t,f,f,4.0,18,2026-05-31 01:07:56.126442+00
fe87e90c-c9f2-430d-a68e-faca63cb6cba,ankle-length-elasticated-drawstring-waist-joggers-2,Ankle Length Elasticated Drawstring Waist Joggers,BUTTERBYTE STORE,,32a60774-521d-467a-9757-208ffc4b9c1a,"Discover the Ankle Length Elasticated Drawstring Waist Joggers from BUTTERBYTE STORE — a thoughtfully designed joggers & track pants crafted for the modern Indian wardrobe. Made with premium, breathable fabric and finished with meticulous tailoring, this Ankle Length Elasticated Drawstring Waist Joggers blends contemporary design with timeless ethnic sensibility — ideal for festive occasions, everyday wear, gifting and special celebrations.

Key Highlights:
• Premium soft-touch fabric with a comfortable hand feel
• Tailored fit designed for all-day comfort and easy movement
• Durable double-stitched seams and color-fast dyes for long-lasting wear
• Easy care — machine washable, low maintenance
• Versatile styling — pair with traditional or contemporary essentials

Why shop the Ankle Length Elasticated Drawstring Waist Joggers at BUTTERBYTE STORE? Enjoy authentic quality, pan-India shipping, secure checkout, easy 7-day returns and dedicated customer support. Elevate your ethnic and everyday wardrobe with BUTTERBYTE STORE — premium fashion for the modern Indian.",1400.00,1000.00,29,20,In Stock,f,t,f,3.5,111,2026-05-31 01:07:56.160235+00
ce77d799-011f-4df0-8555-39e631aa369d,black-men-straight-track-pants-with-contrast-piping,Black Men Straight Track Pants With Contrast Piping,BUTTERBYTE STORE,,32a60774-521d-467a-9757-208ffc4b9c1a,"Discover the Black Men Straight Track Pants With Contrast Piping from BUTTERBYTE STORE — a thoughtfully designed joggers & track pants crafted for the modern Indian wardrobe. Made with premium, breathable fabric and finished with meticulous tailoring, this Black Men Straight Track Pants With Contrast Piping blends contemporary design with timeless ethnic sensibility — ideal for festive occasions, everyday wear, gifting and special celebrations.

Key Highlights:
• Premium soft-touch fabric with a comfortable hand feel
• Tailored fit designed for all-day comfort and easy movement
• Durable double-stitched seams and color-fast dyes for long-lasting wear
• Easy care — machine washable, low maintenance
• Versatile styling — pair with traditional or contemporary essentials

Why shop the Black Men Straight Track Pants With Contrast Piping at BUTTERBYTE STORE? Enjoy authentic quality, pan-India shipping, secure checkout, easy 7-day returns and dedicated customer support. Elevate your ethnic and everyday wardrobe with BUTTERBYTE STORE — premium fashion for the modern Indian.",700.00,500.00,29,13,In Stock,f,f,f,4.0,90,2026-05-31 01:07:56.194128+00
07eae7ad-c2ad-4fdb-9221-12922030ed27,ankle-length-elasticated-waist-cargo-style-joggers-2,Ankle Length Elasticated Waist Cargo Style Joggers,BUTTERBYTE STORE,,32a60774-521d-467a-9757-208ffc4b9c1a,"Discover the Ankle Length Elasticated Waist Cargo Style Joggers from BUTTERBYTE STORE — a thoughtfully designed joggers & track pants crafted for the modern Indian wardrobe. Made with premium, breathable fabric and finished with meticulous tailoring, this Ankle Length Elasticated Waist Cargo Style Joggers blends contemporary design with timeless ethnic sensibility — ideal for festive occasions, everyday wear, gifting and special celebrations.

Key Highlights:
• Premium soft-touch fabric with a comfortable hand feel
• Tailored fit designed for all-day comfort and easy movement
• Durable double-stitched seams and color-fast dyes for long-lasting wear
• Easy care — machine washable, low maintenance
• Versatile styling — pair with traditional or contemporary essentials

Why shop the Ankle Length Elasticated Waist Cargo Style Joggers at BUTTERBYTE STORE? Enjoy authentic quality, pan-India shipping, secure checkout, easy 7-day returns and dedicated customer support. Elevate your ethnic and everyday wardrobe with BUTTERBYTE STORE — premium fashion for the modern Indian.",1330.00,950.00,29,33,In Stock,f,f,f,5.0,169,2026-05-31 01:07:56.228218+00
cedbfb91-0475-49f2-b739-a5fc322e25ab,full-length-contrast-piping-knee-pleated-track-pant,Full Length Contrast Piping Knee Pleated Track Pant,BUTTERBYTE STORE,,32a60774-521d-467a-9757-208ffc4b9c1a,"Discover the Full Length Contrast Piping Knee Pleated Track Pant from BUTTERBYTE STORE — a thoughtfully designed joggers & track pants crafted for the modern Indian wardrobe. Made with premium, breathable fabric and finished with meticulous tailoring, this Full Length Contrast Piping Knee Pleated Track Pant blends contemporary design with timeless ethnic sensibility — ideal for festive occasions, everyday wear, gifting and special celebrations.

Key Highlights:
• Premium soft-touch fabric with a comfortable hand feel
• Tailored fit designed for all-day comfort and easy movement
• Durable double-stitched seams and color-fast dyes for long-lasting wear
• Easy care — machine washable, low maintenance
• Versatile styling — pair with traditional or contemporary essentials

Why shop the Full Length Contrast Piping Knee Pleated Track Pant at BUTTERBYTE STORE? Enjoy authentic quality, pan-India shipping, secure checkout, easy 7-day returns and dedicated customer support. Elevate your ethnic and everyday wardrobe with BUTTERBYTE STORE — premium fashion for the modern Indian.",1050.00,750.00,29,59,In Stock,f,f,t,3.5,95,2026-05-31 01:07:56.262487+00
d8834f03-470e-4c2b-b9d7-759143649de7,grey-men-slim-fit-sports-track-pants,Grey Men Slim Fit Sports Track Pants,BUTTERBYTE STORE,,32a60774-521d-467a-9757-208ffc4b9c1a,"Discover the Grey Men Slim Fit Sports Track Pants from BUTTERBYTE STORE — a thoughtfully designed joggers & track pants crafted for the modern Indian wardrobe. Made with premium, breathable fabric and finished with meticulous tailoring, this Grey Men Slim Fit Sports Track Pants blends contemporary design with timeless ethnic sensibility — ideal for festive occasions, everyday wear, gifting and special celebrations.

Key Highlights:
• Premium soft-touch fabric with a comfortable hand feel
• Tailored fit designed for all-day comfort and easy movement
• Durable double-stitched seams and color-fast dyes for long-lasting wear
• Easy care — machine washable, low maintenance
• Versatile styling — pair with traditional or contemporary essentials

Why shop the Grey Men Slim Fit Sports Track Pants at BUTTERBYTE STORE? Enjoy authentic quality, pan-India shipping, secure checkout, easy 7-day returns and dedicated customer support. Elevate your ethnic and everyday wardrobe with BUTTERBYTE STORE — premium fashion for the modern Indian.",980.00,700.00,29,60,In Stock,f,t,f,5.0,48,2026-05-31 01:07:56.296522+00
9876c959-67e9-4c85-a443-5695fb00cb5b,white-men-straight-fit-track-pants-with-elasticated-drawstring-waist,White Men Straight Fit Track Pants With Elasticated Drawstring Waist,BUTTERBYTE STORE,,32a60774-521d-467a-9757-208ffc4b9c1a,"Discover the White Men Straight Fit Track Pants With Elasticated Drawstring Waist from BUTTERBYTE STORE — a thoughtfully designed joggers & track pants crafted for the modern Indian wardrobe. Made with premium, breathable fabric and finished with meticulous tailoring, this White Men Straight Fit Track Pants With Elasticated Drawstring Waist blends contemporary design with timeless ethnic sensibility — ideal for festive occasions, everyday wear, gifting and special celebrations.

Key Highlights:
• Premium soft-touch fabric with a comfortable hand feel
• Tailored fit designed for all-day comfort and easy movement
• Durable double-stitched seams and color-fast dyes for long-lasting wear
• Easy care — machine washable, low maintenance
• Versatile styling — pair with traditional or contemporary essentials

Why shop the White Men Straight Fit Track Pants With Elasticated Drawstring Waist at BUTTERBYTE STORE? Enjoy authentic quality, pan-India shipping, secure checkout, easy 7-day returns and dedicated customer support. Elevate your ethnic and everyday wardrobe with BUTTERBYTE STORE — premium fashion for the modern Indian.",350.00,250.00,29,52,In Stock,f,f,f,4.0,145,2026-05-31 01:07:56.330476+00
a7d5ec77-60bc-40a2-948a-abc39a9cbbc0,full-length-elasticated-drawstring-waist-track-pant,Full Length Elasticated Drawstring Waist Track Pant,BUTTERBYTE STORE,,32a60774-521d-467a-9757-208ffc4b9c1a,"Discover the Full Length Elasticated Drawstring Waist Track Pant from BUTTERBYTE STORE — a thoughtfully designed joggers & track pants crafted for the modern Indian wardrobe. Made with premium, breathable fabric and finished with meticulous tailoring, this Full Length Elasticated Drawstring Waist Track Pant blends contemporary design with timeless ethnic sensibility — ideal for festive occasions, everyday wear, gifting and special celebrations.

Key Highlights:
• Premium soft-touch fabric with a comfortable hand feel
• Tailored fit designed for all-day comfort and easy movement
• Durable double-stitched seams and color-fast dyes for long-lasting wear
• Easy care — machine washable, low maintenance
• Versatile styling — pair with traditional or contemporary essentials

Why shop the Full Length Elasticated Drawstring Waist Track Pant at BUTTERBYTE STORE? Enjoy authentic quality, pan-India shipping, secure checkout, easy 7-day returns and dedicated customer support. Elevate your ethnic and everyday wardrobe with BUTTERBYTE STORE — premium fashion for the modern Indian.",840.00,600.00,29,54,In Stock,t,f,f,5.0,60,2026-05-31 01:07:56.364515+00
9b3060e1-d478-4679-8f08-859c8070fd96,black-men-mid-rise-straight-track-pant,Black Men Mid Rise Straight Track Pant,BUTTERBYTE STORE,,32a60774-521d-467a-9757-208ffc4b9c1a,"Discover the Black Men Mid Rise Straight Track Pant from BUTTERBYTE STORE — a thoughtfully designed joggers & track pants crafted for the modern Indian wardrobe. Made with premium, breathable fabric and finished with meticulous tailoring, this Black Men Mid Rise Straight Track Pant blends contemporary design with timeless ethnic sensibility — ideal for festive occasions, everyday wear, gifting and special celebrations.

Key Highlights:
• Premium soft-touch fabric with a comfortable hand feel
• Tailored fit designed for all-day comfort and easy movement
• Durable double-stitched seams and color-fast dyes for long-lasting wear
• Easy care — machine washable, low maintenance
• Versatile styling — pair with traditional or contemporary essentials

Why shop the Black Men Mid Rise Straight Track Pant at BUTTERBYTE STORE? Enjoy authentic quality, pan-India shipping, secure checkout, easy 7-day returns and dedicated customer support. Elevate your ethnic and everyday wardrobe with BUTTERBYTE STORE — premium fashion for the modern Indian.",560.00,400.00,29,8,In Stock,f,f,f,5.0,33,2026-05-31 01:07:56.398571+00
b9adc7e0-705f-432e-99e8-645331614139,full-length-elasticated-drawstring-waist-joggers,Full Length Elasticated Drawstring Waist Joggers,BUTTERBYTE STORE,,32a60774-521d-467a-9757-208ffc4b9c1a,"Discover the Full Length Elasticated Drawstring Waist Joggers from BUTTERBYTE STORE — a thoughtfully designed joggers & track pants crafted for the modern Indian wardrobe. Made with premium, breathable fabric and finished with meticulous tailoring, this Full Length Elasticated Drawstring Waist Joggers blends contemporary design with timeless ethnic sensibility — ideal for festive occasions, everyday wear, gifting and special celebrations.

Key Highlights:
• Premium soft-touch fabric with a comfortable hand feel
• Tailored fit designed for all-day comfort and easy movement
• Durable double-stitched seams and color-fast dyes for long-lasting wear
• Easy care — machine washable, low maintenance
• Versatile styling — pair with traditional or contemporary essentials

Why shop the Full Length Elasticated Drawstring Waist Joggers at BUTTERBYTE STORE? Enjoy authentic quality, pan-India shipping, secure checkout, easy 7-day returns and dedicated customer support. Elevate your ethnic and everyday wardrobe with BUTTERBYTE STORE — premium fashion for the modern Indian.",910.00,650.00,29,22,In Stock,f,f,f,5.0,20,2026-05-31 01:07:56.432546+00
cb0052e6-69ef-4087-849e-bc7174019173,black-men-straight-trackpants-with-insert-pockets-2,Black Men Straight Trackpants With Insert Pockets,BUTTERBYTE STORE,,32a60774-521d-467a-9757-208ffc4b9c1a,"Discover the Black Men Straight Trackpants With Insert Pockets from BUTTERBYTE STORE — a thoughtfully designed joggers & track pants crafted for the modern Indian wardrobe. Made with premium, breathable fabric and finished with meticulous tailoring, this Black Men Straight Trackpants With Insert Pockets blends contemporary design with timeless ethnic sensibility — ideal for festive occasions, everyday wear, gifting and special celebrations.

Key Highlights:
• Premium soft-touch fabric with a comfortable hand feel
• Tailored fit designed for all-day comfort and easy movement
• Durable double-stitched seams and color-fast dyes for long-lasting wear
• Easy care — machine washable, low maintenance
• Versatile styling — pair with traditional or contemporary essentials

Why shop the Black Men Straight Trackpants With Insert Pockets at BUTTERBYTE STORE? Enjoy authentic quality, pan-India shipping, secure checkout, easy 7-day returns and dedicated customer support. Elevate your ethnic and everyday wardrobe with BUTTERBYTE STORE — premium fashion for the modern Indian.",280.00,200.00,29,50,In Stock,f,f,t,5.0,63,2026-05-31 01:07:56.466415+00
e8323c1f-5467-43e8-9849-c07acde97a0b,sport-ash-men-relaxed-fit-sports-joggers,sport Ash Men Relaxed Fit Sports Joggers,BUTTERBYTE STORE,,32a60774-521d-467a-9757-208ffc4b9c1a,"Discover the sport Ash Men Relaxed Fit Sports Joggers from BUTTERBYTE STORE — a thoughtfully designed joggers & track pants crafted for the modern Indian wardrobe. Made with premium, breathable fabric and finished with meticulous tailoring, this sport Ash Men Relaxed Fit Sports Joggers blends contemporary design with timeless ethnic sensibility — ideal for festive occasions, everyday wear, gifting and special celebrations.

Key Highlights:
• Premium soft-touch fabric with a comfortable hand feel
• Tailored fit designed for all-day comfort and easy movement
• Durable double-stitched seams and color-fast dyes for long-lasting wear
• Easy care — machine washable, low maintenance
• Versatile styling — pair with traditional or contemporary essentials

Why shop the sport Ash Men Relaxed Fit Sports Joggers at BUTTERBYTE STORE? Enjoy authentic quality, pan-India shipping, secure checkout, easy 7-day returns and dedicated customer support. Elevate your ethnic and everyday wardrobe with BUTTERBYTE STORE — premium fashion for the modern Indian.",980.00,700.00,29,39,In Stock,f,f,f,3.5,139,2026-05-31 01:07:56.50022+00
a98f96c9-f4a8-46a7-a943-a71c7c5039e5,full-length-elasticated-drawstring-waist-track-pant-2,Full Length Elasticated Drawstring Waist Track Pant,BUTTERBYTE STORE,,32a60774-521d-467a-9757-208ffc4b9c1a,"Discover the Full Length Elasticated Drawstring Waist Track Pant from BUTTERBYTE STORE — a thoughtfully designed joggers & track pants crafted for the modern Indian wardrobe. Made with premium, breathable fabric and finished with meticulous tailoring, this Full Length Elasticated Drawstring Waist Track Pant blends contemporary design with timeless ethnic sensibility — ideal for festive occasions, everyday wear, gifting and special celebrations.

Key Highlights:
• Premium soft-touch fabric with a comfortable hand feel
• Tailored fit designed for all-day comfort and easy movement
• Durable double-stitched seams and color-fast dyes for long-lasting wear
• Easy care — machine washable, low maintenance
• Versatile styling — pair with traditional or contemporary essentials

Why shop the Full Length Elasticated Drawstring Waist Track Pant at BUTTERBYTE STORE? Enjoy authentic quality, pan-India shipping, secure checkout, easy 7-day returns and dedicated customer support. Elevate your ethnic and everyday wardrobe with BUTTERBYTE STORE — premium fashion for the modern Indian.",1190.00,850.00,29,9,In Stock,t,t,f,5.0,155,2026-05-31 01:07:56.534171+00
fee9a91e-f794-4acd-baca-74e39788bd9c,black-men-straight-fit-track-pants-with-striped-detail,Black Men Straight Fit Track Pants With Striped Detail,BUTTERBYTE STORE,,32a60774-521d-467a-9757-208ffc4b9c1a,"Discover the Black Men Straight Fit Track Pants With Striped Detail from BUTTERBYTE STORE — a thoughtfully designed joggers & track pants crafted for the modern Indian wardrobe. Made with premium, breathable fabric and finished with meticulous tailoring, this Black Men Straight Fit Track Pants With Striped Detail blends contemporary design with timeless ethnic sensibility — ideal for festive occasions, everyday wear, gifting and special celebrations.

Key Highlights:
• Premium soft-touch fabric with a comfortable hand feel
• Tailored fit designed for all-day comfort and easy movement
• Durable double-stitched seams and color-fast dyes for long-lasting wear
• Easy care — machine washable, low maintenance
• Versatile styling — pair with traditional or contemporary essentials

Why shop the Black Men Straight Fit Track Pants With Striped Detail at BUTTERBYTE STORE? Enjoy authentic quality, pan-India shipping, secure checkout, easy 7-day returns and dedicated customer support. Elevate your ethnic and everyday wardrobe with BUTTERBYTE STORE — premium fashion for the modern Indian.",490.00,350.00,29,33,In Stock,f,f,f,4.0,121,2026-05-31 01:07:56.568179+00
ecacc4a2-a76e-402a-abb4-5975cfc2608e,full-length-elasticated-drawstring-waist-track-pant-3,Full Length Elasticated Drawstring Waist Track Pant,BUTTERBYTE STORE,,32a60774-521d-467a-9757-208ffc4b9c1a,"Discover the Full Length Elasticated Drawstring Waist Track Pant from BUTTERBYTE STORE — a thoughtfully designed joggers & track pants crafted for the modern Indian wardrobe. Made with premium, breathable fabric and finished with meticulous tailoring, this Full Length Elasticated Drawstring Waist Track Pant blends contemporary design with timeless ethnic sensibility — ideal for festive occasions, everyday wear, gifting and special celebrations.

Key Highlights:
• Premium soft-touch fabric with a comfortable hand feel
• Tailored fit designed for all-day comfort and easy movement
• Durable double-stitched seams and color-fast dyes for long-lasting wear
• Easy care — machine washable, low maintenance
• Versatile styling — pair with traditional or contemporary essentials

Why shop the Full Length Elasticated Drawstring Waist Track Pant at BUTTERBYTE STORE? Enjoy authentic quality, pan-India shipping, secure checkout, easy 7-day returns and dedicated customer support. Elevate your ethnic and everyday wardrobe with BUTTERBYTE STORE — premium fashion for the modern Indian.",700.00,500.00,29,14,In Stock,f,f,f,5.0,10,2026-05-31 01:07:56.601956+00
1a582b94-1bd6-4d7d-b577-9b8c17d7f1a0,full-length-elasticated-drawstring-waist-trackpants,Full Length Elasticated Drawstring Waist Trackpants,BUTTERBYTE STORE,,32a60774-521d-467a-9757-208ffc4b9c1a,"Discover the Full Length Elasticated Drawstring Waist Trackpants from BUTTERBYTE STORE — a thoughtfully designed joggers & track pants crafted for the modern Indian wardrobe. Made with premium, breathable fabric and finished with meticulous tailoring, this Full Length Elasticated Drawstring Waist Trackpants blends contemporary design with timeless ethnic sensibility — ideal for festive occasions, everyday wear, gifting and special celebrations.

Key Highlights:
• Premium soft-touch fabric with a comfortable hand feel
• Tailored fit designed for all-day comfort and easy movement
• Durable double-stitched seams and color-fast dyes for long-lasting wear
• Easy care — machine washable, low maintenance
• Versatile styling — pair with traditional or contemporary essentials

Why shop the Full Length Elasticated Drawstring Waist Trackpants at BUTTERBYTE STORE? Enjoy authentic quality, pan-India shipping, secure checkout, easy 7-day returns and dedicated customer support. Elevate your ethnic and everyday wardrobe with BUTTERBYTE STORE — premium fashion for the modern Indian.",770.00,550.00,29,40,In Stock,f,f,f,4.0,146,2026-05-31 01:07:56.635695+00
a5a353f8-79e3-4e18-9714-cab07f01ee35,grey-men-fitted-track-pants-with-elasticated-waist,Grey Men Fitted Track Pants With Elasticated Waist,BUTTERBYTE STORE,,32a60774-521d-467a-9757-208ffc4b9c1a,"Discover the Grey Men Fitted Track Pants With Elasticated Waist from BUTTERBYTE STORE — a thoughtfully designed joggers & track pants crafted for the modern Indian wardrobe. Made with premium, breathable fabric and finished with meticulous tailoring, this Grey Men Fitted Track Pants With Elasticated Waist blends contemporary design with timeless ethnic sensibility — ideal for festive occasions, everyday wear, gifting and special celebrations.

Key Highlights:
• Premium soft-touch fabric with a comfortable hand feel
• Tailored fit designed for all-day comfort and easy movement
• Durable double-stitched seams and color-fast dyes for long-lasting wear
• Easy care — machine washable, low maintenance
• Versatile styling — pair with traditional or contemporary essentials

Why shop the Grey Men Fitted Track Pants With Elasticated Waist at BUTTERBYTE STORE? Enjoy authentic quality, pan-India shipping, secure checkout, easy 7-day returns and dedicated customer support. Elevate your ethnic and everyday wardrobe with BUTTERBYTE STORE — premium fashion for the modern Indian.",840.00,600.00,29,48,In Stock,f,f,f,5.0,33,2026-05-31 01:07:56.669616+00
3725b3bb-91b8-4143-a56a-b884bbea6cb1,ankle-length-elasticated-drawstring-waist-joggers-4,Ankle Length Elasticated Drawstring Waist Joggers,BUTTERBYTE STORE,,32a60774-521d-467a-9757-208ffc4b9c1a,"Discover the Ankle Length Elasticated Drawstring Waist Joggers from BUTTERBYTE STORE — a thoughtfully designed joggers & track pants crafted for the modern Indian wardrobe. Made with premium, breathable fabric and finished with meticulous tailoring, this Ankle Length Elasticated Drawstring Waist Joggers blends contemporary design with timeless ethnic sensibility — ideal for festive occasions, everyday wear, gifting and special celebrations.

Key Highlights:
• Premium soft-touch fabric with a comfortable hand feel
• Tailored fit designed for all-day comfort and easy movement
• Durable double-stitched seams and color-fast dyes for long-lasting wear
• Easy care — machine washable, low maintenance
• Versatile styling — pair with traditional or contemporary essentials

Why shop the Ankle Length Elasticated Drawstring Waist Joggers at BUTTERBYTE STORE? Enjoy authentic quality, pan-India shipping, secure checkout, easy 7-day returns and dedicated customer support. Elevate your ethnic and everyday wardrobe with BUTTERBYTE STORE — premium fashion for the modern Indian.",1050.00,750.00,29,56,In Stock,f,f,f,3.5,179,2026-05-31 01:07:56.703809+00
0f874068-8a37-4267-89da-532b81b5f7a4,brown-men-mid-rise-track-pants,Brown Men Mid Rise Track Pants,BUTTERBYTE STORE,,32a60774-521d-467a-9757-208ffc4b9c1a,"Discover the Brown Men Mid Rise Track Pants from BUTTERBYTE STORE — a thoughtfully designed joggers & track pants crafted for the modern Indian wardrobe. Made with premium, breathable fabric and finished with meticulous tailoring, this Brown Men Mid Rise Track Pants blends contemporary design with timeless ethnic sensibility — ideal for festive occasions, everyday wear, gifting and special celebrations.

Key Highlights:
• Premium soft-touch fabric with a comfortable hand feel
• Tailored fit designed for all-day comfort and easy movement
• Durable double-stitched seams and color-fast dyes for long-lasting wear
• Easy care — machine washable, low maintenance
• Versatile styling — pair with traditional or contemporary essentials

Why shop the Brown Men Mid Rise Track Pants at BUTTERBYTE STORE? Enjoy authentic quality, pan-India shipping, secure checkout, easy 7-day returns and dedicated customer support. Elevate your ethnic and everyday wardrobe with BUTTERBYTE STORE — premium fashion for the modern Indian.",420.00,300.00,29,38,In Stock,f,f,f,3.5,106,2026-05-31 01:07:56.737611+00
2e9ae452-2d3c-418d-abfd-57225ad53cb9,full-length-elasticated-drawstring-waist-joggers-2,Full Length Elasticated Drawstring Waist Joggers,BUTTERBYTE STORE,,32a60774-521d-467a-9757-208ffc4b9c1a,"Discover the Full Length Elasticated Drawstring Waist Joggers from BUTTERBYTE STORE — a thoughtfully designed joggers & track pants crafted for the modern Indian wardrobe. Made with premium, breathable fabric and finished with meticulous tailoring, this Full Length Elasticated Drawstring Waist Joggers blends contemporary design with timeless ethnic sensibility — ideal for festive occasions, everyday wear, gifting and special celebrations.

Key Highlights:
• Premium soft-touch fabric with a comfortable hand feel
• Tailored fit designed for all-day comfort and easy movement
• Durable double-stitched seams and color-fast dyes for long-lasting wear
• Easy care — machine washable, low maintenance
• Versatile styling — pair with traditional or contemporary essentials

Why shop the Full Length Elasticated Drawstring Waist Joggers at BUTTERBYTE STORE? Enjoy authentic quality, pan-India shipping, secure checkout, easy 7-day returns and dedicated customer support. Elevate your ethnic and everyday wardrobe with BUTTERBYTE STORE — premium fashion for the modern Indian.",840.00,600.00,29,11,In Stock,f,f,f,5.0,160,2026-05-31 01:07:56.771497+00
24a037d1-0ea3-417b-962f-7a3f6afcd7cc,men-cargo-joggers-with-drawstring-waist,Men Cargo Joggers With Drawstring Waist,BUTTERBYTE STORE,,32a60774-521d-467a-9757-208ffc4b9c1a,"Discover the Men Cargo Joggers With Drawstring Waist from BUTTERBYTE STORE — a thoughtfully designed joggers & track pants crafted for the modern Indian wardrobe. Made with premium, breathable fabric and finished with meticulous tailoring, this Men Cargo Joggers With Drawstring Waist blends contemporary design with timeless ethnic sensibility — ideal for festive occasions, everyday wear, gifting and special celebrations.

Key Highlights:
• Premium soft-touch fabric with a comfortable hand feel
• Tailored fit designed for all-day comfort and easy movement
• Durable double-stitched seams and color-fast dyes for long-lasting wear
• Easy care — machine washable, low maintenance
• Versatile styling — pair with traditional or contemporary essentials

Why shop the Men Cargo Joggers With Drawstring Waist at BUTTERBYTE STORE? Enjoy authentic quality, pan-India shipping, secure checkout, easy 7-day returns and dedicated customer support. Elevate your ethnic and everyday wardrobe with BUTTERBYTE STORE — premium fashion for the modern Indian.",2590.00,1850.00,29,46,In Stock,f,f,f,5.0,110,2026-05-31 01:07:56.805573+00
a9b10d11-3323-4581-b6d7-d061865e41c1,silver-men-straight-trackpants-with-insert-pockets-2,Silver Men Straight Trackpants With Insert Pockets,BUTTERBYTE STORE,,32a60774-521d-467a-9757-208ffc4b9c1a,"Discover the Silver Men Straight Trackpants With Insert Pockets from BUTTERBYTE STORE — a thoughtfully designed joggers & track pants crafted for the modern Indian wardrobe. Made with premium, breathable fabric and finished with meticulous tailoring, this Silver Men Straight Trackpants With Insert Pockets blends contemporary design with timeless ethnic sensibility — ideal for festive occasions, everyday wear, gifting and special celebrations.

Key Highlights:
• Premium soft-touch fabric with a comfortable hand feel
• Tailored fit designed for all-day comfort and easy movement
• Durable double-stitched seams and color-fast dyes for long-lasting wear
• Easy care — machine washable, low maintenance
• Versatile styling — pair with traditional or contemporary essentials

Why shop the Silver Men Straight Trackpants With Insert Pockets at BUTTERBYTE STORE? Enjoy authentic quality, pan-India shipping, secure checkout, easy 7-day returns and dedicated customer support. Elevate your ethnic and everyday wardrobe with BUTTERBYTE STORE — premium fashion for the modern Indian.",560.00,400.00,29,43,In Stock,f,f,f,5.0,77,2026-05-31 01:07:56.839771+00
7d595097-9ab2-43bb-838d-7b2a39b83a3e,navy-blue-men-straight-track-pants-with-drawstring-waist,Navy Blue Men Straight Track Pants With Drawstring Waist,BUTTERBYTE STORE,,32a60774-521d-467a-9757-208ffc4b9c1a,"Discover the Navy Blue Men Straight Track Pants With Drawstring Waist from BUTTERBYTE STORE — a thoughtfully designed joggers & track pants crafted for the modern Indian wardrobe. Made with premium, breathable fabric and finished with meticulous tailoring, this Navy Blue Men Straight Track Pants With Drawstring Waist blends contemporary design with timeless ethnic sensibility — ideal for festive occasions, everyday wear, gifting and special celebrations.

Key Highlights:
• Premium soft-touch fabric with a comfortable hand feel
• Tailored fit designed for all-day comfort and easy movement
• Durable double-stitched seams and color-fast dyes for long-lasting wear
• Easy care — machine washable, low maintenance
• Versatile styling — pair with traditional or contemporary essentials

Why shop the Navy Blue Men Straight Track Pants With Drawstring Waist at BUTTERBYTE STORE? Enjoy authentic quality, pan-India shipping, secure checkout, easy 7-day returns and dedicated customer support. Elevate your ethnic and everyday wardrobe with BUTTERBYTE STORE — premium fashion for the modern Indian.",630.00,450.00,29,8,In Stock,f,f,f,4.0,14,2026-05-31 01:07:56.873559+00
167903ea-d4e8-4183-843d-1dd115d76a80,black-men-straight-track-pants-with-contrast-stripes,Black Men Straight Track Pants With Contrast Stripes,BUTTERBYTE STORE,,32a60774-521d-467a-9757-208ffc4b9c1a,"Discover the Black Men Straight Track Pants With Contrast Stripes from BUTTERBYTE STORE — a thoughtfully designed joggers & track pants crafted for the modern Indian wardrobe. Made with premium, breathable fabric and finished with meticulous tailoring, this Black Men Straight Track Pants With Contrast Stripes blends contemporary design with timeless ethnic sensibility — ideal for festive occasions, everyday wear, gifting and special celebrations.

Key Highlights:
• Premium soft-touch fabric with a comfortable hand feel
• Tailored fit designed for all-day comfort and easy movement
• Durable double-stitched seams and color-fast dyes for long-lasting wear
• Easy care — machine washable, low maintenance
• Versatile styling — pair with traditional or contemporary essentials

Why shop the Black Men Straight Track Pants With Contrast Stripes at BUTTERBYTE STORE? Enjoy authentic quality, pan-India shipping, secure checkout, easy 7-day returns and dedicated customer support. Elevate your ethnic and everyday wardrobe with BUTTERBYTE STORE — premium fashion for the modern Indian.",1050.00,750.00,29,56,In Stock,f,t,f,3.5,112,2026-05-31 01:07:56.907556+00
7f206e31-c263-4d72-a04d-260bce1c7ecd,grey-melange-men-straight-trackpants-with-insert-pockets,Grey Melange Men Straight Trackpants With Insert Pockets,BUTTERBYTE STORE,,32a60774-521d-467a-9757-208ffc4b9c1a,"Discover the Grey Melange Men Straight Trackpants With Insert Pockets from BUTTERBYTE STORE — a thoughtfully designed joggers & track pants crafted for the modern Indian wardrobe. Made with premium, breathable fabric and finished with meticulous tailoring, this Grey Melange Men Straight Trackpants With Insert Pockets blends contemporary design with timeless ethnic sensibility — ideal for festive occasions, everyday wear, gifting and special celebrations.

Key Highlights:
• Premium soft-touch fabric with a comfortable hand feel
• Tailored fit designed for all-day comfort and easy movement
• Durable double-stitched seams and color-fast dyes for long-lasting wear
• Easy care — machine washable, low maintenance
• Versatile styling — pair with traditional or contemporary essentials

Why shop the Grey Melange Men Straight Trackpants With Insert Pockets at BUTTERBYTE STORE? Enjoy authentic quality, pan-India shipping, secure checkout, easy 7-day returns and dedicated customer support. Elevate your ethnic and everyday wardrobe with BUTTERBYTE STORE — premium fashion for the modern Indian.",280.00,200.00,29,11,In Stock,f,f,f,5.0,109,2026-05-31 01:07:56.941426+00
36805400-29e5-4481-97e3-5d13f6524eee,black-men-striped-straight-track-pants,Black Men Striped Straight Track Pants,BUTTERBYTE STORE,,32a60774-521d-467a-9757-208ffc4b9c1a,"Discover the Black Men Striped Straight Track Pants from BUTTERBYTE STORE — a thoughtfully designed joggers & track pants crafted for the modern Indian wardrobe. Made with premium, breathable fabric and finished with meticulous tailoring, this Black Men Striped Straight Track Pants blends contemporary design with timeless ethnic sensibility — ideal for festive occasions, everyday wear, gifting and special celebrations.

Key Highlights:
• Premium soft-touch fabric with a comfortable hand feel
• Tailored fit designed for all-day comfort and easy movement
• Durable double-stitched seams and color-fast dyes for long-lasting wear
• Easy care — machine washable, low maintenance
• Versatile styling — pair with traditional or contemporary essentials

Why shop the Black Men Striped Straight Track Pants at BUTTERBYTE STORE? Enjoy authentic quality, pan-India shipping, secure checkout, easy 7-day returns and dedicated customer support. Elevate your ethnic and everyday wardrobe with BUTTERBYTE STORE — premium fashion for the modern Indian.",560.00,400.00,29,35,In Stock,f,f,f,5.0,65,2026-05-31 01:07:56.975384+00
605aff03-b2b7-486d-8011-4344a66db5ba,grey-men-straight-trackpants-with-contrast-tipping,Grey Men Straight Trackpants With Contrast Tipping,BUTTERBYTE STORE,,32a60774-521d-467a-9757-208ffc4b9c1a,"Discover the Grey Men Straight Trackpants With Contrast Tipping from BUTTERBYTE STORE — a thoughtfully designed joggers & track pants crafted for the modern Indian wardrobe. Made with premium, breathable fabric and finished with meticulous tailoring, this Grey Men Straight Trackpants With Contrast Tipping blends contemporary design with timeless ethnic sensibility — ideal for festive occasions, everyday wear, gifting and special celebrations.

Key Highlights:
• Premium soft-touch fabric with a comfortable hand feel
• Tailored fit designed for all-day comfort and easy movement
• Durable double-stitched seams and color-fast dyes for long-lasting wear
• Easy care — machine washable, low maintenance
• Versatile styling — pair with traditional or contemporary essentials

Why shop the Grey Men Straight Trackpants With Contrast Tipping at BUTTERBYTE STORE? Enjoy authentic quality, pan-India shipping, secure checkout, easy 7-day returns and dedicated customer support. Elevate your ethnic and everyday wardrobe with BUTTERBYTE STORE — premium fashion for the modern Indian.",350.00,250.00,29,41,In Stock,t,f,f,4.0,19,2026-05-31 01:07:57.009398+00
f8066459-c61b-4c33-a00c-17b5076be87b,black-men-self-design-track-pant,Black Men Self Design Track Pant,BUTTERBYTE STORE,,32a60774-521d-467a-9757-208ffc4b9c1a,"Discover the Black Men Self Design Track Pant from BUTTERBYTE STORE — a thoughtfully designed joggers & track pants crafted for the modern Indian wardrobe. Made with premium, breathable fabric and finished with meticulous tailoring, this Black Men Self Design Track Pant blends contemporary design with timeless ethnic sensibility — ideal for festive occasions, everyday wear, gifting and special celebrations.

Key Highlights:
• Premium soft-touch fabric with a comfortable hand feel
• Tailored fit designed for all-day comfort and easy movement
• Durable double-stitched seams and color-fast dyes for long-lasting wear
• Easy care — machine washable, low maintenance
• Versatile styling — pair with traditional or contemporary essentials

Why shop the Black Men Self Design Track Pant at BUTTERBYTE STORE? Enjoy authentic quality, pan-India shipping, secure checkout, easy 7-day returns and dedicated customer support. Elevate your ethnic and everyday wardrobe with BUTTERBYTE STORE — premium fashion for the modern Indian.",490.00,350.00,29,60,In Stock,f,f,t,5.0,44,2026-05-31 01:07:57.043402+00
c7224003-1421-4005-8c2d-67e1a3a8a013,black-men-mid-rise-straight-trackpants,Black Men Mid Rise Straight Trackpants,BUTTERBYTE STORE,,32a60774-521d-467a-9757-208ffc4b9c1a,"Discover the Black Men Mid Rise Straight Trackpants from BUTTERBYTE STORE — a thoughtfully designed joggers & track pants crafted for the modern Indian wardrobe. Made with premium, breathable fabric and finished with meticulous tailoring, this Black Men Mid Rise Straight Trackpants blends contemporary design with timeless ethnic sensibility — ideal for festive occasions, everyday wear, gifting and special celebrations.

Key Highlights:
• Premium soft-touch fabric with a comfortable hand feel
• Tailored fit designed for all-day comfort and easy movement
• Durable double-stitched seams and color-fast dyes for long-lasting wear
• Easy care — machine washable, low maintenance
• Versatile styling — pair with traditional or contemporary essentials

Why shop the Black Men Mid Rise Straight Trackpants at BUTTERBYTE STORE? Enjoy authentic quality, pan-India shipping, secure checkout, easy 7-day returns and dedicated customer support. Elevate your ethnic and everyday wardrobe with BUTTERBYTE STORE — premium fashion for the modern Indian.",770.00,550.00,29,37,In Stock,t,f,f,3.5,114,2026-05-31 01:07:57.077526+00
9edd3ab6-69b1-48f4-bbc1-24a3775529de,men-straight-trackpants-with-insert-pockets,Men Straight Trackpants With Insert Pockets,BUTTERBYTE STORE,,32a60774-521d-467a-9757-208ffc4b9c1a,"Discover the Men Straight Trackpants With Insert Pockets from BUTTERBYTE STORE — a thoughtfully designed joggers & track pants crafted for the modern Indian wardrobe. Made with premium, breathable fabric and finished with meticulous tailoring, this Men Straight Trackpants With Insert Pockets blends contemporary design with timeless ethnic sensibility — ideal for festive occasions, everyday wear, gifting and special celebrations.

Key Highlights:
• Premium soft-touch fabric with a comfortable hand feel
• Tailored fit designed for all-day comfort and easy movement
• Durable double-stitched seams and color-fast dyes for long-lasting wear
• Easy care — machine washable, low maintenance
• Versatile styling — pair with traditional or contemporary essentials

Why shop the Men Straight Trackpants With Insert Pockets at BUTTERBYTE STORE? Enjoy authentic quality, pan-India shipping, secure checkout, easy 7-day returns and dedicated customer support. Elevate your ethnic and everyday wardrobe with BUTTERBYTE STORE — premium fashion for the modern Indian.",700.00,500.00,29,15,In Stock,f,t,f,5.0,47,2026-05-31 01:07:57.111391+00
e911509d-5073-4ce0-907f-1b41018fea3f,men-relaxed-fit-sports-joggers,Men Relaxed Fit Sports Joggers,BUTTERBYTE STORE,,32a60774-521d-467a-9757-208ffc4b9c1a,"Discover the Men Relaxed Fit Sports Joggers from BUTTERBYTE STORE — a thoughtfully designed joggers & track pants crafted for the modern Indian wardrobe. Made with premium, breathable fabric and finished with meticulous tailoring, this Men Relaxed Fit Sports Joggers blends contemporary design with timeless ethnic sensibility — ideal for festive occasions, everyday wear, gifting and special celebrations.

Key Highlights:
• Premium soft-touch fabric with a comfortable hand feel
• Tailored fit designed for all-day comfort and easy movement
• Durable double-stitched seams and color-fast dyes for long-lasting wear
• Easy care — machine washable, low maintenance
• Versatile styling — pair with traditional or contemporary essentials

Why shop the Men Relaxed Fit Sports Joggers at BUTTERBYTE STORE? Enjoy authentic quality, pan-India shipping, secure checkout, easy 7-day returns and dedicated customer support. Elevate your ethnic and everyday wardrobe with BUTTERBYTE STORE — premium fashion for the modern Indian.",840.00,600.00,29,24,In Stock,f,f,f,4.0,161,2026-05-31 01:07:57.145243+00
1d33b315-f2e7-4b19-b4bd-ab1d31fc8eac,elasticated-drawstring-waist-contrast-panelled-joggers,Elasticated Drawstring Waist Contrast Panelled Joggers,BUTTERBYTE STORE,,32a60774-521d-467a-9757-208ffc4b9c1a,"Discover the Elasticated Drawstring Waist Contrast Panelled Joggers from BUTTERBYTE STORE — a thoughtfully designed joggers & track pants crafted for the modern Indian wardrobe. Made with premium, breathable fabric and finished with meticulous tailoring, this Elasticated Drawstring Waist Contrast Panelled Joggers blends contemporary design with timeless ethnic sensibility — ideal for festive occasions, everyday wear, gifting and special celebrations.

Key Highlights:
• Premium soft-touch fabric with a comfortable hand feel
• Tailored fit designed for all-day comfort and easy movement
• Durable double-stitched seams and color-fast dyes for long-lasting wear
• Easy care — machine washable, low maintenance
• Versatile styling — pair with traditional or contemporary essentials

Why shop the Elasticated Drawstring Waist Contrast Panelled Joggers at BUTTERBYTE STORE? Enjoy authentic quality, pan-India shipping, secure checkout, easy 7-day returns and dedicated customer support. Elevate your ethnic and everyday wardrobe with BUTTERBYTE STORE — premium fashion for the modern Indian.",1120.00,800.00,29,60,In Stock,f,f,f,5.0,143,2026-05-31 01:07:57.179073+00
3e7a51be-55d6-4f11-90e7-cbb56fc1796b,grey-men-patterned-straight-track-pants,Grey Men Patterned Straight Track Pants,BUTTERBYTE STORE,,32a60774-521d-467a-9757-208ffc4b9c1a,"Discover the Grey Men Patterned Straight Track Pants from BUTTERBYTE STORE — a thoughtfully designed joggers & track pants crafted for the modern Indian wardrobe. Made with premium, breathable fabric and finished with meticulous tailoring, this Grey Men Patterned Straight Track Pants blends contemporary design with timeless ethnic sensibility — ideal for festive occasions, everyday wear, gifting and special celebrations.

Key Highlights:
• Premium soft-touch fabric with a comfortable hand feel
• Tailored fit designed for all-day comfort and easy movement
• Durable double-stitched seams and color-fast dyes for long-lasting wear
• Easy care — machine washable, low maintenance
• Versatile styling — pair with traditional or contemporary essentials

Why shop the Grey Men Patterned Straight Track Pants at BUTTERBYTE STORE? Enjoy authentic quality, pan-India shipping, secure checkout, easy 7-day returns and dedicated customer support. Elevate your ethnic and everyday wardrobe with BUTTERBYTE STORE — premium fashion for the modern Indian.",700.00,500.00,29,38,In Stock,t,f,f,4.0,69,2026-05-31 01:07:57.212974+00
9e3124e8-3b10-4a22-89d3-e0819be530e9,black-men-ribbed-straight-track-pants-with-drawstring-waist,Black Men Ribbed Straight Track Pants With Drawstring Waist,BUTTERBYTE STORE,,32a60774-521d-467a-9757-208ffc4b9c1a,"Discover the Black Men Ribbed Straight Track Pants With Drawstring Waist from BUTTERBYTE STORE — a thoughtfully designed joggers & track pants crafted for the modern Indian wardrobe. Made with premium, breathable fabric and finished with meticulous tailoring, this Black Men Ribbed Straight Track Pants With Drawstring Waist blends contemporary design with timeless ethnic sensibility — ideal for festive occasions, everyday wear, gifting and special celebrations.

Key Highlights:
• Premium soft-touch fabric with a comfortable hand feel
• Tailored fit designed for all-day comfort and easy movement
• Durable double-stitched seams and color-fast dyes for long-lasting wear
• Easy care — machine washable, low maintenance
• Versatile styling — pair with traditional or contemporary essentials

Why shop the Black Men Ribbed Straight Track Pants With Drawstring Waist at BUTTERBYTE STORE? Enjoy authentic quality, pan-India shipping, secure checkout, easy 7-day returns and dedicated customer support. Elevate your ethnic and everyday wardrobe with BUTTERBYTE STORE — premium fashion for the modern Indian.",490.00,350.00,29,30,In Stock,f,f,f,3.5,167,2026-05-31 01:07:57.246876+00
95455947-67f3-4a23-99af-aaa1b1e62feb,brown-men-straight-track-pants-with-core-part-piping,Brown Men Straight Track Pants With Core Part Piping,BUTTERBYTE STORE,,32a60774-521d-467a-9757-208ffc4b9c1a,"Discover the Brown Men Straight Track Pants With Core Part Piping from BUTTERBYTE STORE — a thoughtfully designed joggers & track pants crafted for the modern Indian wardrobe. Made with premium, breathable fabric and finished with meticulous tailoring, this Brown Men Straight Track Pants With Core Part Piping blends contemporary design with timeless ethnic sensibility — ideal for festive occasions, everyday wear, gifting and special celebrations.

Key Highlights:
• Premium soft-touch fabric with a comfortable hand feel
• Tailored fit designed for all-day comfort and easy movement
• Durable double-stitched seams and color-fast dyes for long-lasting wear
• Easy care — machine washable, low maintenance
• Versatile styling — pair with traditional or contemporary essentials

Why shop the Brown Men Straight Track Pants With Core Part Piping at BUTTERBYTE STORE? Enjoy authentic quality, pan-India shipping, secure checkout, easy 7-day returns and dedicated customer support. Elevate your ethnic and everyday wardrobe with BUTTERBYTE STORE — premium fashion for the modern Indian.",700.00,500.00,29,20,In Stock,f,f,f,5.0,159,2026-05-31 01:07:57.280643+00
bcbc8fee-40fa-4d22-8b76-f36ca1bc1597,black-men-striped-straight-track-pants-2,Black Men Striped Straight Track Pants,BUTTERBYTE STORE,,32a60774-521d-467a-9757-208ffc4b9c1a,"Discover the Black Men Striped Straight Track Pants from BUTTERBYTE STORE — a thoughtfully designed joggers & track pants crafted for the modern Indian wardrobe. Made with premium, breathable fabric and finished with meticulous tailoring, this Black Men Striped Straight Track Pants blends contemporary design with timeless ethnic sensibility — ideal for festive occasions, everyday wear, gifting and special celebrations.

Key Highlights:
• Premium soft-touch fabric with a comfortable hand feel
• Tailored fit designed for all-day comfort and easy movement
• Durable double-stitched seams and color-fast dyes for long-lasting wear
• Easy care — machine washable, low maintenance
• Versatile styling — pair with traditional or contemporary essentials

Why shop the Black Men Striped Straight Track Pants at BUTTERBYTE STORE? Enjoy authentic quality, pan-India shipping, secure checkout, easy 7-day returns and dedicated customer support. Elevate your ethnic and everyday wardrobe with BUTTERBYTE STORE — premium fashion for the modern Indian.",560.00,400.00,29,40,In Stock,f,f,f,5.0,71,2026-05-31 01:07:57.314638+00
82a76403-1cd8-419b-b7c7-1f009c762d61,elasticated-drawstring-waist-panelled-track-pant,Elasticated Drawstring Waist Panelled Track Pant,BUTTERBYTE STORE,,32a60774-521d-467a-9757-208ffc4b9c1a,"Discover the Elasticated Drawstring Waist Panelled Track Pant from BUTTERBYTE STORE — a thoughtfully designed joggers & track pants crafted for the modern Indian wardrobe. Made with premium, breathable fabric and finished with meticulous tailoring, this Elasticated Drawstring Waist Panelled Track Pant blends contemporary design with timeless ethnic sensibility — ideal for festive occasions, everyday wear, gifting and special celebrations.

Key Highlights:
• Premium soft-touch fabric with a comfortable hand feel
• Tailored fit designed for all-day comfort and easy movement
• Durable double-stitched seams and color-fast dyes for long-lasting wear
• Easy care — machine washable, low maintenance
• Versatile styling — pair with traditional or contemporary essentials

Why shop the Elasticated Drawstring Waist Panelled Track Pant at BUTTERBYTE STORE? Enjoy authentic quality, pan-India shipping, secure checkout, easy 7-day returns and dedicated customer support. Elevate your ethnic and everyday wardrobe with BUTTERBYTE STORE — premium fashion for the modern Indian.",980.00,700.00,29,48,In Stock,t,f,f,4.0,18,2026-05-31 01:07:57.349314+00
c62e9371-e010-4f50-ab5f-b6c9789e4122,black-silver-men-pack-of-2-straight-trackpants-with-insert-pockets,Black & Silver Men Pack Of 2 Straight Trackpants With Insert Pockets,BUTTERBYTE STORE,,32a60774-521d-467a-9757-208ffc4b9c1a,"Discover the Black & Silver Men Pack Of 2 Straight Trackpants With Insert Pockets from BUTTERBYTE STORE — a thoughtfully designed joggers & track pants crafted for the modern Indian wardrobe. Made with premium, breathable fabric and finished with meticulous tailoring, this Black & Silver Men Pack Of 2 Straight Trackpants With Insert Pockets blends contemporary design with timeless ethnic sensibility — ideal for festive occasions, everyday wear, gifting and special celebrations.

Key Highlights:
• Premium soft-touch fabric with a comfortable hand feel
• Tailored fit designed for all-day comfort and easy movement
• Durable double-stitched seams and color-fast dyes for long-lasting wear
• Easy care — machine washable, low maintenance
• Versatile styling — pair with traditional or contemporary essentials

Why shop the Black & Silver Men Pack Of 2 Straight Trackpants With Insert Pockets at BUTTERBYTE STORE? Enjoy authentic quality, pan-India shipping, secure checkout, easy 7-day returns and dedicated customer support. Elevate your ethnic and everyday wardrobe with BUTTERBYTE STORE — premium fashion for the modern Indian.",1400.00,1000.00,29,10,In Stock,t,f,t,4.0,167,2026-05-31 01:07:57.383257+00
b173348a-0e6e-43a7-9e85-25c2d6714e40,yoke-design-front-open-mid-kurta,Yoke Design Front Open Mid Kurta,BUTTERBYTE STORE,,cfcad8f4-9960-4d63-9227-afec33560db2,"Discover the Yoke Design Front Open Mid Kurta from BUTTERBYTE STORE — a thoughtfully designed kurtas crafted for the modern Indian wardrobe. Made with premium, breathable fabric and finished with meticulous tailoring, this Yoke Design Front Open Mid Kurta blends contemporary design with timeless ethnic sensibility — ideal for festive occasions, everyday wear, gifting and special celebrations.

Key Highlights:
• Premium soft-touch fabric with a comfortable hand feel
• Tailored fit designed for all-day comfort and easy movement
• Durable double-stitched seams and color-fast dyes for long-lasting wear
• Easy care — machine washable, low maintenance
• Versatile styling — pair with traditional or contemporary essentials

Why shop the Yoke Design Front Open Mid Kurta at BUTTERBYTE STORE? Enjoy authentic quality, pan-India shipping, secure checkout, easy 7-day returns and dedicated customer support. Elevate your ethnic and everyday wardrobe with BUTTERBYTE STORE — premium fashion for the modern Indian.",3290.00,2350.00,29,51,In Stock,t,f,f,5.0,30,2026-05-31 01:07:57.417186+00
2947743b-b5c4-4be3-8648-e01749e0e7a7,men-off-navy-blue-embroidered-kurta,Men Off navy blue Embroidered Kurta,BUTTERBYTE STORE,,cfcad8f4-9960-4d63-9227-afec33560db2,"Discover the Men Off navy blue Embroidered Kurta from BUTTERBYTE STORE — a thoughtfully designed kurtas crafted for the modern Indian wardrobe. Made with premium, breathable fabric and finished with meticulous tailoring, this Men Off navy blue Embroidered Kurta blends contemporary design with timeless ethnic sensibility — ideal for festive occasions, everyday wear, gifting and special celebrations.

Key Highlights:
• Premium soft-touch fabric with a comfortable hand feel
• Tailored fit designed for all-day comfort and easy movement
• Durable double-stitched seams and color-fast dyes for long-lasting wear
• Easy care — machine washable, low maintenance
• Versatile styling — pair with traditional or contemporary essentials

Why shop the Men Off navy blue Embroidered Kurta at BUTTERBYTE STORE? Enjoy authentic quality, pan-India shipping, secure checkout, easy 7-day returns and dedicated customer support. Elevate your ethnic and everyday wardrobe with BUTTERBYTE STORE — premium fashion for the modern Indian.",1260.00,900.00,29,38,In Stock,f,f,f,3.5,131,2026-05-31 01:07:57.450914+00
2e9e551f-b09c-4e40-8ed6-df4c103bf533,men-bottle-white-silk-blend-kurta,Men Bottle white Silk Blend Kurta,BUTTERBYTE STORE,,cfcad8f4-9960-4d63-9227-afec33560db2,"Discover the Men Bottle white Silk Blend Kurta from BUTTERBYTE STORE — a thoughtfully designed kurtas crafted for the modern Indian wardrobe. Made with premium, breathable fabric and finished with meticulous tailoring, this Men Bottle white Silk Blend Kurta blends contemporary design with timeless ethnic sensibility — ideal for festive occasions, everyday wear, gifting and special celebrations.

Key Highlights:
• Premium soft-touch fabric with a comfortable hand feel
• Tailored fit designed for all-day comfort and easy movement
• Durable double-stitched seams and color-fast dyes for long-lasting wear
• Easy care — machine washable, low maintenance
• Versatile styling — pair with traditional or contemporary essentials

Why shop the Men Bottle white Silk Blend Kurta at BUTTERBYTE STORE? Enjoy authentic quality, pan-India shipping, secure checkout, easy 7-day returns and dedicated customer support. Elevate your ethnic and everyday wardrobe with BUTTERBYTE STORE — premium fashion for the modern Indian.",1610.00,1150.00,29,12,In Stock,f,f,f,3.5,42,2026-05-31 01:07:57.484587+00
a0ded690-c118-426d-9a73-08d145b780a6,men-green-muslin-kurta,Men Green Muslin Kurta,BUTTERBYTE STORE,,cfcad8f4-9960-4d63-9227-afec33560db2,"Discover the Men Green Muslin Kurta from BUTTERBYTE STORE — a thoughtfully designed kurtas crafted for the modern Indian wardrobe. Made with premium, breathable fabric and finished with meticulous tailoring, this Men Green Muslin Kurta blends contemporary design with timeless ethnic sensibility — ideal for festive occasions, everyday wear, gifting and special celebrations.

Key Highlights:
• Premium soft-touch fabric with a comfortable hand feel
• Tailored fit designed for all-day comfort and easy movement
• Durable double-stitched seams and color-fast dyes for long-lasting wear
• Easy care — machine washable, low maintenance
• Versatile styling — pair with traditional or contemporary essentials

Why shop the Men Green Muslin Kurta at BUTTERBYTE STORE? Enjoy authentic quality, pan-India shipping, secure checkout, easy 7-day returns and dedicated customer support. Elevate your ethnic and everyday wardrobe with BUTTERBYTE STORE — premium fashion for the modern Indian.",1960.00,1400.00,29,36,In Stock,f,f,f,5.0,62,2026-05-31 01:07:57.518533+00
720e81d7-0b85-443d-bc55-55ede07f42b7,white-kurta-for-men,White Kurta For Men,BUTTERBYTE STORE,,cfcad8f4-9960-4d63-9227-afec33560db2,"Discover the White Kurta For Men from BUTTERBYTE STORE — a thoughtfully designed kurtas crafted for the modern Indian wardrobe. Made with premium, breathable fabric and finished with meticulous tailoring, this White Kurta For Men blends contemporary design with timeless ethnic sensibility — ideal for festive occasions, everyday wear, gifting and special celebrations.

Key Highlights:
• Premium soft-touch fabric with a comfortable hand feel
• Tailored fit designed for all-day comfort and easy movement
• Durable double-stitched seams and color-fast dyes for long-lasting wear
• Easy care — machine washable, low maintenance
• Versatile styling — pair with traditional or contemporary essentials

Why shop the White Kurta For Men at BUTTERBYTE STORE? Enjoy authentic quality, pan-India shipping, secure checkout, easy 7-day returns and dedicated customer support. Elevate your ethnic and everyday wardrobe with BUTTERBYTE STORE — premium fashion for the modern Indian.",2520.00,1800.00,29,17,In Stock,f,f,f,4.0,102,2026-05-31 01:07:57.552301+00
c107d11c-4a09-442d-8ea3-5249690f4e2f,cotton-silk-sequin-worked-kurta,Cotton Silk Sequin Worked Kurta,BUTTERBYTE STORE,,cfcad8f4-9960-4d63-9227-afec33560db2,"Discover the Cotton Silk Sequin Worked Kurta from BUTTERBYTE STORE — a thoughtfully designed kurtas crafted for the modern Indian wardrobe. Made with premium, breathable fabric and finished with meticulous tailoring, this Cotton Silk Sequin Worked Kurta blends contemporary design with timeless ethnic sensibility — ideal for festive occasions, everyday wear, gifting and special celebrations.

Key Highlights:
• Premium soft-touch fabric with a comfortable hand feel
• Tailored fit designed for all-day comfort and easy movement
• Durable double-stitched seams and color-fast dyes for long-lasting wear
• Easy care — machine washable, low maintenance
• Versatile styling — pair with traditional or contemporary essentials

Why shop the Cotton Silk Sequin Worked Kurta at BUTTERBYTE STORE? Enjoy authentic quality, pan-India shipping, secure checkout, easy 7-day returns and dedicated customer support. Elevate your ethnic and everyday wardrobe with BUTTERBYTE STORE — premium fashion for the modern Indian.",2380.00,1700.00,29,56,In Stock,f,f,f,3.5,148,2026-05-31 01:07:57.586088+00
b11e4949-376b-459e-942d-38ca6c40181e,viscose-silk-embroidered-stitched-kurta,Viscose Silk Embroidered Stitched Kurta,BUTTERBYTE STORE,,cfcad8f4-9960-4d63-9227-afec33560db2,"Discover the Viscose Silk Embroidered Stitched Kurta from BUTTERBYTE STORE — a thoughtfully designed kurtas crafted for the modern Indian wardrobe. Made with premium, breathable fabric and finished with meticulous tailoring, this Viscose Silk Embroidered Stitched Kurta blends contemporary design with timeless ethnic sensibility — ideal for festive occasions, everyday wear, gifting and special celebrations.

Key Highlights:
• Premium soft-touch fabric with a comfortable hand feel
• Tailored fit designed for all-day comfort and easy movement
• Durable double-stitched seams and color-fast dyes for long-lasting wear
• Easy care — machine washable, low maintenance
• Versatile styling — pair with traditional or contemporary essentials

Why shop the Viscose Silk Embroidered Stitched Kurta at BUTTERBYTE STORE? Enjoy authentic quality, pan-India shipping, secure checkout, easy 7-day returns and dedicated customer support. Elevate your ethnic and everyday wardrobe with BUTTERBYTE STORE — premium fashion for the modern Indian.",3710.00,2650.00,29,45,In Stock,t,f,t,5.0,102,2026-05-31 01:07:57.619877+00
a95900a8-25da-4cc7-a311-199b75ba50f9,yellow-silk-embroidered-men-kurta,Yellow Silk Embroidered Men Kurta,BUTTERBYTE STORE,,cfcad8f4-9960-4d63-9227-afec33560db2,"Discover the Yellow Silk Embroidered Men Kurta from BUTTERBYTE STORE — a thoughtfully designed kurtas crafted for the modern Indian wardrobe. Made with premium, breathable fabric and finished with meticulous tailoring, this Yellow Silk Embroidered Men Kurta blends contemporary design with timeless ethnic sensibility — ideal for festive occasions, everyday wear, gifting and special celebrations.

Key Highlights:
• Premium soft-touch fabric with a comfortable hand feel
• Tailored fit designed for all-day comfort and easy movement
• Durable double-stitched seams and color-fast dyes for long-lasting wear
• Easy care — machine washable, low maintenance
• Versatile styling — pair with traditional or contemporary essentials

Why shop the Yellow Silk Embroidered Men Kurta at BUTTERBYTE STORE? Enjoy authentic quality, pan-India shipping, secure checkout, easy 7-day returns and dedicated customer support. Elevate your ethnic and everyday wardrobe with BUTTERBYTE STORE — premium fashion for the modern Indian.",1680.00,1200.00,29,35,In Stock,f,f,f,5.0,29,2026-05-31 01:07:57.653532+00
3c7151e6-4332-441b-a156-e8a6d73a9e0c,cotton-blend-ombre-printed-green-kurta,Cotton Blend Ombre Printed Green Kurta,BUTTERBYTE STORE,,cfcad8f4-9960-4d63-9227-afec33560db2,"Discover the Cotton Blend Ombre Printed Green Kurta from BUTTERBYTE STORE — a thoughtfully designed kurtas crafted for the modern Indian wardrobe. Made with premium, breathable fabric and finished with meticulous tailoring, this Cotton Blend Ombre Printed Green Kurta blends contemporary design with timeless ethnic sensibility — ideal for festive occasions, everyday wear, gifting and special celebrations.

Key Highlights:
• Premium soft-touch fabric with a comfortable hand feel
• Tailored fit designed for all-day comfort and easy movement
• Durable double-stitched seams and color-fast dyes for long-lasting wear
• Easy care — machine washable, low maintenance
• Versatile styling — pair with traditional or contemporary essentials

Why shop the Cotton Blend Ombre Printed Green Kurta at BUTTERBYTE STORE? Enjoy authentic quality, pan-India shipping, secure checkout, easy 7-day returns and dedicated customer support. Elevate your ethnic and everyday wardrobe with BUTTERBYTE STORE — premium fashion for the modern Indian.",2030.00,1450.00,29,60,In Stock,f,t,f,5.0,84,2026-05-31 01:07:57.687349+00
2c5b4522-23a5-4aee-9c53-5835c969f132,green-cotton-dobby-slim-fit-long-kurta,Green Cotton Dobby Slim Fit Long Kurta,BUTTERBYTE STORE,,cfcad8f4-9960-4d63-9227-afec33560db2,"Discover the Green Cotton Dobby Slim Fit Long Kurta from BUTTERBYTE STORE — a thoughtfully designed kurtas crafted for the modern Indian wardrobe. Made with premium, breathable fabric and finished with meticulous tailoring, this Green Cotton Dobby Slim Fit Long Kurta blends contemporary design with timeless ethnic sensibility — ideal for festive occasions, everyday wear, gifting and special celebrations.

Key Highlights:
• Premium soft-touch fabric with a comfortable hand feel
• Tailored fit designed for all-day comfort and easy movement
• Durable double-stitched seams and color-fast dyes for long-lasting wear
• Easy care — machine washable, low maintenance
• Versatile styling — pair with traditional or contemporary essentials

Why shop the Green Cotton Dobby Slim Fit Long Kurta at BUTTERBYTE STORE? Enjoy authentic quality, pan-India shipping, secure checkout, easy 7-day returns and dedicated customer support. Elevate your ethnic and everyday wardrobe with BUTTERBYTE STORE — premium fashion for the modern Indian.",2660.00,1900.00,29,46,In Stock,t,f,f,3.5,177,2026-05-31 01:07:57.721096+00
207793f2-0362-4793-a6b4-de20ab89b69c,men-purple-muslin-kurta,Men Purple Muslin Kurta,BUTTERBYTE STORE,,cfcad8f4-9960-4d63-9227-afec33560db2,"Discover the Men Purple Muslin Kurta from BUTTERBYTE STORE — a thoughtfully designed kurtas crafted for the modern Indian wardrobe. Made with premium, breathable fabric and finished with meticulous tailoring, this Men Purple Muslin Kurta blends contemporary design with timeless ethnic sensibility — ideal for festive occasions, everyday wear, gifting and special celebrations.

Key Highlights:
• Premium soft-touch fabric with a comfortable hand feel
• Tailored fit designed for all-day comfort and easy movement
• Durable double-stitched seams and color-fast dyes for long-lasting wear
• Easy care — machine washable, low maintenance
• Versatile styling — pair with traditional or contemporary essentials

Why shop the Men Purple Muslin Kurta at BUTTERBYTE STORE? Enjoy authentic quality, pan-India shipping, secure checkout, easy 7-day returns and dedicated customer support. Elevate your ethnic and everyday wardrobe with BUTTERBYTE STORE — premium fashion for the modern Indian.",3430.00,2450.00,29,26,In Stock,f,f,f,5.0,91,2026-05-31 01:07:57.754941+00
ba23d2d7-462b-43b3-bcc0-0f3572ec0e1a,men-blue-solid-short-kurta,Men Blue Solid Short Kurta,BUTTERBYTE STORE,,cfcad8f4-9960-4d63-9227-afec33560db2,"Discover the Men Blue Solid Short Kurta from BUTTERBYTE STORE — a thoughtfully designed kurtas crafted for the modern Indian wardrobe. Made with premium, breathable fabric and finished with meticulous tailoring, this Men Blue Solid Short Kurta blends contemporary design with timeless ethnic sensibility — ideal for festive occasions, everyday wear, gifting and special celebrations.

Key Highlights:
• Premium soft-touch fabric with a comfortable hand feel
• Tailored fit designed for all-day comfort and easy movement
• Durable double-stitched seams and color-fast dyes for long-lasting wear
• Easy care — machine washable, low maintenance
• Versatile styling — pair with traditional or contemporary essentials

Why shop the Men Blue Solid Short Kurta at BUTTERBYTE STORE? Enjoy authentic quality, pan-India shipping, secure checkout, easy 7-day returns and dedicated customer support. Elevate your ethnic and everyday wardrobe with BUTTERBYTE STORE — premium fashion for the modern Indian.",3570.00,2550.00,29,31,In Stock,f,f,f,4.0,91,2026-05-31 01:07:57.788667+00
61573975-d935-4bcb-9c24-0a73c54f1650,printed-mandarin-collar-neck-straight-kurta,Printed Mandarin Collar Neck Straight Kurta,BUTTERBYTE STORE,,cfcad8f4-9960-4d63-9227-afec33560db2,"Discover the Printed Mandarin Collar Neck Straight Kurta from BUTTERBYTE STORE — a thoughtfully designed kurtas crafted for the modern Indian wardrobe. Made with premium, breathable fabric and finished with meticulous tailoring, this Printed Mandarin Collar Neck Straight Kurta blends contemporary design with timeless ethnic sensibility — ideal for festive occasions, everyday wear, gifting and special celebrations.

Key Highlights:
• Premium soft-touch fabric with a comfortable hand feel
• Tailored fit designed for all-day comfort and easy movement
• Durable double-stitched seams and color-fast dyes for long-lasting wear
• Easy care — machine washable, low maintenance
• Versatile styling — pair with traditional or contemporary essentials

Why shop the Printed Mandarin Collar Neck Straight Kurta at BUTTERBYTE STORE? Enjoy authentic quality, pan-India shipping, secure checkout, easy 7-day returns and dedicated customer support. Elevate your ethnic and everyday wardrobe with BUTTERBYTE STORE — premium fashion for the modern Indian.",1050.00,750.00,29,51,In Stock,f,f,f,3.5,160,2026-05-31 01:07:57.82245+00
8cbe5938-9774-44a5-949b-2b6dc6733cca,mens-full-sleeves-chikankari-kurta-2,Mens Full Sleeves Chikankari Kurta,BUTTERBYTE STORE,,cfcad8f4-9960-4d63-9227-afec33560db2,"Discover the Mens Full Sleeves Chikankari Kurta from BUTTERBYTE STORE — a thoughtfully designed kurtas crafted for the modern Indian wardrobe. Made with premium, breathable fabric and finished with meticulous tailoring, this Mens Full Sleeves Chikankari Kurta blends contemporary design with timeless ethnic sensibility — ideal for festive occasions, everyday wear, gifting and special celebrations.

Key Highlights:
• Premium soft-touch fabric with a comfortable hand feel
• Tailored fit designed for all-day comfort and easy movement
• Durable double-stitched seams and color-fast dyes for long-lasting wear
• Easy care — machine washable, low maintenance
• Versatile styling — pair with traditional or contemporary essentials

Why shop the Mens Full Sleeves Chikankari Kurta at BUTTERBYTE STORE? Enjoy authentic quality, pan-India shipping, secure checkout, easy 7-day returns and dedicated customer support. Elevate your ethnic and everyday wardrobe with BUTTERBYTE STORE — premium fashion for the modern Indian.",1400.00,1000.00,29,37,In Stock,f,f,f,5.0,86,2026-05-31 01:07:57.856438+00
3753e6d2-38fc-46ba-a5d2-e33820baa2b5,men-geometric-embroidery-mandarin-collar-straight-kurta,Men Geometric Embroidery Mandarin Collar Straight Kurta,BUTTERBYTE STORE,,cfcad8f4-9960-4d63-9227-afec33560db2,"Discover the Men Geometric Embroidery Mandarin Collar Straight Kurta from BUTTERBYTE STORE — a thoughtfully designed kurtas crafted for the modern Indian wardrobe. Made with premium, breathable fabric and finished with meticulous tailoring, this Men Geometric Embroidery Mandarin Collar Straight Kurta blends contemporary design with timeless ethnic sensibility — ideal for festive occasions, everyday wear, gifting and special celebrations.

Key Highlights:
• Premium soft-touch fabric with a comfortable hand feel
• Tailored fit designed for all-day comfort and easy movement
• Durable double-stitched seams and color-fast dyes for long-lasting wear
• Easy care — machine washable, low maintenance
• Versatile styling — pair with traditional or contemporary essentials

Why shop the Men Geometric Embroidery Mandarin Collar Straight Kurta at BUTTERBYTE STORE? Enjoy authentic quality, pan-India shipping, secure checkout, easy 7-day returns and dedicated customer support. Elevate your ethnic and everyday wardrobe with BUTTERBYTE STORE — premium fashion for the modern Indian.",2100.00,1500.00,29,23,In Stock,t,f,t,4.0,140,2026-05-31 01:07:57.890492+00
51f5c74d-23e5-4938-9b51-ed499dc57c83,cotton-printed-long-sleeves-mandarin-kurta-for-men,Cotton Printed Long Sleeves Mandarin Kurta For Men,BUTTERBYTE STORE,,cfcad8f4-9960-4d63-9227-afec33560db2,"Discover the Cotton Printed Long Sleeves Mandarin Kurta For Men from BUTTERBYTE STORE — a thoughtfully designed kurtas crafted for the modern Indian wardrobe. Made with premium, breathable fabric and finished with meticulous tailoring, this Cotton Printed Long Sleeves Mandarin Kurta For Men blends contemporary design with timeless ethnic sensibility — ideal for festive occasions, everyday wear, gifting and special celebrations.

Key Highlights:
• Premium soft-touch fabric with a comfortable hand feel
• Tailored fit designed for all-day comfort and easy movement
• Durable double-stitched seams and color-fast dyes for long-lasting wear
• Easy care — machine washable, low maintenance
• Versatile styling — pair with traditional or contemporary essentials

Why shop the Cotton Printed Long Sleeves Mandarin Kurta For Men at BUTTERBYTE STORE? Enjoy authentic quality, pan-India shipping, secure checkout, easy 7-day returns and dedicated customer support. Elevate your ethnic and everyday wardrobe with BUTTERBYTE STORE — premium fashion for the modern Indian.",2030.00,1450.00,29,45,In Stock,f,f,f,4.0,109,2026-05-31 01:07:57.924213+00
29f864bb-f506-4f16-b632-bf23ee8a4b36,work-chikankari-indian-style-cotton-kurta,Work Chikankari Indian Style Cotton Kurta,BUTTERBYTE STORE,,cfcad8f4-9960-4d63-9227-afec33560db2,"Discover the Work Chikankari Indian Style Cotton Kurta from BUTTERBYTE STORE — a thoughtfully designed kurtas crafted for the modern Indian wardrobe. Made with premium, breathable fabric and finished with meticulous tailoring, this Work Chikankari Indian Style Cotton Kurta blends contemporary design with timeless ethnic sensibility — ideal for festive occasions, everyday wear, gifting and special celebrations.

Key Highlights:
• Premium soft-touch fabric with a comfortable hand feel
• Tailored fit designed for all-day comfort and easy movement
• Durable double-stitched seams and color-fast dyes for long-lasting wear
• Easy care — machine washable, low maintenance
• Versatile styling — pair with traditional or contemporary essentials

Why shop the Work Chikankari Indian Style Cotton Kurta at BUTTERBYTE STORE? Enjoy authentic quality, pan-India shipping, secure checkout, easy 7-day returns and dedicated customer support. Elevate your ethnic and everyday wardrobe with BUTTERBYTE STORE — premium fashion for the modern Indian.",3850.00,2750.00,29,42,In Stock,t,f,t,3.5,107,2026-05-31 01:07:57.958056+00
c34a6344-4871-49e7-9ce2-6b83d2ad62f5,mustard-yellow-spandex-kurta-for-men,Mustard Yellow Spandex Kurta For Men,BUTTERBYTE STORE,,cfcad8f4-9960-4d63-9227-afec33560db2,"Discover the Mustard Yellow Spandex Kurta For Men from BUTTERBYTE STORE — a thoughtfully designed kurtas crafted for the modern Indian wardrobe. Made with premium, breathable fabric and finished with meticulous tailoring, this Mustard Yellow Spandex Kurta For Men blends contemporary design with timeless ethnic sensibility — ideal for festive occasions, everyday wear, gifting and special celebrations.

Key Highlights:
• Premium soft-touch fabric with a comfortable hand feel
• Tailored fit designed for all-day comfort and easy movement
• Durable double-stitched seams and color-fast dyes for long-lasting wear
• Easy care — machine washable, low maintenance
• Versatile styling — pair with traditional or contemporary essentials

Why shop the Mustard Yellow Spandex Kurta For Men at BUTTERBYTE STORE? Enjoy authentic quality, pan-India shipping, secure checkout, easy 7-day returns and dedicated customer support. Elevate your ethnic and everyday wardrobe with BUTTERBYTE STORE — premium fashion for the modern Indian.",1540.00,1100.00,29,56,In Stock,f,f,f,4.0,30,2026-05-31 01:07:57.992055+00
de0d0d4b-11cd-43e8-af96-205ab42d7cd8,cotton-silk-embroidered-mandarin-collor-off-white-kurta,Cotton Silk Embroidered Mandarin Collor Off White Kurta,BUTTERBYTE STORE,,cfcad8f4-9960-4d63-9227-afec33560db2,"Discover the Cotton Silk Embroidered Mandarin Collor Off White Kurta from BUTTERBYTE STORE — a thoughtfully designed kurtas crafted for the modern Indian wardrobe. Made with premium, breathable fabric and finished with meticulous tailoring, this Cotton Silk Embroidered Mandarin Collor Off White Kurta blends contemporary design with timeless ethnic sensibility — ideal for festive occasions, everyday wear, gifting and special celebrations.

Key Highlights:
• Premium soft-touch fabric with a comfortable hand feel
• Tailored fit designed for all-day comfort and easy movement
• Durable double-stitched seams and color-fast dyes for long-lasting wear
• Easy care — machine washable, low maintenance
• Versatile styling — pair with traditional or contemporary essentials

Why shop the Cotton Silk Embroidered Mandarin Collor Off White Kurta at BUTTERBYTE STORE? Enjoy authentic quality, pan-India shipping, secure checkout, easy 7-day returns and dedicated customer support. Elevate your ethnic and everyday wardrobe with BUTTERBYTE STORE — premium fashion for the modern Indian.",4130.00,2950.00,29,41,In Stock,t,t,f,5.0,64,2026-05-31 01:07:58.025764+00
8ffc720d-52d7-4926-ab13-b044950bebea,blue-cotton-blend-embroidered-kurta,Blue Cotton Blend Embroidered Kurta,BUTTERBYTE STORE,,cfcad8f4-9960-4d63-9227-afec33560db2,"Discover the Blue Cotton Blend Embroidered Kurta from BUTTERBYTE STORE — a thoughtfully designed kurtas crafted for the modern Indian wardrobe. Made with premium, breathable fabric and finished with meticulous tailoring, this Blue Cotton Blend Embroidered Kurta blends contemporary design with timeless ethnic sensibility — ideal for festive occasions, everyday wear, gifting and special celebrations.

Key Highlights:
• Premium soft-touch fabric with a comfortable hand feel
• Tailored fit designed for all-day comfort and easy movement
• Durable double-stitched seams and color-fast dyes for long-lasting wear
• Easy care — machine washable, low maintenance
• Versatile styling — pair with traditional or contemporary essentials

Why shop the Blue Cotton Blend Embroidered Kurta at BUTTERBYTE STORE? Enjoy authentic quality, pan-India shipping, secure checkout, easy 7-day returns and dedicated customer support. Elevate your ethnic and everyday wardrobe with BUTTERBYTE STORE — premium fashion for the modern Indian.",1260.00,900.00,29,49,In Stock,f,f,f,4.0,13,2026-05-31 01:07:58.059505+00
8b3fde02-bb85-4911-8471-f32f51a10ef0,blended-ethnic-motifs-kurta,Blended Ethnic Motifs Kurta,BUTTERBYTE STORE,,cfcad8f4-9960-4d63-9227-afec33560db2,"Discover the Blended Ethnic Motifs Kurta from BUTTERBYTE STORE — a thoughtfully designed kurtas crafted for the modern Indian wardrobe. Made with premium, breathable fabric and finished with meticulous tailoring, this Blended Ethnic Motifs Kurta blends contemporary design with timeless ethnic sensibility — ideal for festive occasions, everyday wear, gifting and special celebrations.

Key Highlights:
• Premium soft-touch fabric with a comfortable hand feel
• Tailored fit designed for all-day comfort and easy movement
• Durable double-stitched seams and color-fast dyes for long-lasting wear
• Easy care — machine washable, low maintenance
• Versatile styling — pair with traditional or contemporary essentials

Why shop the Blended Ethnic Motifs Kurta at BUTTERBYTE STORE? Enjoy authentic quality, pan-India shipping, secure checkout, easy 7-day returns and dedicated customer support. Elevate your ethnic and everyday wardrobe with BUTTERBYTE STORE — premium fashion for the modern Indian.",3570.00,2550.00,29,58,In Stock,f,f,f,3.5,86,2026-05-31 01:07:58.093278+00
b4a36b0f-0606-4e68-a085-7f7ab53ea006,men-yellow-embroidered-and-sequins-kurta,Men Yellow Embroidered And Sequins Kurta,BUTTERBYTE STORE,,cfcad8f4-9960-4d63-9227-afec33560db2,"Discover the Men Yellow Embroidered And Sequins Kurta from BUTTERBYTE STORE — a thoughtfully designed kurtas crafted for the modern Indian wardrobe. Made with premium, breathable fabric and finished with meticulous tailoring, this Men Yellow Embroidered And Sequins Kurta blends contemporary design with timeless ethnic sensibility — ideal for festive occasions, everyday wear, gifting and special celebrations.

Key Highlights:
• Premium soft-touch fabric with a comfortable hand feel
• Tailored fit designed for all-day comfort and easy movement
• Durable double-stitched seams and color-fast dyes for long-lasting wear
• Easy care — machine washable, low maintenance
• Versatile styling — pair with traditional or contemporary essentials

Why shop the Men Yellow Embroidered And Sequins Kurta at BUTTERBYTE STORE? Enjoy authentic quality, pan-India shipping, secure checkout, easy 7-day returns and dedicated customer support. Elevate your ethnic and everyday wardrobe with BUTTERBYTE STORE — premium fashion for the modern Indian.",3640.00,2600.00,29,28,In Stock,t,f,t,3.5,34,2026-05-31 01:07:58.127199+00
ef2fa853-f6eb-4bda-828b-7ab09c970275,embroidered-straight-red-kurta,Embroidered Straight red Kurta,BUTTERBYTE STORE,,cfcad8f4-9960-4d63-9227-afec33560db2,"Discover the Embroidered Straight red Kurta from BUTTERBYTE STORE — a thoughtfully designed kurtas crafted for the modern Indian wardrobe. Made with premium, breathable fabric and finished with meticulous tailoring, this Embroidered Straight red Kurta blends contemporary design with timeless ethnic sensibility — ideal for festive occasions, everyday wear, gifting and special celebrations.

Key Highlights:
• Premium soft-touch fabric with a comfortable hand feel
• Tailored fit designed for all-day comfort and easy movement
• Durable double-stitched seams and color-fast dyes for long-lasting wear
• Easy care — machine washable, low maintenance
• Versatile styling — pair with traditional or contemporary essentials

Why shop the Embroidered Straight red Kurta at BUTTERBYTE STORE? Enjoy authentic quality, pan-India shipping, secure checkout, easy 7-day returns and dedicated customer support. Elevate your ethnic and everyday wardrobe with BUTTERBYTE STORE — premium fashion for the modern Indian.",3010.00,2150.00,29,35,In Stock,f,f,f,5.0,174,2026-05-31 01:07:58.161152+00
41275b9a-61ca-4598-85b8-c0e26ab86d88,dark-blue-kurta-for-men,Dark Blue Kurta For Men,BUTTERBYTE STORE,,cfcad8f4-9960-4d63-9227-afec33560db2,"Discover the Dark Blue Kurta For Men from BUTTERBYTE STORE — a thoughtfully designed kurtas crafted for the modern Indian wardrobe. Made with premium, breathable fabric and finished with meticulous tailoring, this Dark Blue Kurta For Men blends contemporary design with timeless ethnic sensibility — ideal for festive occasions, everyday wear, gifting and special celebrations.

Key Highlights:
• Premium soft-touch fabric with a comfortable hand feel
• Tailored fit designed for all-day comfort and easy movement
• Durable double-stitched seams and color-fast dyes for long-lasting wear
• Easy care — machine washable, low maintenance
• Versatile styling — pair with traditional or contemporary essentials

Why shop the Dark Blue Kurta For Men at BUTTERBYTE STORE? Enjoy authentic quality, pan-India shipping, secure checkout, easy 7-day returns and dedicated customer support. Elevate your ethnic and everyday wardrobe with BUTTERBYTE STORE — premium fashion for the modern Indian.",2940.00,2100.00,29,29,In Stock,f,f,f,3.5,141,2026-05-31 01:07:58.195028+00
4426058c-883d-40e1-9ede-4612c4d0f88b,marble-printed-cream-mandarin-collor-cotton-kurta,Marble Printed Cream Mandarin Collor Cotton Kurta,BUTTERBYTE STORE,,cfcad8f4-9960-4d63-9227-afec33560db2,"Discover the Marble Printed Cream Mandarin Collor Cotton Kurta from BUTTERBYTE STORE — a thoughtfully designed kurtas crafted for the modern Indian wardrobe. Made with premium, breathable fabric and finished with meticulous tailoring, this Marble Printed Cream Mandarin Collor Cotton Kurta blends contemporary design with timeless ethnic sensibility — ideal for festive occasions, everyday wear, gifting and special celebrations.

Key Highlights:
• Premium soft-touch fabric with a comfortable hand feel
• Tailored fit designed for all-day comfort and easy movement
• Durable double-stitched seams and color-fast dyes for long-lasting wear
• Easy care — machine washable, low maintenance
• Versatile styling — pair with traditional or contemporary essentials

Why shop the Marble Printed Cream Mandarin Collor Cotton Kurta at BUTTERBYTE STORE? Enjoy authentic quality, pan-India shipping, secure checkout, easy 7-day returns and dedicated customer support. Elevate your ethnic and everyday wardrobe with BUTTERBYTE STORE — premium fashion for the modern Indian.",3640.00,2600.00,29,51,In Stock,t,f,f,5.0,93,2026-05-31 01:07:58.229022+00
b8a7ba32-49c9-472b-baa2-7f1b6856c8b9,cotton-blend-ombre-printed-white-kurta,Cotton Blend Ombre Printed White Kurta,BUTTERBYTE STORE,,cfcad8f4-9960-4d63-9227-afec33560db2,"Discover the Cotton Blend Ombre Printed White Kurta from BUTTERBYTE STORE — a thoughtfully designed kurtas crafted for the modern Indian wardrobe. Made with premium, breathable fabric and finished with meticulous tailoring, this Cotton Blend Ombre Printed White Kurta blends contemporary design with timeless ethnic sensibility — ideal for festive occasions, everyday wear, gifting and special celebrations.

Key Highlights:
• Premium soft-touch fabric with a comfortable hand feel
• Tailored fit designed for all-day comfort and easy movement
• Durable double-stitched seams and color-fast dyes for long-lasting wear
• Easy care — machine washable, low maintenance
• Versatile styling — pair with traditional or contemporary essentials

Why shop the Cotton Blend Ombre Printed White Kurta at BUTTERBYTE STORE? Enjoy authentic quality, pan-India shipping, secure checkout, easy 7-day returns and dedicated customer support. Elevate your ethnic and everyday wardrobe with BUTTERBYTE STORE — premium fashion for the modern Indian.",910.00,650.00,29,53,In Stock,f,t,f,5.0,26,2026-05-31 01:07:58.2629+00
149ef043-e33c-4f40-b044-b0aaa036598e,cotton-dobby-mustard-short-kurta,Cotton Dobby Mustard Short Kurta,BUTTERBYTE STORE,,cfcad8f4-9960-4d63-9227-afec33560db2,"Discover the Cotton Dobby Mustard Short Kurta from BUTTERBYTE STORE — a thoughtfully designed kurtas crafted for the modern Indian wardrobe. Made with premium, breathable fabric and finished with meticulous tailoring, this Cotton Dobby Mustard Short Kurta blends contemporary design with timeless ethnic sensibility — ideal for festive occasions, everyday wear, gifting and special celebrations.

Key Highlights:
• Premium soft-touch fabric with a comfortable hand feel
• Tailored fit designed for all-day comfort and easy movement
• Durable double-stitched seams and color-fast dyes for long-lasting wear
• Easy care — machine washable, low maintenance
• Versatile styling — pair with traditional or contemporary essentials

Why shop the Cotton Dobby Mustard Short Kurta at BUTTERBYTE STORE? Enjoy authentic quality, pan-India shipping, secure checkout, easy 7-day returns and dedicated customer support. Elevate your ethnic and everyday wardrobe with BUTTERBYTE STORE — premium fashion for the modern Indian.",2590.00,1850.00,29,30,In Stock,f,f,f,4.0,178,2026-05-31 01:07:58.29663+00
714b7cc2-da57-4b38-b090-1ceb138a8df5,pink-ethnic-turquoise-silk-embroidered-men-ku,Pink Ethnic Turquoise Silk Embroidered Men Ku,BUTTERBYTE STORE,,cfcad8f4-9960-4d63-9227-afec33560db2,"Discover the Pink Ethnic Turquoise Silk Embroidered Men Ku from BUTTERBYTE STORE — a thoughtfully designed kurtas crafted for the modern Indian wardrobe. Made with premium, breathable fabric and finished with meticulous tailoring, this Pink Ethnic Turquoise Silk Embroidered Men Ku blends contemporary design with timeless ethnic sensibility — ideal for festive occasions, everyday wear, gifting and special celebrations.

Key Highlights:
• Premium soft-touch fabric with a comfortable hand feel
• Tailored fit designed for all-day comfort and easy movement
• Durable double-stitched seams and color-fast dyes for long-lasting wear
• Easy care — machine washable, low maintenance
• Versatile styling — pair with traditional or contemporary essentials

Why shop the Pink Ethnic Turquoise Silk Embroidered Men Ku at BUTTERBYTE STORE? Enjoy authentic quality, pan-India shipping, secure checkout, easy 7-day returns and dedicated customer support. Elevate your ethnic and everyday wardrobe with BUTTERBYTE STORE — premium fashion for the modern Indian.",3290.00,2350.00,29,42,In Stock,f,f,f,3.5,126,2026-05-31 01:07:58.330433+00
935efe80-b3c5-49ee-aa45-0f0983c6dff2,mens-multi-color-printed-kurta,Mens Multi Color Printed Kurta,BUTTERBYTE STORE,,cfcad8f4-9960-4d63-9227-afec33560db2,"Discover the Mens Multi Color Printed Kurta from BUTTERBYTE STORE — a thoughtfully designed kurtas crafted for the modern Indian wardrobe. Made with premium, breathable fabric and finished with meticulous tailoring, this Mens Multi Color Printed Kurta blends contemporary design with timeless ethnic sensibility — ideal for festive occasions, everyday wear, gifting and special celebrations.

Key Highlights:
• Premium soft-touch fabric with a comfortable hand feel
• Tailored fit designed for all-day comfort and easy movement
• Durable double-stitched seams and color-fast dyes for long-lasting wear
• Easy care — machine washable, low maintenance
• Versatile styling — pair with traditional or contemporary essentials

Why shop the Mens Multi Color Printed Kurta at BUTTERBYTE STORE? Enjoy authentic quality, pan-India shipping, secure checkout, easy 7-day returns and dedicated customer support. Elevate your ethnic and everyday wardrobe with BUTTERBYTE STORE — premium fashion for the modern Indian.",3220.00,2300.00,29,34,In Stock,f,f,f,4.0,36,2026-05-31 01:07:58.364228+00
b4e1e434-c56e-4718-81d9-44ab0cbfd434,mens-yellow-cotton-short-kurta,Mens Yellow Cotton Short Kurta,BUTTERBYTE STORE,,cfcad8f4-9960-4d63-9227-afec33560db2,"Discover the Mens Yellow Cotton Short Kurta from BUTTERBYTE STORE — a thoughtfully designed kurtas crafted for the modern Indian wardrobe. Made with premium, breathable fabric and finished with meticulous tailoring, this Mens Yellow Cotton Short Kurta blends contemporary design with timeless ethnic sensibility — ideal for festive occasions, everyday wear, gifting and special celebrations.

Key Highlights:
• Premium soft-touch fabric with a comfortable hand feel
• Tailored fit designed for all-day comfort and easy movement
• Durable double-stitched seams and color-fast dyes for long-lasting wear
• Easy care — machine washable, low maintenance
• Versatile styling — pair with traditional or contemporary essentials

Why shop the Mens Yellow Cotton Short Kurta at BUTTERBYTE STORE? Enjoy authentic quality, pan-India shipping, secure checkout, easy 7-day returns and dedicated customer support. Elevate your ethnic and everyday wardrobe with BUTTERBYTE STORE — premium fashion for the modern Indian.",1960.00,1400.00,29,48,In Stock,f,t,f,3.5,49,2026-05-31 01:07:58.398057+00
27886b68-71cb-478e-8912-d6e9fb8a494d,floral-embroidered-straight-kurta,Floral Embroidered Straight Kurta,BUTTERBYTE STORE,,cfcad8f4-9960-4d63-9227-afec33560db2,"Discover the Floral Embroidered Straight Kurta from BUTTERBYTE STORE — a thoughtfully designed kurtas crafted for the modern Indian wardrobe. Made with premium, breathable fabric and finished with meticulous tailoring, this Floral Embroidered Straight Kurta blends contemporary design with timeless ethnic sensibility — ideal for festive occasions, everyday wear, gifting and special celebrations.

Key Highlights:
• Premium soft-touch fabric with a comfortable hand feel
• Tailored fit designed for all-day comfort and easy movement
• Durable double-stitched seams and color-fast dyes for long-lasting wear
• Easy care — machine washable, low maintenance
• Versatile styling — pair with traditional or contemporary essentials

Why shop the Floral Embroidered Straight Kurta at BUTTERBYTE STORE? Enjoy authentic quality, pan-India shipping, secure checkout, easy 7-day returns and dedicated customer support. Elevate your ethnic and everyday wardrobe with BUTTERBYTE STORE — premium fashion for the modern Indian.",3080.00,2200.00,29,41,In Stock,f,f,t,3.5,116,2026-05-31 01:07:58.431894+00
d2a2035e-6034-4599-b08c-ed2cd3273669,printed-peach-mandarin-collor-cotton-summer-kurta,Printed Peach Mandarin Collor Cotton Summer Kurta,BUTTERBYTE STORE,,cfcad8f4-9960-4d63-9227-afec33560db2,"Discover the Printed Peach Mandarin Collor Cotton Summer Kurta from BUTTERBYTE STORE — a thoughtfully designed kurtas crafted for the modern Indian wardrobe. Made with premium, breathable fabric and finished with meticulous tailoring, this Printed Peach Mandarin Collor Cotton Summer Kurta blends contemporary design with timeless ethnic sensibility — ideal for festive occasions, everyday wear, gifting and special celebrations.

Key Highlights:
• Premium soft-touch fabric with a comfortable hand feel
• Tailored fit designed for all-day comfort and easy movement
• Durable double-stitched seams and color-fast dyes for long-lasting wear
• Easy care — machine washable, low maintenance
• Versatile styling — pair with traditional or contemporary essentials

Why shop the Printed Peach Mandarin Collor Cotton Summer Kurta at BUTTERBYTE STORE? Enjoy authentic quality, pan-India shipping, secure checkout, easy 7-day returns and dedicated customer support. Elevate your ethnic and everyday wardrobe with BUTTERBYTE STORE — premium fashion for the modern Indian.",2380.00,1700.00,29,54,In Stock,t,f,f,3.5,86,2026-05-31 01:07:58.465616+00
bc7b02ee-4dd4-454b-9585-26cd6efb7e4e,white-dreams-kurta-for-men,White Dreams Kurta For Men,BUTTERBYTE STORE,,cfcad8f4-9960-4d63-9227-afec33560db2,"Discover the White Dreams Kurta For Men from BUTTERBYTE STORE — a thoughtfully designed kurtas crafted for the modern Indian wardrobe. Made with premium, breathable fabric and finished with meticulous tailoring, this White Dreams Kurta For Men blends contemporary design with timeless ethnic sensibility — ideal for festive occasions, everyday wear, gifting and special celebrations.

Key Highlights:
• Premium soft-touch fabric with a comfortable hand feel
• Tailored fit designed for all-day comfort and easy movement
• Durable double-stitched seams and color-fast dyes for long-lasting wear
• Easy care — machine washable, low maintenance
• Versatile styling — pair with traditional or contemporary essentials

Why shop the White Dreams Kurta For Men at BUTTERBYTE STORE? Enjoy authentic quality, pan-India shipping, secure checkout, easy 7-day returns and dedicated customer support. Elevate your ethnic and everyday wardrobe with BUTTERBYTE STORE — premium fashion for the modern Indian.",3360.00,2400.00,29,11,In Stock,f,t,f,3.5,53,2026-05-31 01:07:58.49959+00
f4cbe77f-b914-4e56-880c-229b699cda3e,men-pink-cotton-silk-embroidered-floral-kurta,Men Pink Cotton Silk Embroidered Floral Kurta,BUTTERBYTE STORE,,cfcad8f4-9960-4d63-9227-afec33560db2,"Discover the Men Pink Cotton Silk Embroidered Floral Kurta from BUTTERBYTE STORE — a thoughtfully designed kurtas crafted for the modern Indian wardrobe. Made with premium, breathable fabric and finished with meticulous tailoring, this Men Pink Cotton Silk Embroidered Floral Kurta blends contemporary design with timeless ethnic sensibility — ideal for festive occasions, everyday wear, gifting and special celebrations.

Key Highlights:
• Premium soft-touch fabric with a comfortable hand feel
• Tailored fit designed for all-day comfort and easy movement
• Durable double-stitched seams and color-fast dyes for long-lasting wear
• Easy care — machine washable, low maintenance
• Versatile styling — pair with traditional or contemporary essentials

Why shop the Men Pink Cotton Silk Embroidered Floral Kurta at BUTTERBYTE STORE? Enjoy authentic quality, pan-India shipping, secure checkout, easy 7-day returns and dedicated customer support. Elevate your ethnic and everyday wardrobe with BUTTERBYTE STORE — premium fashion for the modern Indian.",1890.00,1350.00,29,28,In Stock,t,f,f,3.5,17,2026-05-31 01:07:58.533611+00
d859e987-d4e5-4fa1-bb23-f2a188e63e0b,white-viscose-silk-embroidered-stitched-kurta-2,White Viscose Silk Embroidered Stitched Kurta,BUTTERBYTE STORE,,cfcad8f4-9960-4d63-9227-afec33560db2,"Discover the White Viscose Silk Embroidered Stitched Kurta from BUTTERBYTE STORE — a thoughtfully designed kurtas crafted for the modern Indian wardrobe. Made with premium, breathable fabric and finished with meticulous tailoring, this White Viscose Silk Embroidered Stitched Kurta blends contemporary design with timeless ethnic sensibility — ideal for festive occasions, everyday wear, gifting and special celebrations.

Key Highlights:
• Premium soft-touch fabric with a comfortable hand feel
• Tailored fit designed for all-day comfort and easy movement
• Durable double-stitched seams and color-fast dyes for long-lasting wear
• Easy care — machine washable, low maintenance
• Versatile styling — pair with traditional or contemporary essentials

Why shop the White Viscose Silk Embroidered Stitched Kurta at BUTTERBYTE STORE? Enjoy authentic quality, pan-India shipping, secure checkout, easy 7-day returns and dedicated customer support. Elevate your ethnic and everyday wardrobe with BUTTERBYTE STORE — premium fashion for the modern Indian.",3290.00,2350.00,29,46,In Stock,f,f,f,5.0,68,2026-05-31 01:07:58.567654+00
deaa951b-ba57-4cc4-ae6a-5954d311287d,white-cotton-blend-dobby-slim-fit-long-kurta,White Cotton Blend Dobby Slim Fit Long Kurta,BUTTERBYTE STORE,,cfcad8f4-9960-4d63-9227-afec33560db2,"Discover the White Cotton Blend Dobby Slim Fit Long Kurta from BUTTERBYTE STORE — a thoughtfully designed kurtas crafted for the modern Indian wardrobe. Made with premium, breathable fabric and finished with meticulous tailoring, this White Cotton Blend Dobby Slim Fit Long Kurta blends contemporary design with timeless ethnic sensibility — ideal for festive occasions, everyday wear, gifting and special celebrations.

Key Highlights:
• Premium soft-touch fabric with a comfortable hand feel
• Tailored fit designed for all-day comfort and easy movement
• Durable double-stitched seams and color-fast dyes for long-lasting wear
• Easy care — machine washable, low maintenance
• Versatile styling — pair with traditional or contemporary essentials

Why shop the White Cotton Blend Dobby Slim Fit Long Kurta at BUTTERBYTE STORE? Enjoy authentic quality, pan-India shipping, secure checkout, easy 7-day returns and dedicated customer support. Elevate your ethnic and everyday wardrobe with BUTTERBYTE STORE — premium fashion for the modern Indian.",700.00,500.00,29,25,In Stock,f,f,f,4.0,55,2026-05-31 01:07:58.601545+00
5f7a1839-0618-4629-b5f3-096780e4fdc4,men-off-purple-kurta,Men Off Purple Kurta,BUTTERBYTE STORE,,cfcad8f4-9960-4d63-9227-afec33560db2,"Discover the Men Off Purple Kurta from BUTTERBYTE STORE — a thoughtfully designed kurtas crafted for the modern Indian wardrobe. Made with premium, breathable fabric and finished with meticulous tailoring, this Men Off Purple Kurta blends contemporary design with timeless ethnic sensibility — ideal for festive occasions, everyday wear, gifting and special celebrations.

Key Highlights:
• Premium soft-touch fabric with a comfortable hand feel
• Tailored fit designed for all-day comfort and easy movement
• Durable double-stitched seams and color-fast dyes for long-lasting wear
• Easy care — machine washable, low maintenance
• Versatile styling — pair with traditional or contemporary essentials

Why shop the Men Off Purple Kurta at BUTTERBYTE STORE? Enjoy authentic quality, pan-India shipping, secure checkout, easy 7-day returns and dedicated customer support. Elevate your ethnic and everyday wardrobe with BUTTERBYTE STORE — premium fashion for the modern Indian.",1960.00,1400.00,29,43,In Stock,f,f,f,4.0,168,2026-05-31 01:07:58.635598+00
4445fc9b-2deb-461c-bf99-3b596c176225,mens-maroon-self-design-only-long-kur,Mens Maroon Self Design Only Long Kur,BUTTERBYTE STORE,,cfcad8f4-9960-4d63-9227-afec33560db2,"Discover the Mens Maroon Self Design Only Long Kur from BUTTERBYTE STORE — a thoughtfully designed kurtas crafted for the modern Indian wardrobe. Made with premium, breathable fabric and finished with meticulous tailoring, this Mens Maroon Self Design Only Long Kur blends contemporary design with timeless ethnic sensibility — ideal for festive occasions, everyday wear, gifting and special celebrations.

Key Highlights:
• Premium soft-touch fabric with a comfortable hand feel
• Tailored fit designed for all-day comfort and easy movement
• Durable double-stitched seams and color-fast dyes for long-lasting wear
• Easy care — machine washable, low maintenance
• Versatile styling — pair with traditional or contemporary essentials

Why shop the Mens Maroon Self Design Only Long Kur at BUTTERBYTE STORE? Enjoy authentic quality, pan-India shipping, secure checkout, easy 7-day returns and dedicated customer support. Elevate your ethnic and everyday wardrobe with BUTTERBYTE STORE — premium fashion for the modern Indian.",2660.00,1900.00,29,33,In Stock,f,f,f,5.0,132,2026-05-31 01:07:58.669292+00
f4188b42-21fd-458d-8ef7-7e8dc6c875d9,men-mustard-embroidered-kurta,Men Mustard Embroidered Kurta,BUTTERBYTE STORE,,cfcad8f4-9960-4d63-9227-afec33560db2,"Discover the Men Mustard Embroidered Kurta from BUTTERBYTE STORE — a thoughtfully designed kurtas crafted for the modern Indian wardrobe. Made with premium, breathable fabric and finished with meticulous tailoring, this Men Mustard Embroidered Kurta blends contemporary design with timeless ethnic sensibility — ideal for festive occasions, everyday wear, gifting and special celebrations.

Key Highlights:
• Premium soft-touch fabric with a comfortable hand feel
• Tailored fit designed for all-day comfort and easy movement
• Durable double-stitched seams and color-fast dyes for long-lasting wear
• Easy care — machine washable, low maintenance
• Versatile styling — pair with traditional or contemporary essentials

Why shop the Men Mustard Embroidered Kurta at BUTTERBYTE STORE? Enjoy authentic quality, pan-India shipping, secure checkout, easy 7-day returns and dedicated customer support. Elevate your ethnic and everyday wardrobe with BUTTERBYTE STORE — premium fashion for the modern Indian.",3360.00,2400.00,29,38,In Stock,f,f,f,5.0,31,2026-05-31 01:07:58.703188+00
bd00905a-e791-4b19-8373-03a95f94df00,men-wine-chanderi-kurta,Men Wine Chanderi Kurta,BUTTERBYTE STORE,,cfcad8f4-9960-4d63-9227-afec33560db2,"Discover the Men Wine Chanderi Kurta from BUTTERBYTE STORE — a thoughtfully designed kurtas crafted for the modern Indian wardrobe. Made with premium, breathable fabric and finished with meticulous tailoring, this Men Wine Chanderi Kurta blends contemporary design with timeless ethnic sensibility — ideal for festive occasions, everyday wear, gifting and special celebrations.

Key Highlights:
• Premium soft-touch fabric with a comfortable hand feel
• Tailored fit designed for all-day comfort and easy movement
• Durable double-stitched seams and color-fast dyes for long-lasting wear
• Easy care — machine washable, low maintenance
• Versatile styling — pair with traditional or contemporary essentials

Why shop the Men Wine Chanderi Kurta at BUTTERBYTE STORE? Enjoy authentic quality, pan-India shipping, secure checkout, easy 7-day returns and dedicated customer support. Elevate your ethnic and everyday wardrobe with BUTTERBYTE STORE — premium fashion for the modern Indian.",1120.00,800.00,29,59,In Stock,f,f,f,3.5,42,2026-05-31 01:07:58.737312+00
c71d106f-af06-4b6b-8a66-78929e0c965f,men-navy-blue-sherwani-2,Men Navy Blue Sherwani,BUTTERBYTE STORE,,88cc8726-ce23-4273-8587-252dc5ab01eb,"Discover the Men Navy Blue Sherwani from BUTTERBYTE STORE — a thoughtfully designed sherwani crafted for the modern Indian wardrobe. Made with premium, breathable fabric and finished with meticulous tailoring, this Men Navy Blue Sherwani blends contemporary design with timeless ethnic sensibility — ideal for festive occasions, everyday wear, gifting and special celebrations.

Key Highlights:
• Premium soft-touch fabric with a comfortable hand feel
• Tailored fit designed for all-day comfort and easy movement
• Durable double-stitched seams and color-fast dyes for long-lasting wear
• Easy care — machine washable, low maintenance
• Versatile styling — pair with traditional or contemporary essentials

Why shop the Men Navy Blue Sherwani at BUTTERBYTE STORE? Enjoy authentic quality, pan-India shipping, secure checkout, easy 7-day returns and dedicated customer support. Elevate your ethnic and everyday wardrobe with BUTTERBYTE STORE — premium fashion for the modern Indian.",2660.00,1900.00,29,58,In Stock,f,f,f,4.3,78,2026-05-31 01:07:58.771299+00
bf94f901-19c1-4a27-bebf-47e174115614,men-s-cream-silk-blend-sherwani,Men S Cream Silk Blend Sherwani,BUTTERBYTE STORE,,88cc8726-ce23-4273-8587-252dc5ab01eb,"Discover the Men S Cream Silk Blend Sherwani from BUTTERBYTE STORE — a thoughtfully designed sherwani crafted for the modern Indian wardrobe. Made with premium, breathable fabric and finished with meticulous tailoring, this Men S Cream Silk Blend Sherwani blends contemporary design with timeless ethnic sensibility — ideal for festive occasions, everyday wear, gifting and special celebrations.

Key Highlights:
• Premium soft-touch fabric with a comfortable hand feel
• Tailored fit designed for all-day comfort and easy movement
• Durable double-stitched seams and color-fast dyes for long-lasting wear
• Easy care — machine washable, low maintenance
• Versatile styling — pair with traditional or contemporary essentials

Why shop the Men S Cream Silk Blend Sherwani at BUTTERBYTE STORE? Enjoy authentic quality, pan-India shipping, secure checkout, easy 7-day returns and dedicated customer support. Elevate your ethnic and everyday wardrobe with BUTTERBYTE STORE — premium fashion for the modern Indian.",2170.00,1550.00,29,38,In Stock,f,f,f,4.3,10,2026-05-31 01:07:58.805332+00
07ed607f-c7ac-455c-a19d-1a317f63fcf1,pink-embroidered-sherwani-with-kurta-pant,Pink Embroidered Sherwani With Kurta Pant,BUTTERBYTE STORE,,88cc8726-ce23-4273-8587-252dc5ab01eb,"Discover the Pink Embroidered Sherwani With Kurta Pant from BUTTERBYTE STORE — a thoughtfully designed sherwani crafted for the modern Indian wardrobe. Made with premium, breathable fabric and finished with meticulous tailoring, this Pink Embroidered Sherwani With Kurta Pant blends contemporary design with timeless ethnic sensibility — ideal for festive occasions, everyday wear, gifting and special celebrations.

Key Highlights:
• Premium soft-touch fabric with a comfortable hand feel
• Tailored fit designed for all-day comfort and easy movement
• Durable double-stitched seams and color-fast dyes for long-lasting wear
• Easy care — machine washable, low maintenance
• Versatile styling — pair with traditional or contemporary essentials

Why shop the Pink Embroidered Sherwani With Kurta Pant at BUTTERBYTE STORE? Enjoy authentic quality, pan-India shipping, secure checkout, easy 7-day returns and dedicated customer support. Elevate your ethnic and everyday wardrobe with BUTTERBYTE STORE — premium fashion for the modern Indian.",3640.00,2600.00,29,46,In Stock,f,f,f,4.3,115,2026-05-31 01:07:58.839301+00
d0994f79-b12d-4fa3-92d2-55973632fb23,black-velvet-mandarin-neck-mid-waist-sherwani,Black Velvet Mandarin Neck Mid Waist Sherwani,BUTTERBYTE STORE,,88cc8726-ce23-4273-8587-252dc5ab01eb,"Discover the Black Velvet Mandarin Neck Mid Waist Sherwani from BUTTERBYTE STORE — a thoughtfully designed sherwani crafted for the modern Indian wardrobe. Made with premium, breathable fabric and finished with meticulous tailoring, this Black Velvet Mandarin Neck Mid Waist Sherwani blends contemporary design with timeless ethnic sensibility — ideal for festive occasions, everyday wear, gifting and special celebrations.

Key Highlights:
• Premium soft-touch fabric with a comfortable hand feel
• Tailored fit designed for all-day comfort and easy movement
• Durable double-stitched seams and color-fast dyes for long-lasting wear
• Easy care — machine washable, low maintenance
• Versatile styling — pair with traditional or contemporary essentials

Why shop the Black Velvet Mandarin Neck Mid Waist Sherwani at BUTTERBYTE STORE? Enjoy authentic quality, pan-India shipping, secure checkout, easy 7-day returns and dedicated customer support. Elevate your ethnic and everyday wardrobe with BUTTERBYTE STORE — premium fashion for the modern Indian.",3920.00,2800.00,29,24,In Stock,f,f,t,4.3,45,2026-05-31 01:07:58.873052+00
f32ebd81-16f0-408b-9dc3-cdb0a12a9a64,brown-embroidered-cotton-blend-indo-western-sherwani,Brown Embroidered Cotton Blend Indo Western Sherwani,BUTTERBYTE STORE,,88cc8726-ce23-4273-8587-252dc5ab01eb,"Discover the Brown Embroidered Cotton Blend Indo Western Sherwani from BUTTERBYTE STORE — a thoughtfully designed sherwani crafted for the modern Indian wardrobe. Made with premium, breathable fabric and finished with meticulous tailoring, this Brown Embroidered Cotton Blend Indo Western Sherwani blends contemporary design with timeless ethnic sensibility — ideal for festive occasions, everyday wear, gifting and special celebrations.

Key Highlights:
• Premium soft-touch fabric with a comfortable hand feel
• Tailored fit designed for all-day comfort and easy movement
• Durable double-stitched seams and color-fast dyes for long-lasting wear
• Easy care — machine washable, low maintenance
• Versatile styling — pair with traditional or contemporary essentials

Why shop the Brown Embroidered Cotton Blend Indo Western Sherwani at BUTTERBYTE STORE? Enjoy authentic quality, pan-India shipping, secure checkout, easy 7-day returns and dedicated customer support. Elevate your ethnic and everyday wardrobe with BUTTERBYTE STORE — premium fashion for the modern Indian.",8400.00,6000.00,29,25,In Stock,f,t,f,4.3,166,2026-05-31 01:07:58.907791+00
6b4193f9-add7-4231-9c73-4d7b2a4d20db,golden-sherwani-with-kurta-and-churidar-with-stole,Golden Sherwani With Kurta And Churidar With Stole,BUTTERBYTE STORE,,88cc8726-ce23-4273-8587-252dc5ab01eb,"Discover the Golden Sherwani With Kurta And Churidar With Stole from BUTTERBYTE STORE — a thoughtfully designed sherwani crafted for the modern Indian wardrobe. Made with premium, breathable fabric and finished with meticulous tailoring, this Golden Sherwani With Kurta And Churidar With Stole blends contemporary design with timeless ethnic sensibility — ideal for festive occasions, everyday wear, gifting and special celebrations.

Key Highlights:
• Premium soft-touch fabric with a comfortable hand feel
• Tailored fit designed for all-day comfort and easy movement
• Durable double-stitched seams and color-fast dyes for long-lasting wear
• Easy care — machine washable, low maintenance
• Versatile styling — pair with traditional or contemporary essentials

Why shop the Golden Sherwani With Kurta And Churidar With Stole at BUTTERBYTE STORE? Enjoy authentic quality, pan-India shipping, secure checkout, easy 7-day returns and dedicated customer support. Elevate your ethnic and everyday wardrobe with BUTTERBYTE STORE — premium fashion for the modern Indian.",11200.00,8000.00,29,8,In Stock,t,f,t,4.3,53,2026-05-31 01:07:58.941657+00
01fefac9-0e0a-426a-92d6-31d08a70f9d4,gulzar-sherwani-with-kurta-churidar,Gulzar Sherwani With Kurta Churidar,BUTTERBYTE STORE,,88cc8726-ce23-4273-8587-252dc5ab01eb,"Discover the Gulzar Sherwani With Kurta Churidar from BUTTERBYTE STORE — a thoughtfully designed sherwani crafted for the modern Indian wardrobe. Made with premium, breathable fabric and finished with meticulous tailoring, this Gulzar Sherwani With Kurta Churidar blends contemporary design with timeless ethnic sensibility — ideal for festive occasions, everyday wear, gifting and special celebrations.

Key Highlights:
• Premium soft-touch fabric with a comfortable hand feel
• Tailored fit designed for all-day comfort and easy movement
• Durable double-stitched seams and color-fast dyes for long-lasting wear
• Easy care — machine washable, low maintenance
• Versatile styling — pair with traditional or contemporary essentials

Why shop the Gulzar Sherwani With Kurta Churidar at BUTTERBYTE STORE? Enjoy authentic quality, pan-India shipping, secure checkout, easy 7-day returns and dedicated customer support. Elevate your ethnic and everyday wardrobe with BUTTERBYTE STORE — premium fashion for the modern Indian.",12600.00,9000.00,29,13,In Stock,f,f,f,4.3,40,2026-05-31 01:07:58.975592+00
a6367c7b-25e5-48af-bd7f-2ce0503f20a5,lemonade-pink-sherwani-and-trouser-set-of-2,Lemonade Pink Sherwani And Trouser Set Of 2,BUTTERBYTE STORE,,88cc8726-ce23-4273-8587-252dc5ab01eb,"Discover the Lemonade Pink Sherwani And Trouser Set Of 2 from BUTTERBYTE STORE — a thoughtfully designed sherwani crafted for the modern Indian wardrobe. Made with premium, breathable fabric and finished with meticulous tailoring, this Lemonade Pink Sherwani And Trouser Set Of 2 blends contemporary design with timeless ethnic sensibility — ideal for festive occasions, everyday wear, gifting and special celebrations.

Key Highlights:
• Premium soft-touch fabric with a comfortable hand feel
• Tailored fit designed for all-day comfort and easy movement
• Durable double-stitched seams and color-fast dyes for long-lasting wear
• Easy care — machine washable, low maintenance
• Versatile styling — pair with traditional or contemporary essentials

Why shop the Lemonade Pink Sherwani And Trouser Set Of 2 at BUTTERBYTE STORE? Enjoy authentic quality, pan-India shipping, secure checkout, easy 7-day returns and dedicated customer support. Elevate your ethnic and everyday wardrobe with BUTTERBYTE STORE — premium fashion for the modern Indian.",14000.00,10000.00,29,52,In Stock,f,f,f,4.3,130,2026-05-31 01:07:59.009562+00
f63a3c26-bc40-4ab2-bf4a-bc954be2884c,men-s-white-embroidered-sherwani-with-trouser,Men S White Embroidered Sherwani With Trouser,BUTTERBYTE STORE,,88cc8726-ce23-4273-8587-252dc5ab01eb,"Discover the Men S White Embroidered Sherwani With Trouser from BUTTERBYTE STORE — a thoughtfully designed sherwani crafted for the modern Indian wardrobe. Made with premium, breathable fabric and finished with meticulous tailoring, this Men S White Embroidered Sherwani With Trouser blends contemporary design with timeless ethnic sensibility — ideal for festive occasions, everyday wear, gifting and special celebrations.

Key Highlights:
• Premium soft-touch fabric with a comfortable hand feel
• Tailored fit designed for all-day comfort and easy movement
• Durable double-stitched seams and color-fast dyes for long-lasting wear
• Easy care — machine washable, low maintenance
• Versatile styling — pair with traditional or contemporary essentials

Why shop the Men S White Embroidered Sherwani With Trouser at BUTTERBYTE STORE? Enjoy authentic quality, pan-India shipping, secure checkout, easy 7-day returns and dedicated customer support. Elevate your ethnic and everyday wardrobe with BUTTERBYTE STORE — premium fashion for the modern Indian.",3220.00,2300.00,29,27,In Stock,t,f,f,4.3,137,2026-05-31 01:07:59.043481+00
3cadffc3-15ee-4a25-8e3e-7eeb90d20f34,silk-blend-gold-maroon-self-design-sherwani-set-of-3,Silk Blend Gold Maroon Self Design Sherwani Set Of 3,BUTTERBYTE STORE,,88cc8726-ce23-4273-8587-252dc5ab01eb,"Discover the Silk Blend Gold Maroon Self Design Sherwani Set Of 3 from BUTTERBYTE STORE — a thoughtfully designed sherwani crafted for the modern Indian wardrobe. Made with premium, breathable fabric and finished with meticulous tailoring, this Silk Blend Gold Maroon Self Design Sherwani Set Of 3 blends contemporary design with timeless ethnic sensibility — ideal for festive occasions, everyday wear, gifting and special celebrations.

Key Highlights:
• Premium soft-touch fabric with a comfortable hand feel
• Tailored fit designed for all-day comfort and easy movement
• Durable double-stitched seams and color-fast dyes for long-lasting wear
• Easy care — machine washable, low maintenance
• Versatile styling — pair with traditional or contemporary essentials

Why shop the Silk Blend Gold Maroon Self Design Sherwani Set Of 3 at BUTTERBYTE STORE? Enjoy authentic quality, pan-India shipping, secure checkout, easy 7-day returns and dedicated customer support. Elevate your ethnic and everyday wardrobe with BUTTERBYTE STORE — premium fashion for the modern Indian.",1960.00,1400.00,29,58,In Stock,f,f,f,4.3,31,2026-05-31 01:07:59.077621+00
01220bf9-55aa-4508-a221-21a9d8222f58,sherwani-kurta-with-trouser-and-stole,Sherwani Kurta With Trouser And Stole,BUTTERBYTE STORE,,88cc8726-ce23-4273-8587-252dc5ab01eb,"Discover the Sherwani Kurta With Trouser And Stole from BUTTERBYTE STORE — a thoughtfully designed sherwani crafted for the modern Indian wardrobe. Made with premium, breathable fabric and finished with meticulous tailoring, this Sherwani Kurta With Trouser And Stole blends contemporary design with timeless ethnic sensibility — ideal for festive occasions, everyday wear, gifting and special celebrations.

Key Highlights:
• Premium soft-touch fabric with a comfortable hand feel
• Tailored fit designed for all-day comfort and easy movement
• Durable double-stitched seams and color-fast dyes for long-lasting wear
• Easy care — machine washable, low maintenance
• Versatile styling — pair with traditional or contemporary essentials

Why shop the Sherwani Kurta With Trouser And Stole at BUTTERBYTE STORE? Enjoy authentic quality, pan-India shipping, secure checkout, easy 7-day returns and dedicated customer support. Elevate your ethnic and everyday wardrobe with BUTTERBYTE STORE — premium fashion for the modern Indian.",3500.00,2500.00,29,39,In Stock,t,f,f,4.3,142,2026-05-31 01:07:59.11158+00
173b5a12-2649-47a0-9f78-e567ac37bbb3,black-sherwani-with-pant,Black Sherwani With Pant,BUTTERBYTE STORE,,88cc8726-ce23-4273-8587-252dc5ab01eb,"Discover the Black Sherwani With Pant from BUTTERBYTE STORE — a thoughtfully designed sherwani crafted for the modern Indian wardrobe. Made with premium, breathable fabric and finished with meticulous tailoring, this Black Sherwani With Pant blends contemporary design with timeless ethnic sensibility — ideal for festive occasions, everyday wear, gifting and special celebrations.

Key Highlights:
• Premium soft-touch fabric with a comfortable hand feel
• Tailored fit designed for all-day comfort and easy movement
• Durable double-stitched seams and color-fast dyes for long-lasting wear
• Easy care — machine washable, low maintenance
• Versatile styling — pair with traditional or contemporary essentials

Why shop the Black Sherwani With Pant at BUTTERBYTE STORE? Enjoy authentic quality, pan-India shipping, secure checkout, easy 7-day returns and dedicated customer support. Elevate your ethnic and everyday wardrobe with BUTTERBYTE STORE — premium fashion for the modern Indian.",12600.00,9000.00,29,33,In Stock,t,f,f,4.3,87,2026-05-31 01:07:59.145542+00
7c22a84c-207c-4b72-96c1-2ca1cfc1a764,men-wine-sherwani,Men Wine Sherwani,BUTTERBYTE STORE,,88cc8726-ce23-4273-8587-252dc5ab01eb,"Discover the Men Wine Sherwani from BUTTERBYTE STORE — a thoughtfully designed sherwani crafted for the modern Indian wardrobe. Made with premium, breathable fabric and finished with meticulous tailoring, this Men Wine Sherwani blends contemporary design with timeless ethnic sensibility — ideal for festive occasions, everyday wear, gifting and special celebrations.

Key Highlights:
• Premium soft-touch fabric with a comfortable hand feel
• Tailored fit designed for all-day comfort and easy movement
• Durable double-stitched seams and color-fast dyes for long-lasting wear
• Easy care — machine washable, low maintenance
• Versatile styling — pair with traditional or contemporary essentials

Why shop the Men Wine Sherwani at BUTTERBYTE STORE? Enjoy authentic quality, pan-India shipping, secure checkout, easy 7-day returns and dedicated customer support. Elevate your ethnic and everyday wardrobe with BUTTERBYTE STORE — premium fashion for the modern Indian.",1890.00,1350.00,29,31,In Stock,t,t,f,4.3,25,2026-05-31 01:07:59.179447+00
0525302d-cd9b-428e-8f48-c5ebe2cecfe0,men-s-cream-georgette-sherwani,Men S Cream Georgette Sherwani,BUTTERBYTE STORE,,88cc8726-ce23-4273-8587-252dc5ab01eb,"Discover the Men S Cream Georgette Sherwani from BUTTERBYTE STORE — a thoughtfully designed sherwani crafted for the modern Indian wardrobe. Made with premium, breathable fabric and finished with meticulous tailoring, this Men S Cream Georgette Sherwani blends contemporary design with timeless ethnic sensibility — ideal for festive occasions, everyday wear, gifting and special celebrations.

Key Highlights:
• Premium soft-touch fabric with a comfortable hand feel
• Tailored fit designed for all-day comfort and easy movement
• Durable double-stitched seams and color-fast dyes for long-lasting wear
• Easy care — machine washable, low maintenance
• Versatile styling — pair with traditional or contemporary essentials

Why shop the Men S Cream Georgette Sherwani at BUTTERBYTE STORE? Enjoy authentic quality, pan-India shipping, secure checkout, easy 7-day returns and dedicated customer support. Elevate your ethnic and everyday wardrobe with BUTTERBYTE STORE — premium fashion for the modern Indian.",7700.00,5500.00,29,55,In Stock,f,f,f,4.3,126,2026-05-31 01:07:59.213456+00
ead6ea36-feac-4417-b64d-a68f6ef43a92,embroidered-velvet-black-sherwani,Embroidered Velvet Black Sherwani,BUTTERBYTE STORE,,88cc8726-ce23-4273-8587-252dc5ab01eb,"Discover the Embroidered Velvet Black Sherwani from BUTTERBYTE STORE — a thoughtfully designed sherwani crafted for the modern Indian wardrobe. Made with premium, breathable fabric and finished with meticulous tailoring, this Embroidered Velvet Black Sherwani blends contemporary design with timeless ethnic sensibility — ideal for festive occasions, everyday wear, gifting and special celebrations.

Key Highlights:
• Premium soft-touch fabric with a comfortable hand feel
• Tailored fit designed for all-day comfort and easy movement
• Durable double-stitched seams and color-fast dyes for long-lasting wear
• Easy care — machine washable, low maintenance
• Versatile styling — pair with traditional or contemporary essentials

Why shop the Embroidered Velvet Black Sherwani at BUTTERBYTE STORE? Enjoy authentic quality, pan-India shipping, secure checkout, easy 7-day returns and dedicated customer support. Elevate your ethnic and everyday wardrobe with BUTTERBYTE STORE — premium fashion for the modern Indian.",1960.00,1400.00,29,32,In Stock,f,f,f,4.3,11,2026-05-31 01:07:59.247333+00
b92d63a4-6bda-4bff-b4ab-fa8e69172419,men-s-pink-embellished-sherwani-2,Men S Pink Embellished Sherwani,BUTTERBYTE STORE,,88cc8726-ce23-4273-8587-252dc5ab01eb,"Discover the Men S Pink Embellished Sherwani from BUTTERBYTE STORE — a thoughtfully designed sherwani crafted for the modern Indian wardrobe. Made with premium, breathable fabric and finished with meticulous tailoring, this Men S Pink Embellished Sherwani blends contemporary design with timeless ethnic sensibility — ideal for festive occasions, everyday wear, gifting and special celebrations.

Key Highlights:
• Premium soft-touch fabric with a comfortable hand feel
• Tailored fit designed for all-day comfort and easy movement
• Durable double-stitched seams and color-fast dyes for long-lasting wear
• Easy care — machine washable, low maintenance
• Versatile styling — pair with traditional or contemporary essentials

Why shop the Men S Pink Embellished Sherwani at BUTTERBYTE STORE? Enjoy authentic quality, pan-India shipping, secure checkout, easy 7-day returns and dedicated customer support. Elevate your ethnic and everyday wardrobe with BUTTERBYTE STORE — premium fashion for the modern Indian.",1820.00,1300.00,29,37,In Stock,f,f,f,4.3,37,2026-05-31 01:07:59.281328+00
a651ddee-5075-43a6-8b9f-034687e67d43,solid-black-achkan-sherwani,Solid Black Achkan Sherwani,BUTTERBYTE STORE,,88cc8726-ce23-4273-8587-252dc5ab01eb,"Discover the Solid Black Achkan Sherwani from BUTTERBYTE STORE — a thoughtfully designed sherwani crafted for the modern Indian wardrobe. Made with premium, breathable fabric and finished with meticulous tailoring, this Solid Black Achkan Sherwani blends contemporary design with timeless ethnic sensibility — ideal for festive occasions, everyday wear, gifting and special celebrations.

Key Highlights:
• Premium soft-touch fabric with a comfortable hand feel
• Tailored fit designed for all-day comfort and easy movement
• Durable double-stitched seams and color-fast dyes for long-lasting wear
• Easy care — machine washable, low maintenance
• Versatile styling — pair with traditional or contemporary essentials

Why shop the Solid Black Achkan Sherwani at BUTTERBYTE STORE? Enjoy authentic quality, pan-India shipping, secure checkout, easy 7-day returns and dedicated customer support. Elevate your ethnic and everyday wardrobe with BUTTERBYTE STORE — premium fashion for the modern Indian.",2730.00,1950.00,29,47,In Stock,t,f,f,4.3,60,2026-05-31 01:07:59.315295+00
11ad3082-3961-4ad3-ad14-55bdea4e0e31,peach-cherry-blossom-sherwani-set,Peach Cherry Blossom Sherwani Set,BUTTERBYTE STORE,,88cc8726-ce23-4273-8587-252dc5ab01eb,"Discover the Peach Cherry Blossom Sherwani Set from BUTTERBYTE STORE — a thoughtfully designed sherwani crafted for the modern Indian wardrobe. Made with premium, breathable fabric and finished with meticulous tailoring, this Peach Cherry Blossom Sherwani Set blends contemporary design with timeless ethnic sensibility — ideal for festive occasions, everyday wear, gifting and special celebrations.

Key Highlights:
• Premium soft-touch fabric with a comfortable hand feel
• Tailored fit designed for all-day comfort and easy movement
• Durable double-stitched seams and color-fast dyes for long-lasting wear
• Easy care — machine washable, low maintenance
• Versatile styling — pair with traditional or contemporary essentials

Why shop the Peach Cherry Blossom Sherwani Set at BUTTERBYTE STORE? Enjoy authentic quality, pan-India shipping, secure checkout, easy 7-day returns and dedicated customer support. Elevate your ethnic and everyday wardrobe with BUTTERBYTE STORE — premium fashion for the modern Indian.",2450.00,1750.00,29,29,In Stock,f,f,t,4.3,84,2026-05-31 01:07:59.349186+00
2be1c93d-cabe-478b-8f56-cb646a3e3609,navy-blue-embroidered-sherwani-and-pant-2,Navy Blue Embroidered Sherwani And Pant,BUTTERBYTE STORE,,88cc8726-ce23-4273-8587-252dc5ab01eb,"Discover the Navy Blue Embroidered Sherwani And Pant from BUTTERBYTE STORE — a thoughtfully designed sherwani crafted for the modern Indian wardrobe. Made with premium, breathable fabric and finished with meticulous tailoring, this Navy Blue Embroidered Sherwani And Pant blends contemporary design with timeless ethnic sensibility — ideal for festive occasions, everyday wear, gifting and special celebrations.

Key Highlights:
• Premium soft-touch fabric with a comfortable hand feel
• Tailored fit designed for all-day comfort and easy movement
• Durable double-stitched seams and color-fast dyes for long-lasting wear
• Easy care — machine washable, low maintenance
• Versatile styling — pair with traditional or contemporary essentials

Why shop the Navy Blue Embroidered Sherwani And Pant at BUTTERBYTE STORE? Enjoy authentic quality, pan-India shipping, secure checkout, easy 7-day returns and dedicated customer support. Elevate your ethnic and everyday wardrobe with BUTTERBYTE STORE — premium fashion for the modern Indian.",3710.00,2650.00,29,20,In Stock,f,t,f,4.3,56,2026-05-31 01:07:59.383165+00
30707237-0762-4ca6-b9c2-a1f8a58edf02,embellished-sherwani-with-trouser,Embellished Sherwani With Trouser,BUTTERBYTE STORE,,88cc8726-ce23-4273-8587-252dc5ab01eb,"Discover the Embellished Sherwani With Trouser from BUTTERBYTE STORE — a thoughtfully designed sherwani crafted for the modern Indian wardrobe. Made with premium, breathable fabric and finished with meticulous tailoring, this Embellished Sherwani With Trouser blends contemporary design with timeless ethnic sensibility — ideal for festive occasions, everyday wear, gifting and special celebrations.

Key Highlights:
• Premium soft-touch fabric with a comfortable hand feel
• Tailored fit designed for all-day comfort and easy movement
• Durable double-stitched seams and color-fast dyes for long-lasting wear
• Easy care — machine washable, low maintenance
• Versatile styling — pair with traditional or contemporary essentials

Why shop the Embellished Sherwani With Trouser at BUTTERBYTE STORE? Enjoy authentic quality, pan-India shipping, secure checkout, easy 7-day returns and dedicated customer support. Elevate your ethnic and everyday wardrobe with BUTTERBYTE STORE — premium fashion for the modern Indian.",2170.00,1550.00,29,44,In Stock,f,f,f,4.3,78,2026-05-31 01:07:59.417266+00
b1f72731-8d1f-42ca-8da3-95bf534ba2d3,men-blue-kurta-sherwani-trouser-set,Men Blue Kurta Sherwani Trouser Set,BUTTERBYTE STORE,,88cc8726-ce23-4273-8587-252dc5ab01eb,"Discover the Men Blue Kurta Sherwani Trouser Set from BUTTERBYTE STORE — a thoughtfully designed sherwani crafted for the modern Indian wardrobe. Made with premium, breathable fabric and finished with meticulous tailoring, this Men Blue Kurta Sherwani Trouser Set blends contemporary design with timeless ethnic sensibility — ideal for festive occasions, everyday wear, gifting and special celebrations.

Key Highlights:
• Premium soft-touch fabric with a comfortable hand feel
• Tailored fit designed for all-day comfort and easy movement
• Durable double-stitched seams and color-fast dyes for long-lasting wear
• Easy care — machine washable, low maintenance
• Versatile styling — pair with traditional or contemporary essentials

Why shop the Men Blue Kurta Sherwani Trouser Set at BUTTERBYTE STORE? Enjoy authentic quality, pan-India shipping, secure checkout, easy 7-day returns and dedicated customer support. Elevate your ethnic and everyday wardrobe with BUTTERBYTE STORE — premium fashion for the modern Indian.",2660.00,1900.00,29,13,In Stock,t,f,t,4.3,105,2026-05-31 01:07:59.451627+00
d45af71a-9877-40ed-9f61-33d9a6e2ef0a,men-silk-blend-embroidered-sequined-indo-western-sherwani,Men Silk Blend Embroidered Sequined Indo Western Sherwani,BUTTERBYTE STORE,,88cc8726-ce23-4273-8587-252dc5ab01eb,"Discover the Men Silk Blend Embroidered Sequined Indo Western Sherwani from BUTTERBYTE STORE — a thoughtfully designed sherwani crafted for the modern Indian wardrobe. Made with premium, breathable fabric and finished with meticulous tailoring, this Men Silk Blend Embroidered Sequined Indo Western Sherwani blends contemporary design with timeless ethnic sensibility — ideal for festive occasions, everyday wear, gifting and special celebrations.

Key Highlights:
• Premium soft-touch fabric with a comfortable hand feel
• Tailored fit designed for all-day comfort and easy movement
• Durable double-stitched seams and color-fast dyes for long-lasting wear
• Easy care — machine washable, low maintenance
• Versatile styling — pair with traditional or contemporary essentials

Why shop the Men Silk Blend Embroidered Sequined Indo Western Sherwani at BUTTERBYTE STORE? Enjoy authentic quality, pan-India shipping, secure checkout, easy 7-day returns and dedicated customer support. Elevate your ethnic and everyday wardrobe with BUTTERBYTE STORE — premium fashion for the modern Indian.",2940.00,2100.00,29,53,In Stock,t,f,t,4.3,169,2026-05-31 01:07:59.485498+00
13726e8f-a62f-45f8-a2db-477cc076f72d,men-black-cotton-blend-embroidered-indo-western-sherwani-with-pant,Men Black Cotton Blend Embroidered Indo Western Sherwani With Pant,BUTTERBYTE STORE,,88cc8726-ce23-4273-8587-252dc5ab01eb,"Discover the Men Black Cotton Blend Embroidered Indo Western Sherwani With Pant from BUTTERBYTE STORE — a thoughtfully designed sherwani crafted for the modern Indian wardrobe. Made with premium, breathable fabric and finished with meticulous tailoring, this Men Black Cotton Blend Embroidered Indo Western Sherwani With Pant blends contemporary design with timeless ethnic sensibility — ideal for festive occasions, everyday wear, gifting and special celebrations.

Key Highlights:
• Premium soft-touch fabric with a comfortable hand feel
• Tailored fit designed for all-day comfort and easy movement
• Durable double-stitched seams and color-fast dyes for long-lasting wear
• Easy care — machine washable, low maintenance
• Versatile styling — pair with traditional or contemporary essentials

Why shop the Men Black Cotton Blend Embroidered Indo Western Sherwani With Pant at BUTTERBYTE STORE? Enjoy authentic quality, pan-India shipping, secure checkout, easy 7-day returns and dedicated customer support. Elevate your ethnic and everyday wardrobe with BUTTERBYTE STORE — premium fashion for the modern Indian.",3780.00,2700.00,29,45,In Stock,f,t,t,4.3,126,2026-05-31 01:07:59.519368+00
a875b623-ca67-4f34-aa9b-e95b48afa39d,embroidered-off-white-cotton-silk-faux-georgette-sherwani,Embroidered Off White Cotton Silk Faux Georgette Sherwani,BUTTERBYTE STORE,,88cc8726-ce23-4273-8587-252dc5ab01eb,"Discover the Embroidered Off White Cotton Silk Faux Georgette Sherwani from BUTTERBYTE STORE — a thoughtfully designed sherwani crafted for the modern Indian wardrobe. Made with premium, breathable fabric and finished with meticulous tailoring, this Embroidered Off White Cotton Silk Faux Georgette Sherwani blends contemporary design with timeless ethnic sensibility — ideal for festive occasions, everyday wear, gifting and special celebrations.

Key Highlights:
• Premium soft-touch fabric with a comfortable hand feel
• Tailored fit designed for all-day comfort and easy movement
• Durable double-stitched seams and color-fast dyes for long-lasting wear
• Easy care — machine washable, low maintenance
• Versatile styling — pair with traditional or contemporary essentials

Why shop the Embroidered Off White Cotton Silk Faux Georgette Sherwani at BUTTERBYTE STORE? Enjoy authentic quality, pan-India shipping, secure checkout, easy 7-day returns and dedicated customer support. Elevate your ethnic and everyday wardrobe with BUTTERBYTE STORE — premium fashion for the modern Indian.",8400.00,6000.00,29,35,In Stock,f,t,f,4.3,39,2026-05-31 01:07:59.553209+00
6a0c9c70-4a4e-452b-bcd1-dedfa9fa3abf,pink-deep-mirage-sherwani-set,Pink Deep Mirage Sherwani Set,BUTTERBYTE STORE,,88cc8726-ce23-4273-8587-252dc5ab01eb,"Discover the Pink Deep Mirage Sherwani Set from BUTTERBYTE STORE — a thoughtfully designed sherwani crafted for the modern Indian wardrobe. Made with premium, breathable fabric and finished with meticulous tailoring, this Pink Deep Mirage Sherwani Set blends contemporary design with timeless ethnic sensibility — ideal for festive occasions, everyday wear, gifting and special celebrations.

Key Highlights:
• Premium soft-touch fabric with a comfortable hand feel
• Tailored fit designed for all-day comfort and easy movement
• Durable double-stitched seams and color-fast dyes for long-lasting wear
• Easy care — machine washable, low maintenance
• Versatile styling — pair with traditional or contemporary essentials

Why shop the Pink Deep Mirage Sherwani Set at BUTTERBYTE STORE? Enjoy authentic quality, pan-India shipping, secure checkout, easy 7-day returns and dedicated customer support. Elevate your ethnic and everyday wardrobe with BUTTERBYTE STORE — premium fashion for the modern Indian.",14000.00,10000.00,29,40,In Stock,t,f,t,4.3,117,2026-05-31 01:07:59.587305+00
f4e4d96b-2c73-4f9b-a76e-e62636b45054,men-wine-jacket-and-sherwani,Men Wine Jacket And Sherwani,BUTTERBYTE STORE,,88cc8726-ce23-4273-8587-252dc5ab01eb,"Discover the Men Wine Jacket And Sherwani from BUTTERBYTE STORE — a thoughtfully designed sherwani crafted for the modern Indian wardrobe. Made with premium, breathable fabric and finished with meticulous tailoring, this Men Wine Jacket And Sherwani blends contemporary design with timeless ethnic sensibility — ideal for festive occasions, everyday wear, gifting and special celebrations.

Key Highlights:
• Premium soft-touch fabric with a comfortable hand feel
• Tailored fit designed for all-day comfort and easy movement
• Durable double-stitched seams and color-fast dyes for long-lasting wear
• Easy care — machine washable, low maintenance
• Versatile styling — pair with traditional or contemporary essentials

Why shop the Men Wine Jacket And Sherwani at BUTTERBYTE STORE? Enjoy authentic quality, pan-India shipping, secure checkout, easy 7-day returns and dedicated customer support. Elevate your ethnic and everyday wardrobe with BUTTERBYTE STORE — premium fashion for the modern Indian.",3640.00,2600.00,29,38,In Stock,f,f,t,4.3,106,2026-05-31 01:07:59.621151+00
b65b3a6c-78e8-4ce5-9c78-5430bdb8bdaf,fashion-grey-cotton-silk-embellished-sherwani,Fashion Grey Cotton Silk Embellished Sherwani,BUTTERBYTE STORE,,88cc8726-ce23-4273-8587-252dc5ab01eb,"Discover the Fashion Grey Cotton Silk Embellished Sherwani from BUTTERBYTE STORE — a thoughtfully designed sherwani crafted for the modern Indian wardrobe. Made with premium, breathable fabric and finished with meticulous tailoring, this Fashion Grey Cotton Silk Embellished Sherwani blends contemporary design with timeless ethnic sensibility — ideal for festive occasions, everyday wear, gifting and special celebrations.

Key Highlights:
• Premium soft-touch fabric with a comfortable hand feel
• Tailored fit designed for all-day comfort and easy movement
• Durable double-stitched seams and color-fast dyes for long-lasting wear
• Easy care — machine washable, low maintenance
• Versatile styling — pair with traditional or contemporary essentials

Why shop the Fashion Grey Cotton Silk Embellished Sherwani at BUTTERBYTE STORE? Enjoy authentic quality, pan-India shipping, secure checkout, easy 7-day returns and dedicated customer support. Elevate your ethnic and everyday wardrobe with BUTTERBYTE STORE — premium fashion for the modern Indian.",3850.00,2750.00,29,47,In Stock,f,f,f,4.3,110,2026-05-31 01:07:59.654959+00
a5b42229-3b0b-4685-b3ad-135bf0984385,men-multi-color-sherwani,Men Multi Color Sherwani,BUTTERBYTE STORE,,88cc8726-ce23-4273-8587-252dc5ab01eb,"Discover the Men Multi Color Sherwani from BUTTERBYTE STORE — a thoughtfully designed sherwani crafted for the modern Indian wardrobe. Made with premium, breathable fabric and finished with meticulous tailoring, this Men Multi Color Sherwani blends contemporary design with timeless ethnic sensibility — ideal for festive occasions, everyday wear, gifting and special celebrations.

Key Highlights:
• Premium soft-touch fabric with a comfortable hand feel
• Tailored fit designed for all-day comfort and easy movement
• Durable double-stitched seams and color-fast dyes for long-lasting wear
• Easy care — machine washable, low maintenance
• Versatile styling — pair with traditional or contemporary essentials

Why shop the Men Multi Color Sherwani at BUTTERBYTE STORE? Enjoy authentic quality, pan-India shipping, secure checkout, easy 7-day returns and dedicated customer support. Elevate your ethnic and everyday wardrobe with BUTTERBYTE STORE — premium fashion for the modern Indian.",2380.00,1700.00,29,46,In Stock,f,f,f,4.3,177,2026-05-31 01:07:59.688774+00
02849544-0626-472f-ba60-b692ecd45f41,peach-rayon-indo-western-sherwani,Peach Rayon Indo Western Sherwani,BUTTERBYTE STORE,,88cc8726-ce23-4273-8587-252dc5ab01eb,"Discover the Peach Rayon Indo Western Sherwani from BUTTERBYTE STORE — a thoughtfully designed sherwani crafted for the modern Indian wardrobe. Made with premium, breathable fabric and finished with meticulous tailoring, this Peach Rayon Indo Western Sherwani blends contemporary design with timeless ethnic sensibility — ideal for festive occasions, everyday wear, gifting and special celebrations.

Key Highlights:
• Premium soft-touch fabric with a comfortable hand feel
• Tailored fit designed for all-day comfort and easy movement
• Durable double-stitched seams and color-fast dyes for long-lasting wear
• Easy care — machine washable, low maintenance
• Versatile styling — pair with traditional or contemporary essentials

Why shop the Peach Rayon Indo Western Sherwani at BUTTERBYTE STORE? Enjoy authentic quality, pan-India shipping, secure checkout, easy 7-day returns and dedicated customer support. Elevate your ethnic and everyday wardrobe with BUTTERBYTE STORE — premium fashion for the modern Indian.",11200.00,8000.00,29,49,In Stock,f,f,f,4.3,86,2026-05-31 01:07:59.722555+00
edf00a46-5567-4c99-94e5-240f2bae6d5b,embroidered-black-cotton-silk-faux-georgette-sherwani-2,Embroidered Black Cotton Silk Faux Georgette Sherwani,BUTTERBYTE STORE,,88cc8726-ce23-4273-8587-252dc5ab01eb,"Discover the Embroidered Black Cotton Silk Faux Georgette Sherwani from BUTTERBYTE STORE — a thoughtfully designed sherwani crafted for the modern Indian wardrobe. Made with premium, breathable fabric and finished with meticulous tailoring, this Embroidered Black Cotton Silk Faux Georgette Sherwani blends contemporary design with timeless ethnic sensibility — ideal for festive occasions, everyday wear, gifting and special celebrations.

Key Highlights:
• Premium soft-touch fabric with a comfortable hand feel
• Tailored fit designed for all-day comfort and easy movement
• Durable double-stitched seams and color-fast dyes for long-lasting wear
• Easy care — machine washable, low maintenance
• Versatile styling — pair with traditional or contemporary essentials

Why shop the Embroidered Black Cotton Silk Faux Georgette Sherwani at BUTTERBYTE STORE? Enjoy authentic quality, pan-India shipping, secure checkout, easy 7-day returns and dedicated customer support. Elevate your ethnic and everyday wardrobe with BUTTERBYTE STORE — premium fashion for the modern Indian.",9100.00,6500.00,29,58,In Stock,f,t,f,4.3,93,2026-05-31 01:07:59.75659+00
14954f2e-5f5b-43dd-8a79-b4dc78279eea,blue-embellished-kurta-with-sherwani,Blue Embellished Kurta With Sherwani,BUTTERBYTE STORE,,88cc8726-ce23-4273-8587-252dc5ab01eb,"Discover the Blue Embellished Kurta With Sherwani from BUTTERBYTE STORE — a thoughtfully designed sherwani crafted for the modern Indian wardrobe. Made with premium, breathable fabric and finished with meticulous tailoring, this Blue Embellished Kurta With Sherwani blends contemporary design with timeless ethnic sensibility — ideal for festive occasions, everyday wear, gifting and special celebrations.

Key Highlights:
• Premium soft-touch fabric with a comfortable hand feel
• Tailored fit designed for all-day comfort and easy movement
• Durable double-stitched seams and color-fast dyes for long-lasting wear
• Easy care — machine washable, low maintenance
• Versatile styling — pair with traditional or contemporary essentials

Why shop the Blue Embellished Kurta With Sherwani at BUTTERBYTE STORE? Enjoy authentic quality, pan-India shipping, secure checkout, easy 7-day returns and dedicated customer support. Elevate your ethnic and everyday wardrobe with BUTTERBYTE STORE — premium fashion for the modern Indian.",2520.00,1800.00,29,57,In Stock,f,f,f,4.3,72,2026-05-31 01:07:59.791008+00
5bea6770-da79-467d-847c-9667d71e895b,men-off-white-embroidered-sherwani,Men Off White Embroidered Sherwani,BUTTERBYTE STORE,,88cc8726-ce23-4273-8587-252dc5ab01eb,"Discover the Men Off White Embroidered Sherwani from BUTTERBYTE STORE — a thoughtfully designed sherwani crafted for the modern Indian wardrobe. Made with premium, breathable fabric and finished with meticulous tailoring, this Men Off White Embroidered Sherwani blends contemporary design with timeless ethnic sensibility — ideal for festive occasions, everyday wear, gifting and special celebrations.

Key Highlights:
• Premium soft-touch fabric with a comfortable hand feel
• Tailored fit designed for all-day comfort and easy movement
• Durable double-stitched seams and color-fast dyes for long-lasting wear
• Easy care — machine washable, low maintenance
• Versatile styling — pair with traditional or contemporary essentials

Why shop the Men Off White Embroidered Sherwani at BUTTERBYTE STORE? Enjoy authentic quality, pan-India shipping, secure checkout, easy 7-day returns and dedicated customer support. Elevate your ethnic and everyday wardrobe with BUTTERBYTE STORE — premium fashion for the modern Indian.",1890.00,1350.00,29,40,In Stock,f,f,f,4.3,164,2026-05-31 01:07:59.825013+00
7af196e4-3eea-4f58-8c44-15e31a2e598b,cotton-blend-embroidered-indo-western-sherwani,Cotton Blend Embroidered Indo Western Sherwani,BUTTERBYTE STORE,,88cc8726-ce23-4273-8587-252dc5ab01eb,"Discover the Cotton Blend Embroidered Indo Western Sherwani from BUTTERBYTE STORE — a thoughtfully designed sherwani crafted for the modern Indian wardrobe. Made with premium, breathable fabric and finished with meticulous tailoring, this Cotton Blend Embroidered Indo Western Sherwani blends contemporary design with timeless ethnic sensibility — ideal for festive occasions, everyday wear, gifting and special celebrations.

Key Highlights:
• Premium soft-touch fabric with a comfortable hand feel
• Tailored fit designed for all-day comfort and easy movement
• Durable double-stitched seams and color-fast dyes for long-lasting wear
• Easy care — machine washable, low maintenance
• Versatile styling — pair with traditional or contemporary essentials

Why shop the Cotton Blend Embroidered Indo Western Sherwani at BUTTERBYTE STORE? Enjoy authentic quality, pan-India shipping, secure checkout, easy 7-day returns and dedicated customer support. Elevate your ethnic and everyday wardrobe with BUTTERBYTE STORE — premium fashion for the modern Indian.",4060.00,2900.00,29,53,In Stock,f,f,f,4.3,140,2026-05-31 01:07:59.859147+00
303e7505-608d-4949-b9ea-8485d7d4b5d5,men-s-silk-blend-woven-design-sherwani,Men S Silk Blend Woven Design Sherwani,BUTTERBYTE STORE,,88cc8726-ce23-4273-8587-252dc5ab01eb,"Discover the Men S Silk Blend Woven Design Sherwani from BUTTERBYTE STORE — a thoughtfully designed sherwani crafted for the modern Indian wardrobe. Made with premium, breathable fabric and finished with meticulous tailoring, this Men S Silk Blend Woven Design Sherwani blends contemporary design with timeless ethnic sensibility — ideal for festive occasions, everyday wear, gifting and special celebrations.

Key Highlights:
• Premium soft-touch fabric with a comfortable hand feel
• Tailored fit designed for all-day comfort and easy movement
• Durable double-stitched seams and color-fast dyes for long-lasting wear
• Easy care — machine washable, low maintenance
• Versatile styling — pair with traditional or contemporary essentials

Why shop the Men S Silk Blend Woven Design Sherwani at BUTTERBYTE STORE? Enjoy authentic quality, pan-India shipping, secure checkout, easy 7-day returns and dedicated customer support. Elevate your ethnic and everyday wardrobe with BUTTERBYTE STORE — premium fashion for the modern Indian.",2240.00,1600.00,29,48,In Stock,f,f,t,4.3,14,2026-05-31 01:07:59.893162+00
aa3148fd-42b9-4bde-982c-3ee8dbbf96c4,mens-black-sherwani-pant-with-jacket,Mens Black Sherwani Pant With Jacket,BUTTERBYTE STORE,,88cc8726-ce23-4273-8587-252dc5ab01eb,"Discover the Mens Black Sherwani Pant With Jacket from BUTTERBYTE STORE — a thoughtfully designed sherwani crafted for the modern Indian wardrobe. Made with premium, breathable fabric and finished with meticulous tailoring, this Mens Black Sherwani Pant With Jacket blends contemporary design with timeless ethnic sensibility — ideal for festive occasions, everyday wear, gifting and special celebrations.

Key Highlights:
• Premium soft-touch fabric with a comfortable hand feel
• Tailored fit designed for all-day comfort and easy movement
• Durable double-stitched seams and color-fast dyes for long-lasting wear
• Easy care — machine washable, low maintenance
• Versatile styling — pair with traditional or contemporary essentials

Why shop the Mens Black Sherwani Pant With Jacket at BUTTERBYTE STORE? Enjoy authentic quality, pan-India shipping, secure checkout, easy 7-day returns and dedicated customer support. Elevate your ethnic and everyday wardrobe with BUTTERBYTE STORE — premium fashion for the modern Indian.",4060.00,2900.00,29,44,In Stock,f,f,t,4.3,130,2026-05-31 01:07:59.927028+00
71fd3c20-5469-42ed-8582-b5747a88ff31,embroidered-straight-velvet-black-sherwani,Embroidered Straight Velvet Black Sherwani,BUTTERBYTE STORE,,88cc8726-ce23-4273-8587-252dc5ab01eb,"Discover the Embroidered Straight Velvet Black Sherwani from BUTTERBYTE STORE — a thoughtfully designed sherwani crafted for the modern Indian wardrobe. Made with premium, breathable fabric and finished with meticulous tailoring, this Embroidered Straight Velvet Black Sherwani blends contemporary design with timeless ethnic sensibility — ideal for festive occasions, everyday wear, gifting and special celebrations.

Key Highlights:
• Premium soft-touch fabric with a comfortable hand feel
• Tailored fit designed for all-day comfort and easy movement
• Durable double-stitched seams and color-fast dyes for long-lasting wear
• Easy care — machine washable, low maintenance
• Versatile styling — pair with traditional or contemporary essentials

Why shop the Embroidered Straight Velvet Black Sherwani at BUTTERBYTE STORE? Enjoy authentic quality, pan-India shipping, secure checkout, easy 7-day returns and dedicated customer support. Elevate your ethnic and everyday wardrobe with BUTTERBYTE STORE — premium fashion for the modern Indian.",9800.00,7000.00,29,25,In Stock,f,t,f,4.3,100,2026-05-31 01:07:59.961607+00
0942bc38-13c5-43e2-828c-7545b9700934,men-navy-blue-indo-western-sherwani-with-kurta-and-pant,Men Navy Blue Indo Western Sherwani With Kurta And Pant,BUTTERBYTE STORE,,88cc8726-ce23-4273-8587-252dc5ab01eb,"Discover the Men Navy Blue Indo Western Sherwani With Kurta And Pant from BUTTERBYTE STORE — a thoughtfully designed sherwani crafted for the modern Indian wardrobe. Made with premium, breathable fabric and finished with meticulous tailoring, this Men Navy Blue Indo Western Sherwani With Kurta And Pant blends contemporary design with timeless ethnic sensibility — ideal for festive occasions, everyday wear, gifting and special celebrations.

Key Highlights:
• Premium soft-touch fabric with a comfortable hand feel
• Tailored fit designed for all-day comfort and easy movement
• Durable double-stitched seams and color-fast dyes for long-lasting wear
• Easy care — machine washable, low maintenance
• Versatile styling — pair with traditional or contemporary essentials

Why shop the Men Navy Blue Indo Western Sherwani With Kurta And Pant at BUTTERBYTE STORE? Enjoy authentic quality, pan-India shipping, secure checkout, easy 7-day returns and dedicated customer support. Elevate your ethnic and everyday wardrobe with BUTTERBYTE STORE — premium fashion for the modern Indian.",1540.00,1100.00,29,23,In Stock,f,f,f,4.3,42,2026-05-31 01:07:59.995491+00
efa6f464-5ce3-4c0e-ac1d-5328788f9357,men-navy-embroidered-sherwani-pant-with-jacket,Men Navy Embroidered Sherwani Pant With Jacket,BUTTERBYTE STORE,,88cc8726-ce23-4273-8587-252dc5ab01eb,"Discover the Men Navy Embroidered Sherwani Pant With Jacket from BUTTERBYTE STORE — a thoughtfully designed sherwani crafted for the modern Indian wardrobe. Made with premium, breathable fabric and finished with meticulous tailoring, this Men Navy Embroidered Sherwani Pant With Jacket blends contemporary design with timeless ethnic sensibility — ideal for festive occasions, everyday wear, gifting and special celebrations.

Key Highlights:
• Premium soft-touch fabric with a comfortable hand feel
• Tailored fit designed for all-day comfort and easy movement
• Durable double-stitched seams and color-fast dyes for long-lasting wear
• Easy care — machine washable, low maintenance
• Versatile styling — pair with traditional or contemporary essentials

Why shop the Men Navy Embroidered Sherwani Pant With Jacket at BUTTERBYTE STORE? Enjoy authentic quality, pan-India shipping, secure checkout, easy 7-day returns and dedicated customer support. Elevate your ethnic and everyday wardrobe with BUTTERBYTE STORE — premium fashion for the modern Indian.",12600.00,9000.00,29,24,In Stock,t,f,f,4.3,151,2026-05-31 01:08:00.029517+00
7b0f8078-8b29-4762-8bbd-120ec1128bfb,black-men-regular-fit-sherwani-set-with-button-closure,Black Men Regular Fit Sherwani Set With Button Closure,BUTTERBYTE STORE,,88cc8726-ce23-4273-8587-252dc5ab01eb,"Discover the Black Men Regular Fit Sherwani Set With Button Closure from BUTTERBYTE STORE — a thoughtfully designed sherwani crafted for the modern Indian wardrobe. Made with premium, breathable fabric and finished with meticulous tailoring, this Black Men Regular Fit Sherwani Set With Button Closure blends contemporary design with timeless ethnic sensibility — ideal for festive occasions, everyday wear, gifting and special celebrations.

Key Highlights:
• Premium soft-touch fabric with a comfortable hand feel
• Tailored fit designed for all-day comfort and easy movement
• Durable double-stitched seams and color-fast dyes for long-lasting wear
• Easy care — machine washable, low maintenance
• Versatile styling — pair with traditional or contemporary essentials

Why shop the Black Men Regular Fit Sherwani Set With Button Closure at BUTTERBYTE STORE? Enjoy authentic quality, pan-India shipping, secure checkout, easy 7-day returns and dedicated customer support. Elevate your ethnic and everyday wardrobe with BUTTERBYTE STORE — premium fashion for the modern Indian.",3150.00,2250.00,29,46,In Stock,t,f,t,4.3,93,2026-05-31 01:08:00.064286+00
e3ea5f21-55fc-46b4-b367-0fd7477a87ea,men-regular-fit-sherwani-set-with-button-closure,Men Regular Fit Sherwani Set With Button Closure,BUTTERBYTE STORE,,88cc8726-ce23-4273-8587-252dc5ab01eb,"Discover the Men Regular Fit Sherwani Set With Button Closure from BUTTERBYTE STORE — a thoughtfully designed sherwani crafted for the modern Indian wardrobe. Made with premium, breathable fabric and finished with meticulous tailoring, this Men Regular Fit Sherwani Set With Button Closure blends contemporary design with timeless ethnic sensibility — ideal for festive occasions, everyday wear, gifting and special celebrations.

Key Highlights:
• Premium soft-touch fabric with a comfortable hand feel
• Tailored fit designed for all-day comfort and easy movement
• Durable double-stitched seams and color-fast dyes for long-lasting wear
• Easy care — machine washable, low maintenance
• Versatile styling — pair with traditional or contemporary essentials

Why shop the Men Regular Fit Sherwani Set With Button Closure at BUTTERBYTE STORE? Enjoy authentic quality, pan-India shipping, secure checkout, easy 7-day returns and dedicated customer support. Elevate your ethnic and everyday wardrobe with BUTTERBYTE STORE — premium fashion for the modern Indian.",2940.00,2100.00,29,23,In Stock,f,f,t,4.3,101,2026-05-31 01:08:00.098518+00
a8c6025a-8710-491a-9a04-327d98b91ede,black-men-embroidered-regular-fit-sherwani-set,Black Men Embroidered Regular Fit Sherwani Set,BUTTERBYTE STORE,,88cc8726-ce23-4273-8587-252dc5ab01eb,"Discover the Black Men Embroidered Regular Fit Sherwani Set from BUTTERBYTE STORE — a thoughtfully designed sherwani crafted for the modern Indian wardrobe. Made with premium, breathable fabric and finished with meticulous tailoring, this Black Men Embroidered Regular Fit Sherwani Set blends contemporary design with timeless ethnic sensibility — ideal for festive occasions, everyday wear, gifting and special celebrations.

Key Highlights:
• Premium soft-touch fabric with a comfortable hand feel
• Tailored fit designed for all-day comfort and easy movement
• Durable double-stitched seams and color-fast dyes for long-lasting wear
• Easy care — machine washable, low maintenance
• Versatile styling — pair with traditional or contemporary essentials

Why shop the Black Men Embroidered Regular Fit Sherwani Set at BUTTERBYTE STORE? Enjoy authentic quality, pan-India shipping, secure checkout, easy 7-day returns and dedicated customer support. Elevate your ethnic and everyday wardrobe with BUTTERBYTE STORE — premium fashion for the modern Indian.",2170.00,1550.00,29,43,In Stock,f,f,f,4.3,160,2026-05-31 01:08:00.132481+00
f9b73ec2-dd66-4c10-a973-939b32afca47,men-self-design-sherwani-set-3,Men Self Design Sherwani Set,BUTTERBYTE STORE,,88cc8726-ce23-4273-8587-252dc5ab01eb,"Discover the Men Self Design Sherwani Set from BUTTERBYTE STORE — a thoughtfully designed sherwani crafted for the modern Indian wardrobe. Made with premium, breathable fabric and finished with meticulous tailoring, this Men Self Design Sherwani Set blends contemporary design with timeless ethnic sensibility — ideal for festive occasions, everyday wear, gifting and special celebrations.

Key Highlights:
• Premium soft-touch fabric with a comfortable hand feel
• Tailored fit designed for all-day comfort and easy movement
• Durable double-stitched seams and color-fast dyes for long-lasting wear
• Easy care — machine washable, low maintenance
• Versatile styling — pair with traditional or contemporary essentials

Why shop the Men Self Design Sherwani Set at BUTTERBYTE STORE? Enjoy authentic quality, pan-India shipping, secure checkout, easy 7-day returns and dedicated customer support. Elevate your ethnic and everyday wardrobe with BUTTERBYTE STORE — premium fashion for the modern Indian.",1470.00,1050.00,29,16,In Stock,f,f,f,4.3,176,2026-05-31 01:08:00.166391+00
37860df2-d8c1-4dab-a8f2-5fee1d747d05,men-texture-kurta-indowestern-sherwani-trouser-set-2,Men Texture Kurta Indowestern Sherwani Trouser Set,BUTTERBYTE STORE,,88cc8726-ce23-4273-8587-252dc5ab01eb,"Discover the Men Texture Kurta Indowestern Sherwani Trouser Set from BUTTERBYTE STORE — a thoughtfully designed sherwani crafted for the modern Indian wardrobe. Made with premium, breathable fabric and finished with meticulous tailoring, this Men Texture Kurta Indowestern Sherwani Trouser Set blends contemporary design with timeless ethnic sensibility — ideal for festive occasions, everyday wear, gifting and special celebrations.

Key Highlights:
• Premium soft-touch fabric with a comfortable hand feel
• Tailored fit designed for all-day comfort and easy movement
• Durable double-stitched seams and color-fast dyes for long-lasting wear
• Easy care — machine washable, low maintenance
• Versatile styling — pair with traditional or contemporary essentials

Why shop the Men Texture Kurta Indowestern Sherwani Trouser Set at BUTTERBYTE STORE? Enjoy authentic quality, pan-India shipping, secure checkout, easy 7-day returns and dedicated customer support. Elevate your ethnic and everyday wardrobe with BUTTERBYTE STORE — premium fashion for the modern Indian.",2730.00,1950.00,29,47,In Stock,f,f,t,4.3,105,2026-05-31 01:08:00.20048+00
4197ab5e-d806-4e79-b640-dcf808696cc5,navy-blue-men-texture-kurta-indowestern-sherwani,Navy Blue Men Texture Kurta Indowestern Sherwani,BUTTERBYTE STORE,,88cc8726-ce23-4273-8587-252dc5ab01eb,"Discover the Navy Blue Men Texture Kurta Indowestern Sherwani from BUTTERBYTE STORE — a thoughtfully designed sherwani crafted for the modern Indian wardrobe. Made with premium, breathable fabric and finished with meticulous tailoring, this Navy Blue Men Texture Kurta Indowestern Sherwani blends contemporary design with timeless ethnic sensibility — ideal for festive occasions, everyday wear, gifting and special celebrations.

Key Highlights:
• Premium soft-touch fabric with a comfortable hand feel
• Tailored fit designed for all-day comfort and easy movement
• Durable double-stitched seams and color-fast dyes for long-lasting wear
• Easy care — machine washable, low maintenance
• Versatile styling — pair with traditional or contemporary essentials

Why shop the Navy Blue Men Texture Kurta Indowestern Sherwani at BUTTERBYTE STORE? Enjoy authentic quality, pan-India shipping, secure checkout, easy 7-day returns and dedicated customer support. Elevate your ethnic and everyday wardrobe with BUTTERBYTE STORE — premium fashion for the modern Indian.",6020.00,4300.00,29,34,In Stock,f,t,f,4.3,59,2026-05-31 01:08:00.23464+00
e568cefa-5b22-4d47-9cd7-60f7127a1c9d,cream-men-texture-kurta-indowestern-sherwani-churidar-set,Cream Men Texture Kurta Indowestern Sherwani Churidar Set,BUTTERBYTE STORE,,88cc8726-ce23-4273-8587-252dc5ab01eb,"Discover the Cream Men Texture Kurta Indowestern Sherwani Churidar Set from BUTTERBYTE STORE — a thoughtfully designed sherwani crafted for the modern Indian wardrobe. Made with premium, breathable fabric and finished with meticulous tailoring, this Cream Men Texture Kurta Indowestern Sherwani Churidar Set blends contemporary design with timeless ethnic sensibility — ideal for festive occasions, everyday wear, gifting and special celebrations.

Key Highlights:
• Premium soft-touch fabric with a comfortable hand feel
• Tailored fit designed for all-day comfort and easy movement
• Durable double-stitched seams and color-fast dyes for long-lasting wear
• Easy care — machine washable, low maintenance
• Versatile styling — pair with traditional or contemporary essentials

Why shop the Cream Men Texture Kurta Indowestern Sherwani Churidar Set at BUTTERBYTE STORE? Enjoy authentic quality, pan-India shipping, secure checkout, easy 7-day returns and dedicated customer support. Elevate your ethnic and everyday wardrobe with BUTTERBYTE STORE — premium fashion for the modern Indian.",2940.00,2100.00,29,33,In Stock,t,f,f,4.3,153,2026-05-31 01:08:00.268543+00
6c482065-2e62-4779-b36b-9149b5b5fe67,maroon-black-men-texture-indowestern-sherwani-trouser-set,Maroon & Black Men Texture Indowestern Sherwani Trouser Set,BUTTERBYTE STORE,,88cc8726-ce23-4273-8587-252dc5ab01eb,"Discover the Maroon & Black Men Texture Indowestern Sherwani Trouser Set from BUTTERBYTE STORE — a thoughtfully designed sherwani crafted for the modern Indian wardrobe. Made with premium, breathable fabric and finished with meticulous tailoring, this Maroon & Black Men Texture Indowestern Sherwani Trouser Set blends contemporary design with timeless ethnic sensibility — ideal for festive occasions, everyday wear, gifting and special celebrations.

Key Highlights:
• Premium soft-touch fabric with a comfortable hand feel
• Tailored fit designed for all-day comfort and easy movement
• Durable double-stitched seams and color-fast dyes for long-lasting wear
• Easy care — machine washable, low maintenance
• Versatile styling — pair with traditional or contemporary essentials

Why shop the Maroon & Black Men Texture Indowestern Sherwani Trouser Set at BUTTERBYTE STORE? Enjoy authentic quality, pan-India shipping, secure checkout, easy 7-day returns and dedicated customer support. Elevate your ethnic and everyday wardrobe with BUTTERBYTE STORE — premium fashion for the modern Indian.",2100.00,1500.00,29,29,In Stock,t,f,f,4.3,153,2026-05-31 01:08:00.302753+00
3439da98-6cb9-45c1-85d6-4aedad5c3b53,navy-blue-men-self-design-sherwani-set,Navy Blue Men Self Design Sherwani Set,BUTTERBYTE STORE,,88cc8726-ce23-4273-8587-252dc5ab01eb,"Discover the Navy Blue Men Self Design Sherwani Set from BUTTERBYTE STORE — a thoughtfully designed sherwani crafted for the modern Indian wardrobe. Made with premium, breathable fabric and finished with meticulous tailoring, this Navy Blue Men Self Design Sherwani Set blends contemporary design with timeless ethnic sensibility — ideal for festive occasions, everyday wear, gifting and special celebrations.

Key Highlights:
• Premium soft-touch fabric with a comfortable hand feel
• Tailored fit designed for all-day comfort and easy movement
• Durable double-stitched seams and color-fast dyes for long-lasting wear
• Easy care — machine washable, low maintenance
• Versatile styling — pair with traditional or contemporary essentials

Why shop the Navy Blue Men Self Design Sherwani Set at BUTTERBYTE STORE? Enjoy authentic quality, pan-India shipping, secure checkout, easy 7-day returns and dedicated customer support. Elevate your ethnic and everyday wardrobe with BUTTERBYTE STORE — premium fashion for the modern Indian.",3780.00,2700.00,29,33,In Stock,f,f,f,4.3,45,2026-05-31 01:08:00.33714+00
b31ce60b-46d5-4be8-9f02-8b1be58a96a4,maroon-men-texture-indowestern-sherwani-trouser-set,Maroon Men Texture Indowestern Sherwani Trouser Set,BUTTERBYTE STORE,,88cc8726-ce23-4273-8587-252dc5ab01eb,"Discover the Maroon Men Texture Indowestern Sherwani Trouser Set from BUTTERBYTE STORE — a thoughtfully designed sherwani crafted for the modern Indian wardrobe. Made with premium, breathable fabric and finished with meticulous tailoring, this Maroon Men Texture Indowestern Sherwani Trouser Set blends contemporary design with timeless ethnic sensibility — ideal for festive occasions, everyday wear, gifting and special celebrations.

Key Highlights:
• Premium soft-touch fabric with a comfortable hand feel
• Tailored fit designed for all-day comfort and easy movement
• Durable double-stitched seams and color-fast dyes for long-lasting wear
• Easy care — machine washable, low maintenance
• Versatile styling — pair with traditional or contemporary essentials

Why shop the Maroon Men Texture Indowestern Sherwani Trouser Set at BUTTERBYTE STORE? Enjoy authentic quality, pan-India shipping, secure checkout, easy 7-day returns and dedicated customer support. Elevate your ethnic and everyday wardrobe with BUTTERBYTE STORE — premium fashion for the modern Indian.",2800.00,2000.00,29,47,In Stock,f,f,f,4.3,113,2026-05-31 01:08:00.371407+00
3d3235d1-7524-4393-ac47-6c91da4b73b3,green-men-geometric-sherwani-set,Green Men Geometric Sherwani Set,BUTTERBYTE STORE,,88cc8726-ce23-4273-8587-252dc5ab01eb,"Discover the Green Men Geometric Sherwani Set from BUTTERBYTE STORE — a thoughtfully designed sherwani crafted for the modern Indian wardrobe. Made with premium, breathable fabric and finished with meticulous tailoring, this Green Men Geometric Sherwani Set blends contemporary design with timeless ethnic sensibility — ideal for festive occasions, everyday wear, gifting and special celebrations.

Key Highlights:
• Premium soft-touch fabric with a comfortable hand feel
• Tailored fit designed for all-day comfort and easy movement
• Durable double-stitched seams and color-fast dyes for long-lasting wear
• Easy care — machine washable, low maintenance
• Versatile styling — pair with traditional or contemporary essentials

Why shop the Green Men Geometric Sherwani Set at BUTTERBYTE STORE? Enjoy authentic quality, pan-India shipping, secure checkout, easy 7-day returns and dedicated customer support. Elevate your ethnic and everyday wardrobe with BUTTERBYTE STORE — premium fashion for the modern Indian.",3150.00,2250.00,29,39,In Stock,f,f,f,4.3,80,2026-05-31 01:08:00.405478+00
738b179e-17c8-49ae-8764-d57c899d3d78,blue-self-design-tailored-fit-sherwani-set,Blue Self Design Tailored Fit Sherwani Set,BUTTERBYTE STORE,,88cc8726-ce23-4273-8587-252dc5ab01eb,"Discover the Blue Self Design Tailored Fit Sherwani Set from BUTTERBYTE STORE — a thoughtfully designed sherwani crafted for the modern Indian wardrobe. Made with premium, breathable fabric and finished with meticulous tailoring, this Blue Self Design Tailored Fit Sherwani Set blends contemporary design with timeless ethnic sensibility — ideal for festive occasions, everyday wear, gifting and special celebrations.

Key Highlights:
• Premium soft-touch fabric with a comfortable hand feel
• Tailored fit designed for all-day comfort and easy movement
• Durable double-stitched seams and color-fast dyes for long-lasting wear
• Easy care — machine washable, low maintenance
• Versatile styling — pair with traditional or contemporary essentials

Why shop the Blue Self Design Tailored Fit Sherwani Set at BUTTERBYTE STORE? Enjoy authentic quality, pan-India shipping, secure checkout, easy 7-day returns and dedicated customer support. Elevate your ethnic and everyday wardrobe with BUTTERBYTE STORE — premium fashion for the modern Indian.",2170.00,1550.00,29,60,In Stock,f,f,f,4.3,112,2026-05-31 01:08:00.439394+00
1bbfa861-cd60-462b-a3ef-035e6fd0dfb0,men-texture-kurta-indowestern-sherwani-dhoti-set,Men Texture Kurta Indowestern Sherwani Dhoti Set,BUTTERBYTE STORE,,88cc8726-ce23-4273-8587-252dc5ab01eb,"Discover the Men Texture Kurta Indowestern Sherwani Dhoti Set from BUTTERBYTE STORE — a thoughtfully designed sherwani crafted for the modern Indian wardrobe. Made with premium, breathable fabric and finished with meticulous tailoring, this Men Texture Kurta Indowestern Sherwani Dhoti Set blends contemporary design with timeless ethnic sensibility — ideal for festive occasions, everyday wear, gifting and special celebrations.

Key Highlights:
• Premium soft-touch fabric with a comfortable hand feel
• Tailored fit designed for all-day comfort and easy movement
• Durable double-stitched seams and color-fast dyes for long-lasting wear
• Easy care — machine washable, low maintenance
• Versatile styling — pair with traditional or contemporary essentials

Why shop the Men Texture Kurta Indowestern Sherwani Dhoti Set at BUTTERBYTE STORE? Enjoy authentic quality, pan-India shipping, secure checkout, easy 7-day returns and dedicated customer support. Elevate your ethnic and everyday wardrobe with BUTTERBYTE STORE — premium fashion for the modern Indian.",10500.00,7500.00,29,29,In Stock,f,f,f,4.3,142,2026-05-31 01:08:00.473234+00
1bf3c405-c829-49a8-9a26-599b25e8d004,green-men-self-design-sherwani-set,Green Men Self Design Sherwani Set,BUTTERBYTE STORE,,88cc8726-ce23-4273-8587-252dc5ab01eb,"Discover the Green Men Self Design Sherwani Set from BUTTERBYTE STORE — a thoughtfully designed sherwani crafted for the modern Indian wardrobe. Made with premium, breathable fabric and finished with meticulous tailoring, this Green Men Self Design Sherwani Set blends contemporary design with timeless ethnic sensibility — ideal for festive occasions, everyday wear, gifting and special celebrations.

Key Highlights:
• Premium soft-touch fabric with a comfortable hand feel
• Tailored fit designed for all-day comfort and easy movement
• Durable double-stitched seams and color-fast dyes for long-lasting wear
• Easy care — machine washable, low maintenance
• Versatile styling — pair with traditional or contemporary essentials

Why shop the Green Men Self Design Sherwani Set at BUTTERBYTE STORE? Enjoy authentic quality, pan-India shipping, secure checkout, easy 7-day returns and dedicated customer support. Elevate your ethnic and everyday wardrobe with BUTTERBYTE STORE — premium fashion for the modern Indian.",1400.00,1000.00,29,11,In Stock,f,f,f,4.3,90,2026-05-31 01:08:00.507486+00
103b7d60-c8f8-43bf-93d6-a4e81afcbb90,sojanya-maroon-front-slit-sherwani-set-with-m,Sojanya Maroon Front Slit Sherwani Set With M,BUTTERBYTE STORE,,88cc8726-ce23-4273-8587-252dc5ab01eb,"Discover the Sojanya Maroon Front Slit Sherwani Set With M from BUTTERBYTE STORE — a thoughtfully designed sherwani crafted for the modern Indian wardrobe. Made with premium, breathable fabric and finished with meticulous tailoring, this Sojanya Maroon Front Slit Sherwani Set With M blends contemporary design with timeless ethnic sensibility — ideal for festive occasions, everyday wear, gifting and special celebrations.

Key Highlights:
• Premium soft-touch fabric with a comfortable hand feel
• Tailored fit designed for all-day comfort and easy movement
• Durable double-stitched seams and color-fast dyes for long-lasting wear
• Easy care — machine washable, low maintenance
• Versatile styling — pair with traditional or contemporary essentials

Why shop the Sojanya Maroon Front Slit Sherwani Set With M at BUTTERBYTE STORE? Enjoy authentic quality, pan-India shipping, secure checkout, easy 7-day returns and dedicated customer support. Elevate your ethnic and everyday wardrobe with BUTTERBYTE STORE — premium fashion for the modern Indian.",1390.00,990.00,29,46,In Stock,f,f,f,4.3,104,2026-05-31 01:08:00.541663+00
76ca8e17-8c19-4cc6-bb8e-9612459c6897,men-regular-fit-sherwani-pants-set,Men Regular Fit Sherwani Pants Set,BUTTERBYTE STORE,,88cc8726-ce23-4273-8587-252dc5ab01eb,"Discover the Men Regular Fit Sherwani Pants Set from BUTTERBYTE STORE — a thoughtfully designed sherwani crafted for the modern Indian wardrobe. Made with premium, breathable fabric and finished with meticulous tailoring, this Men Regular Fit Sherwani Pants Set blends contemporary design with timeless ethnic sensibility — ideal for festive occasions, everyday wear, gifting and special celebrations.

Key Highlights:
• Premium soft-touch fabric with a comfortable hand feel
• Tailored fit designed for all-day comfort and easy movement
• Durable double-stitched seams and color-fast dyes for long-lasting wear
• Easy care — machine washable, low maintenance
• Versatile styling — pair with traditional or contemporary essentials

Why shop the Men Regular Fit Sherwani Pants Set at BUTTERBYTE STORE? Enjoy authentic quality, pan-India shipping, secure checkout, easy 7-day returns and dedicated customer support. Elevate your ethnic and everyday wardrobe with BUTTERBYTE STORE — premium fashion for the modern Indian.",3780.00,2700.00,29,23,In Stock,t,f,f,4.3,25,2026-05-31 01:08:00.575548+00
bb1a4e88-cf65-46f8-ad00-5157a46fb74b,purple-men-texture-kurta-indowestern-sherwani-trouser-set,Purple Men Texture Kurta Indowestern Sherwani Trouser Set,BUTTERBYTE STORE,,88cc8726-ce23-4273-8587-252dc5ab01eb,"Discover the Purple Men Texture Kurta Indowestern Sherwani Trouser Set from BUTTERBYTE STORE — a thoughtfully designed sherwani crafted for the modern Indian wardrobe. Made with premium, breathable fabric and finished with meticulous tailoring, this Purple Men Texture Kurta Indowestern Sherwani Trouser Set blends contemporary design with timeless ethnic sensibility — ideal for festive occasions, everyday wear, gifting and special celebrations.

Key Highlights:
• Premium soft-touch fabric with a comfortable hand feel
• Tailored fit designed for all-day comfort and easy movement
• Durable double-stitched seams and color-fast dyes for long-lasting wear
• Easy care — machine washable, low maintenance
• Versatile styling — pair with traditional or contemporary essentials

Why shop the Purple Men Texture Kurta Indowestern Sherwani Trouser Set at BUTTERBYTE STORE? Enjoy authentic quality, pan-India shipping, secure checkout, easy 7-day returns and dedicated customer support. Elevate your ethnic and everyday wardrobe with BUTTERBYTE STORE — premium fashion for the modern Indian.",3290.00,2350.00,29,11,In Stock,f,t,f,4.3,109,2026-05-31 01:08:00.609415+00
29b02879-b21c-4659-ab09-5861cc0c3510,blue-men-self-design-sherwani-set,Blue Men Self Design Sherwani Set,BUTTERBYTE STORE,,88cc8726-ce23-4273-8587-252dc5ab01eb,"Discover the Blue Men Self Design Sherwani Set from BUTTERBYTE STORE — a thoughtfully designed sherwani crafted for the modern Indian wardrobe. Made with premium, breathable fabric and finished with meticulous tailoring, this Blue Men Self Design Sherwani Set blends contemporary design with timeless ethnic sensibility — ideal for festive occasions, everyday wear, gifting and special celebrations.

Key Highlights:
• Premium soft-touch fabric with a comfortable hand feel
• Tailored fit designed for all-day comfort and easy movement
• Durable double-stitched seams and color-fast dyes for long-lasting wear
• Easy care — machine washable, low maintenance
• Versatile styling — pair with traditional or contemporary essentials

Why shop the Blue Men Self Design Sherwani Set at BUTTERBYTE STORE? Enjoy authentic quality, pan-India shipping, secure checkout, easy 7-day returns and dedicated customer support. Elevate your ethnic and everyday wardrobe with BUTTERBYTE STORE — premium fashion for the modern Indian.",2310.00,1650.00,29,27,In Stock,f,f,f,4.3,147,2026-05-31 01:08:00.643475+00
6d5ebe92-5d7c-4622-89e5-d3d8856cb759,men-regular-fit-sherwani-set,Men Regular Fit Sherwani Set,BUTTERBYTE STORE,,88cc8726-ce23-4273-8587-252dc5ab01eb,"Discover the Men Regular Fit Sherwani Set from BUTTERBYTE STORE — a thoughtfully designed sherwani crafted for the modern Indian wardrobe. Made with premium, breathable fabric and finished with meticulous tailoring, this Men Regular Fit Sherwani Set blends contemporary design with timeless ethnic sensibility — ideal for festive occasions, everyday wear, gifting and special celebrations.

Key Highlights:
• Premium soft-touch fabric with a comfortable hand feel
• Tailored fit designed for all-day comfort and easy movement
• Durable double-stitched seams and color-fast dyes for long-lasting wear
• Easy care — machine washable, low maintenance
• Versatile styling — pair with traditional or contemporary essentials

Why shop the Men Regular Fit Sherwani Set at BUTTERBYTE STORE? Enjoy authentic quality, pan-India shipping, secure checkout, easy 7-day returns and dedicated customer support. Elevate your ethnic and everyday wardrobe with BUTTERBYTE STORE — premium fashion for the modern Indian.",3220.00,2300.00,29,31,In Stock,f,f,f,4.3,178,2026-05-31 01:08:00.677379+00
ce113fc7-6614-42bc-b99a-dac02337656a,grey-men-floral-woven-regular-fit-sherwani-set,Grey Men Floral Woven Regular Fit Sherwani Set,BUTTERBYTE STORE,,88cc8726-ce23-4273-8587-252dc5ab01eb,"Discover the Grey Men Floral Woven Regular Fit Sherwani Set from BUTTERBYTE STORE — a thoughtfully designed sherwani crafted for the modern Indian wardrobe. Made with premium, breathable fabric and finished with meticulous tailoring, this Grey Men Floral Woven Regular Fit Sherwani Set blends contemporary design with timeless ethnic sensibility — ideal for festive occasions, everyday wear, gifting and special celebrations.

Key Highlights:
• Premium soft-touch fabric with a comfortable hand feel
• Tailored fit designed for all-day comfort and easy movement
• Durable double-stitched seams and color-fast dyes for long-lasting wear
• Easy care — machine washable, low maintenance
• Versatile styling — pair with traditional or contemporary essentials

Why shop the Grey Men Floral Woven Regular Fit Sherwani Set at BUTTERBYTE STORE? Enjoy authentic quality, pan-India shipping, secure checkout, easy 7-day returns and dedicated customer support. Elevate your ethnic and everyday wardrobe with BUTTERBYTE STORE — premium fashion for the modern Indian.",2590.00,1850.00,29,49,In Stock,f,f,f,4.3,64,2026-05-31 01:08:00.711268+00
775fc54b-cf02-44f5-b068-da45962b9355,gold-shimmery-sherwani-set,Gold Shimmery Sherwani Set,BUTTERBYTE STORE,,88cc8726-ce23-4273-8587-252dc5ab01eb,"Discover the Gold Shimmery Sherwani Set from BUTTERBYTE STORE — a thoughtfully designed sherwani crafted for the modern Indian wardrobe. Made with premium, breathable fabric and finished with meticulous tailoring, this Gold Shimmery Sherwani Set blends contemporary design with timeless ethnic sensibility — ideal for festive occasions, everyday wear, gifting and special celebrations.

Key Highlights:
• Premium soft-touch fabric with a comfortable hand feel
• Tailored fit designed for all-day comfort and easy movement
• Durable double-stitched seams and color-fast dyes for long-lasting wear
• Easy care — machine washable, low maintenance
• Versatile styling — pair with traditional or contemporary essentials

Why shop the Gold Shimmery Sherwani Set at BUTTERBYTE STORE? Enjoy authentic quality, pan-India shipping, secure checkout, easy 7-day returns and dedicated customer support. Elevate your ethnic and everyday wardrobe with BUTTERBYTE STORE — premium fashion for the modern Indian.",1270.00,910.00,28,41,In Stock,f,t,f,4.3,33,2026-05-31 01:08:00.745326+00
88ff4ded-d52c-462a-8132-f095615fa598,pink-men-embellished-embroidery-sherwani-set,Pink Men Embellished & Embroidery Sherwani Set,BUTTERBYTE STORE,,88cc8726-ce23-4273-8587-252dc5ab01eb,"Discover the Pink Men Embellished & Embroidery Sherwani Set from BUTTERBYTE STORE — a thoughtfully designed sherwani crafted for the modern Indian wardrobe. Made with premium, breathable fabric and finished with meticulous tailoring, this Pink Men Embellished & Embroidery Sherwani Set blends contemporary design with timeless ethnic sensibility — ideal for festive occasions, everyday wear, gifting and special celebrations.

Key Highlights:
• Premium soft-touch fabric with a comfortable hand feel
• Tailored fit designed for all-day comfort and easy movement
• Durable double-stitched seams and color-fast dyes for long-lasting wear
• Easy care — machine washable, low maintenance
• Versatile styling — pair with traditional or contemporary essentials

Why shop the Pink Men Embellished & Embroidery Sherwani Set at BUTTERBYTE STORE? Enjoy authentic quality, pan-India shipping, secure checkout, easy 7-day returns and dedicated customer support. Elevate your ethnic and everyday wardrobe with BUTTERBYTE STORE — premium fashion for the modern Indian.",3220.00,2300.00,29,8,In Stock,f,f,t,4.3,124,2026-05-31 01:08:00.779885+00
17434703-241c-4bb9-920d-a7d7df1f211a,men-embroidery-kurta-indowestern-sherwani-churidar-set,Men Embroidery Kurta Indowestern Sherwani Churidar Set,BUTTERBYTE STORE,,88cc8726-ce23-4273-8587-252dc5ab01eb,"Discover the Men Embroidery Kurta Indowestern Sherwani Churidar Set from BUTTERBYTE STORE — a thoughtfully designed sherwani crafted for the modern Indian wardrobe. Made with premium, breathable fabric and finished with meticulous tailoring, this Men Embroidery Kurta Indowestern Sherwani Churidar Set blends contemporary design with timeless ethnic sensibility — ideal for festive occasions, everyday wear, gifting and special celebrations.

Key Highlights:
• Premium soft-touch fabric with a comfortable hand feel
• Tailored fit designed for all-day comfort and easy movement
• Durable double-stitched seams and color-fast dyes for long-lasting wear
• Easy care — machine washable, low maintenance
• Versatile styling — pair with traditional or contemporary essentials

Why shop the Men Embroidery Kurta Indowestern Sherwani Churidar Set at BUTTERBYTE STORE? Enjoy authentic quality, pan-India shipping, secure checkout, easy 7-day returns and dedicated customer support. Elevate your ethnic and everyday wardrobe with BUTTERBYTE STORE — premium fashion for the modern Indian.",4130.00,2950.00,29,12,In Stock,f,f,f,4.3,52,2026-05-31 01:08:00.813695+00
79600e8f-e466-4f9a-8bed-0b10e6f3cc82,peach-men-embellished-embroidery-sherwani-set,Peach Men Embellished & Embroidery Sherwani Set,BUTTERBYTE STORE,,88cc8726-ce23-4273-8587-252dc5ab01eb,"Discover the Peach Men Embellished & Embroidery Sherwani Set from BUTTERBYTE STORE — a thoughtfully designed sherwani crafted for the modern Indian wardrobe. Made with premium, breathable fabric and finished with meticulous tailoring, this Peach Men Embellished & Embroidery Sherwani Set blends contemporary design with timeless ethnic sensibility — ideal for festive occasions, everyday wear, gifting and special celebrations.

Key Highlights:
• Premium soft-touch fabric with a comfortable hand feel
• Tailored fit designed for all-day comfort and easy movement
• Durable double-stitched seams and color-fast dyes for long-lasting wear
• Easy care — machine washable, low maintenance
• Versatile styling — pair with traditional or contemporary essentials

Why shop the Peach Men Embellished & Embroidery Sherwani Set at BUTTERBYTE STORE? Enjoy authentic quality, pan-India shipping, secure checkout, easy 7-day returns and dedicated customer support. Elevate your ethnic and everyday wardrobe with BUTTERBYTE STORE — premium fashion for the modern Indian.",2170.00,1550.00,29,30,In Stock,f,f,f,4.3,44,2026-05-31 01:08:00.847599+00
5f3a07ac-397f-4508-998c-c8fa4ea67b4c,green-men-self-design-regular-fit-sherwani-set,Green Men Self Design Regular Fit Sherwani Set,BUTTERBYTE STORE,,88cc8726-ce23-4273-8587-252dc5ab01eb,"Discover the Green Men Self Design Regular Fit Sherwani Set from BUTTERBYTE STORE — a thoughtfully designed sherwani crafted for the modern Indian wardrobe. Made with premium, breathable fabric and finished with meticulous tailoring, this Green Men Self Design Regular Fit Sherwani Set blends contemporary design with timeless ethnic sensibility — ideal for festive occasions, everyday wear, gifting and special celebrations.

Key Highlights:
• Premium soft-touch fabric with a comfortable hand feel
• Tailored fit designed for all-day comfort and easy movement
• Durable double-stitched seams and color-fast dyes for long-lasting wear
• Easy care — machine washable, low maintenance
• Versatile styling — pair with traditional or contemporary essentials

Why shop the Green Men Self Design Regular Fit Sherwani Set at BUTTERBYTE STORE? Enjoy authentic quality, pan-India shipping, secure checkout, easy 7-day returns and dedicated customer support. Elevate your ethnic and everyday wardrobe with BUTTERBYTE STORE — premium fashion for the modern Indian.",3080.00,2200.00,29,28,In Stock,f,f,f,4.3,124,2026-05-31 01:08:00.881542+00
d70cab9b-33ce-4b64-b535-42fde75ca2f9,grey-men-floral-sherwani-set,Grey Men Floral Sherwani Set,BUTTERBYTE STORE,,88cc8726-ce23-4273-8587-252dc5ab01eb,"Discover the Grey Men Floral Sherwani Set from BUTTERBYTE STORE — a thoughtfully designed sherwani crafted for the modern Indian wardrobe. Made with premium, breathable fabric and finished with meticulous tailoring, this Grey Men Floral Sherwani Set blends contemporary design with timeless ethnic sensibility — ideal for festive occasions, everyday wear, gifting and special celebrations.

Key Highlights:
• Premium soft-touch fabric with a comfortable hand feel
• Tailored fit designed for all-day comfort and easy movement
• Durable double-stitched seams and color-fast dyes for long-lasting wear
• Easy care — machine washable, low maintenance
• Versatile styling — pair with traditional or contemporary essentials

Why shop the Grey Men Floral Sherwani Set at BUTTERBYTE STORE? Enjoy authentic quality, pan-India shipping, secure checkout, easy 7-day returns and dedicated customer support. Elevate your ethnic and everyday wardrobe with BUTTERBYTE STORE — premium fashion for the modern Indian.",4900.00,3500.00,29,21,In Stock,t,f,f,4.3,128,2026-05-31 01:08:00.915507+00
1bcd128c-5ca8-43e7-acc0-83b9985b61a2,black-men-embossed-kurta-indowestern-sherwani-trouser-set,Black Men Embossed Kurta Indowestern Sherwani Trouser Set,BUTTERBYTE STORE,,88cc8726-ce23-4273-8587-252dc5ab01eb,"Discover the Black Men Embossed Kurta Indowestern Sherwani Trouser Set from BUTTERBYTE STORE — a thoughtfully designed sherwani crafted for the modern Indian wardrobe. Made with premium, breathable fabric and finished with meticulous tailoring, this Black Men Embossed Kurta Indowestern Sherwani Trouser Set blends contemporary design with timeless ethnic sensibility — ideal for festive occasions, everyday wear, gifting and special celebrations.

Key Highlights:
• Premium soft-touch fabric with a comfortable hand feel
• Tailored fit designed for all-day comfort and easy movement
• Durable double-stitched seams and color-fast dyes for long-lasting wear
• Easy care — machine washable, low maintenance
• Versatile styling — pair with traditional or contemporary essentials

Why shop the Black Men Embossed Kurta Indowestern Sherwani Trouser Set at BUTTERBYTE STORE? Enjoy authentic quality, pan-India shipping, secure checkout, easy 7-day returns and dedicated customer support. Elevate your ethnic and everyday wardrobe with BUTTERBYTE STORE — premium fashion for the modern Indian.",2660.00,1900.00,29,20,In Stock,f,f,f,4.3,23,2026-05-31 01:08:00.949758+00
1852a5ed-2db5-4a59-b12a-62107689ab78,short-sleeve-checked,Short Sleeve Checked,BUTTERBYTE STORE,,5cf0aeba-6b4d-471f-9d95-4a59aae4aa11,"Discover the Short Sleeve Checked from BUTTERBYTE STORE — a thoughtfully designed shirt crafted for the modern Indian wardrobe. Made with premium, breathable fabric and finished with meticulous tailoring, this Short Sleeve Checked blends contemporary design with timeless ethnic sensibility — ideal for festive occasions, everyday wear, gifting and special celebrations.

Key Highlights:
• Premium soft-touch fabric with a comfortable hand feel
• Tailored fit designed for all-day comfort and easy movement
• Durable double-stitched seams and color-fast dyes for long-lasting wear
• Easy care — machine washable, low maintenance
• Versatile styling — pair with traditional or contemporary essentials

Why shop the Short Sleeve Checked at BUTTERBYTE STORE? Enjoy authentic quality, pan-India shipping, secure checkout, easy 7-day returns and dedicated customer support. Elevate your ethnic and everyday wardrobe with BUTTERBYTE STORE — premium fashion for the modern Indian.",840.00,600.00,29,19,In Stock,f,f,f,4.0,12,2026-05-31 01:08:00.983541+00
fdb249d8-e163-43e6-9753-70bac9b21546,short-sleeve-checke,Short Sleeve Checke,BUTTERBYTE STORE,,5cf0aeba-6b4d-471f-9d95-4a59aae4aa11,"Discover the Short Sleeve Checke from BUTTERBYTE STORE — a thoughtfully designed shirt crafted for the modern Indian wardrobe. Made with premium, breathable fabric and finished with meticulous tailoring, this Short Sleeve Checke blends contemporary design with timeless ethnic sensibility — ideal for festive occasions, everyday wear, gifting and special celebrations.

Key Highlights:
• Premium soft-touch fabric with a comfortable hand feel
• Tailored fit designed for all-day comfort and easy movement
• Durable double-stitched seams and color-fast dyes for long-lasting wear
• Easy care — machine washable, low maintenance
• Versatile styling — pair with traditional or contemporary essentials

Why shop the Short Sleeve Checke at BUTTERBYTE STORE? Enjoy authentic quality, pan-India shipping, secure checkout, easy 7-day returns and dedicated customer support. Elevate your ethnic and everyday wardrobe with BUTTERBYTE STORE — premium fashion for the modern Indian.",840.00,600.00,29,48,In Stock,f,f,f,4.0,144,2026-05-31 01:08:01.017349+00
184064f4-76d4-4ed1-a8a2-c6acd923dc18,men-regular-fit-cotton-shirt,Men Regular Fit Cotton Shirt,BUTTERBYTE STORE,,5cf0aeba-6b4d-471f-9d95-4a59aae4aa11,"Discover the Men Regular Fit Cotton Shirt from BUTTERBYTE STORE — a thoughtfully designed shirt crafted for the modern Indian wardrobe. Made with premium, breathable fabric and finished with meticulous tailoring, this Men Regular Fit Cotton Shirt blends contemporary design with timeless ethnic sensibility — ideal for festive occasions, everyday wear, gifting and special celebrations.

Key Highlights:
• Premium soft-touch fabric with a comfortable hand feel
• Tailored fit designed for all-day comfort and easy movement
• Durable double-stitched seams and color-fast dyes for long-lasting wear
• Easy care — machine washable, low maintenance
• Versatile styling — pair with traditional or contemporary essentials

Why shop the Men Regular Fit Cotton Shirt at BUTTERBYTE STORE? Enjoy authentic quality, pan-India shipping, secure checkout, easy 7-day returns and dedicated customer support. Elevate your ethnic and everyday wardrobe with BUTTERBYTE STORE — premium fashion for the modern Indian.",560.00,400.00,29,14,In Stock,f,f,f,5.0,174,2026-05-31 01:08:01.051181+00
3729cacb-d0c8-4b6b-9c64-121ea7e6ce5a,checked-shirt-with-patch,Checked Shirt with Patch,BUTTERBYTE STORE,,5cf0aeba-6b4d-471f-9d95-4a59aae4aa11,"Discover the Checked Shirt with Patch from BUTTERBYTE STORE — a thoughtfully designed shirt crafted for the modern Indian wardrobe. Made with premium, breathable fabric and finished with meticulous tailoring, this Checked Shirt with Patch blends contemporary design with timeless ethnic sensibility — ideal for festive occasions, everyday wear, gifting and special celebrations.

Key Highlights:
• Premium soft-touch fabric with a comfortable hand feel
• Tailored fit designed for all-day comfort and easy movement
• Durable double-stitched seams and color-fast dyes for long-lasting wear
• Easy care — machine washable, low maintenance
• Versatile styling — pair with traditional or contemporary essentials

Why shop the Checked Shirt with Patch at BUTTERBYTE STORE? Enjoy authentic quality, pan-India shipping, secure checkout, easy 7-day returns and dedicated customer support. Elevate your ethnic and everyday wardrobe with BUTTERBYTE STORE — premium fashion for the modern Indian.",700.00,500.00,29,34,In Stock,f,t,f,5.0,78,2026-05-31 01:08:01.085137+00
6a707d42-0038-4a45-acfc-4d1d6222245f,printed-regular-fit-spread-collar,Printed Regular Fit Spread-Collar,BUTTERBYTE STORE,,5cf0aeba-6b4d-471f-9d95-4a59aae4aa11,"Discover the Printed Regular Fit Spread-Collar from BUTTERBYTE STORE — a thoughtfully designed shirt crafted for the modern Indian wardrobe. Made with premium, breathable fabric and finished with meticulous tailoring, this Printed Regular Fit Spread-Collar blends contemporary design with timeless ethnic sensibility — ideal for festive occasions, everyday wear, gifting and special celebrations.

Key Highlights:
• Premium soft-touch fabric with a comfortable hand feel
• Tailored fit designed for all-day comfort and easy movement
• Durable double-stitched seams and color-fast dyes for long-lasting wear
• Easy care — machine washable, low maintenance
• Versatile styling — pair with traditional or contemporary essentials

Why shop the Printed Regular Fit Spread-Collar at BUTTERBYTE STORE? Enjoy authentic quality, pan-India shipping, secure checkout, easy 7-day returns and dedicated customer support. Elevate your ethnic and everyday wardrobe with BUTTERBYTE STORE — premium fashion for the modern Indian.",840.00,600.00,29,34,In Stock,t,f,f,3.5,121,2026-05-31 01:08:01.118986+00
297d0fe7-3173-4279-9bd6-07043114a00c,regular-fit-shirt-with-c,Regular Fit Shirt with C,BUTTERBYTE STORE,,5cf0aeba-6b4d-471f-9d95-4a59aae4aa11,"Discover the Regular Fit Shirt with C from BUTTERBYTE STORE — a thoughtfully designed shirt crafted for the modern Indian wardrobe. Made with premium, breathable fabric and finished with meticulous tailoring, this Regular Fit Shirt with C blends contemporary design with timeless ethnic sensibility — ideal for festive occasions, everyday wear, gifting and special celebrations.

Key Highlights:
• Premium soft-touch fabric with a comfortable hand feel
• Tailored fit designed for all-day comfort and easy movement
• Durable double-stitched seams and color-fast dyes for long-lasting wear
• Easy care — machine washable, low maintenance
• Versatile styling — pair with traditional or contemporary essentials

Why shop the Regular Fit Shirt with C at BUTTERBYTE STORE? Enjoy authentic quality, pan-India shipping, secure checkout, easy 7-day returns and dedicated customer support. Elevate your ethnic and everyday wardrobe with BUTTERBYTE STORE — premium fashion for the modern Indian.",840.00,600.00,29,25,In Stock,t,f,f,3.5,58,2026-05-31 01:08:01.152886+00
07b0ce54-a4f3-4272-9ff6-3a2deac46b0b,print-slim-fit-shirt,Print Slim Fit Shirt,BUTTERBYTE STORE,,5cf0aeba-6b4d-471f-9d95-4a59aae4aa11,"Discover the Print Slim Fit Shirt from BUTTERBYTE STORE — a thoughtfully designed shirt crafted for the modern Indian wardrobe. Made with premium, breathable fabric and finished with meticulous tailoring, this Print Slim Fit Shirt blends contemporary design with timeless ethnic sensibility — ideal for festive occasions, everyday wear, gifting and special celebrations.

Key Highlights:
• Premium soft-touch fabric with a comfortable hand feel
• Tailored fit designed for all-day comfort and easy movement
• Durable double-stitched seams and color-fast dyes for long-lasting wear
• Easy care — machine washable, low maintenance
• Versatile styling — pair with traditional or contemporary essentials

Why shop the Print Slim Fit Shirt at BUTTERBYTE STORE? Enjoy authentic quality, pan-India shipping, secure checkout, easy 7-day returns and dedicated customer support. Elevate your ethnic and everyday wardrobe with BUTTERBYTE STORE — premium fashion for the modern Indian.",840.00,600.00,29,31,In Stock,f,f,t,5.0,77,2026-05-31 01:08:01.186689+00
d2f293cc-cbbd-4501-a650-51eea2a07446,men-regular-fit-shirt-with-patch-pocket-2,Men Regular Fit Shirt with Patch Pocket,BUTTERBYTE STORE,,5cf0aeba-6b4d-471f-9d95-4a59aae4aa11,"Discover the Men Regular Fit Shirt with Patch Pocket from BUTTERBYTE STORE — a thoughtfully designed shirt crafted for the modern Indian wardrobe. Made with premium, breathable fabric and finished with meticulous tailoring, this Men Regular Fit Shirt with Patch Pocket blends contemporary design with timeless ethnic sensibility — ideal for festive occasions, everyday wear, gifting and special celebrations.

Key Highlights:
• Premium soft-touch fabric with a comfortable hand feel
• Tailored fit designed for all-day comfort and easy movement
• Durable double-stitched seams and color-fast dyes for long-lasting wear
• Easy care — machine washable, low maintenance
• Versatile styling — pair with traditional or contemporary essentials

Why shop the Men Regular Fit Shirt with Patch Pocket at BUTTERBYTE STORE? Enjoy authentic quality, pan-India shipping, secure checkout, easy 7-day returns and dedicated customer support. Elevate your ethnic and everyday wardrobe with BUTTERBYTE STORE — premium fashion for the modern Indian.",420.00,300.00,29,22,In Stock,f,f,f,4.0,140,2026-05-31 01:08:01.220626+00
3b639bad-1f1c-4494-92e1-0406f572797e,printed-relaxed-fit-shirt-w,Printed Relaxed Fit Shirt w,BUTTERBYTE STORE,,5cf0aeba-6b4d-471f-9d95-4a59aae4aa11,"Discover the Printed Relaxed Fit Shirt w from BUTTERBYTE STORE — a thoughtfully designed shirt crafted for the modern Indian wardrobe. Made with premium, breathable fabric and finished with meticulous tailoring, this Printed Relaxed Fit Shirt w blends contemporary design with timeless ethnic sensibility — ideal for festive occasions, everyday wear, gifting and special celebrations.

Key Highlights:
• Premium soft-touch fabric with a comfortable hand feel
• Tailored fit designed for all-day comfort and easy movement
• Durable double-stitched seams and color-fast dyes for long-lasting wear
• Easy care — machine washable, low maintenance
• Versatile styling — pair with traditional or contemporary essentials

Why shop the Printed Relaxed Fit Shirt w at BUTTERBYTE STORE? Enjoy authentic quality, pan-India shipping, secure checkout, easy 7-day returns and dedicated customer support. Elevate your ethnic and everyday wardrobe with BUTTERBYTE STORE — premium fashion for the modern Indian.",1680.00,1200.00,29,25,In Stock,t,f,f,3.5,65,2026-05-31 01:08:01.255165+00
221ef61e-e4cb-40df-ba3f-5cc57fa3c3ee,collar-full-sleeve-half-2,Collar Full Sleeve Half,BUTTERBYTE STORE,,5cf0aeba-6b4d-471f-9d95-4a59aae4aa11,"Discover the Collar Full Sleeve Half from BUTTERBYTE STORE — a thoughtfully designed shirt crafted for the modern Indian wardrobe. Made with premium, breathable fabric and finished with meticulous tailoring, this Collar Full Sleeve Half blends contemporary design with timeless ethnic sensibility — ideal for festive occasions, everyday wear, gifting and special celebrations.

Key Highlights:
• Premium soft-touch fabric with a comfortable hand feel
• Tailored fit designed for all-day comfort and easy movement
• Durable double-stitched seams and color-fast dyes for long-lasting wear
• Easy care — machine washable, low maintenance
• Versatile styling — pair with traditional or contemporary essentials

Why shop the Collar Full Sleeve Half at BUTTERBYTE STORE? Enjoy authentic quality, pan-India shipping, secure checkout, easy 7-day returns and dedicated customer support. Elevate your ethnic and everyday wardrobe with BUTTERBYTE STORE — premium fashion for the modern Indian.",840.00,600.00,29,36,In Stock,f,t,f,3.5,27,2026-05-31 01:08:01.289406+00
9430b969-92b9-41b0-a91e-ecfd1412210d,self-design-slim-fit-shirt,Self-design Slim Fit Shirt,BUTTERBYTE STORE,,5cf0aeba-6b4d-471f-9d95-4a59aae4aa11,"Discover the Self-design Slim Fit Shirt from BUTTERBYTE STORE — a thoughtfully designed shirt crafted for the modern Indian wardrobe. Made with premium, breathable fabric and finished with meticulous tailoring, this Self-design Slim Fit Shirt blends contemporary design with timeless ethnic sensibility — ideal for festive occasions, everyday wear, gifting and special celebrations.

Key Highlights:
• Premium soft-touch fabric with a comfortable hand feel
• Tailored fit designed for all-day comfort and easy movement
• Durable double-stitched seams and color-fast dyes for long-lasting wear
• Easy care — machine washable, low maintenance
• Versatile styling — pair with traditional or contemporary essentials

Why shop the Self-design Slim Fit Shirt at BUTTERBYTE STORE? Enjoy authentic quality, pan-India shipping, secure checkout, easy 7-day returns and dedicated customer support. Elevate your ethnic and everyday wardrobe with BUTTERBYTE STORE — premium fashion for the modern Indian.",840.00,600.00,29,46,In Stock,f,f,f,4.0,9,2026-05-31 01:08:01.323294+00
ebaf5431-11dd-4546-ba6c-0265dd387f8a,checked-shirt-with-patch-2,Checked Shirt with Patch,BUTTERBYTE STORE,,5cf0aeba-6b4d-471f-9d95-4a59aae4aa11,"Discover the Checked Shirt with Patch from BUTTERBYTE STORE — a thoughtfully designed shirt crafted for the modern Indian wardrobe. Made with premium, breathable fabric and finished with meticulous tailoring, this Checked Shirt with Patch blends contemporary design with timeless ethnic sensibility — ideal for festive occasions, everyday wear, gifting and special celebrations.

Key Highlights:
• Premium soft-touch fabric with a comfortable hand feel
• Tailored fit designed for all-day comfort and easy movement
• Durable double-stitched seams and color-fast dyes for long-lasting wear
• Easy care — machine washable, low maintenance
• Versatile styling — pair with traditional or contemporary essentials

Why shop the Checked Shirt with Patch at BUTTERBYTE STORE? Enjoy authentic quality, pan-India shipping, secure checkout, easy 7-day returns and dedicated customer support. Elevate your ethnic and everyday wardrobe with BUTTERBYTE STORE — premium fashion for the modern Indian.",700.00,500.00,29,13,In Stock,t,f,f,3.5,153,2026-05-31 01:08:01.357147+00
75da239d-5a61-4320-92f2-7f4508ca537e,men-checked-regular-fit-shirt-with-f,Men Checked Regular Fit Shirt with F,BUTTERBYTE STORE,,5cf0aeba-6b4d-471f-9d95-4a59aae4aa11,"Discover the Men Checked Regular Fit Shirt with F from BUTTERBYTE STORE — a thoughtfully designed shirt crafted for the modern Indian wardrobe. Made with premium, breathable fabric and finished with meticulous tailoring, this Men Checked Regular Fit Shirt with F blends contemporary design with timeless ethnic sensibility — ideal for festive occasions, everyday wear, gifting and special celebrations.

Key Highlights:
• Premium soft-touch fabric with a comfortable hand feel
• Tailored fit designed for all-day comfort and easy movement
• Durable double-stitched seams and color-fast dyes for long-lasting wear
• Easy care — machine washable, low maintenance
• Versatile styling — pair with traditional or contemporary essentials

Why shop the Men Checked Regular Fit Shirt with F at BUTTERBYTE STORE? Enjoy authentic quality, pan-India shipping, secure checkout, easy 7-day returns and dedicated customer support. Elevate your ethnic and everyday wardrobe with BUTTERBYTE STORE — premium fashion for the modern Indian.",560.00,400.00,29,25,In Stock,f,t,f,5.0,53,2026-05-31 01:08:01.391002+00
1fbe2ddc-730d-4c46-bf65-1f0a3d1e8b72,fit-printed-shirt,Fit printed Shirt,BUTTERBYTE STORE,,5cf0aeba-6b4d-471f-9d95-4a59aae4aa11,"Discover the Fit printed Shirt from BUTTERBYTE STORE — a thoughtfully designed shirt crafted for the modern Indian wardrobe. Made with premium, breathable fabric and finished with meticulous tailoring, this Fit printed Shirt blends contemporary design with timeless ethnic sensibility — ideal for festive occasions, everyday wear, gifting and special celebrations.

Key Highlights:
• Premium soft-touch fabric with a comfortable hand feel
• Tailored fit designed for all-day comfort and easy movement
• Durable double-stitched seams and color-fast dyes for long-lasting wear
• Easy care — machine washable, low maintenance
• Versatile styling — pair with traditional or contemporary essentials

Why shop the Fit printed Shirt at BUTTERBYTE STORE? Enjoy authentic quality, pan-India shipping, secure checkout, easy 7-day returns and dedicated customer support. Elevate your ethnic and everyday wardrobe with BUTTERBYTE STORE — premium fashion for the modern Indian.",1540.00,1100.00,29,10,In Stock,f,f,f,5.0,46,2026-05-31 01:08:01.424799+00
eb813412-89d6-4939-b09a-449e81134e8e,men-regular-fit-shirt-10,Men Regular Fit Shirt,BUTTERBYTE STORE,,5cf0aeba-6b4d-471f-9d95-4a59aae4aa11,"Discover the Men Regular Fit Shirt from BUTTERBYTE STORE — a thoughtfully designed shirt crafted for the modern Indian wardrobe. Made with premium, breathable fabric and finished with meticulous tailoring, this Men Regular Fit Shirt blends contemporary design with timeless ethnic sensibility — ideal for festive occasions, everyday wear, gifting and special celebrations.

Key Highlights:
• Premium soft-touch fabric with a comfortable hand feel
• Tailored fit designed for all-day comfort and easy movement
• Durable double-stitched seams and color-fast dyes for long-lasting wear
• Easy care — machine washable, low maintenance
• Versatile styling — pair with traditional or contemporary essentials

Why shop the Men Regular Fit Shirt at BUTTERBYTE STORE? Enjoy authentic quality, pan-India shipping, secure checkout, easy 7-day returns and dedicated customer support. Elevate your ethnic and everyday wardrobe with BUTTERBYTE STORE — premium fashion for the modern Indian.",560.00,400.00,29,39,In Stock,t,t,f,3.5,8,2026-05-31 01:08:01.458693+00
65749e18-e84e-4c1f-8dbb-bf64dfcfc52d,collar-full-sleeve,Collar Full Sleeve,BUTTERBYTE STORE,,5cf0aeba-6b4d-471f-9d95-4a59aae4aa11,"Discover the Collar Full Sleeve from BUTTERBYTE STORE — a thoughtfully designed shirt crafted for the modern Indian wardrobe. Made with premium, breathable fabric and finished with meticulous tailoring, this Collar Full Sleeve blends contemporary design with timeless ethnic sensibility — ideal for festive occasions, everyday wear, gifting and special celebrations.

Key Highlights:
• Premium soft-touch fabric with a comfortable hand feel
• Tailored fit designed for all-day comfort and easy movement
• Durable double-stitched seams and color-fast dyes for long-lasting wear
• Easy care — machine washable, low maintenance
• Versatile styling — pair with traditional or contemporary essentials

Why shop the Collar Full Sleeve at BUTTERBYTE STORE? Enjoy authentic quality, pan-India shipping, secure checkout, easy 7-day returns and dedicated customer support. Elevate your ethnic and everyday wardrobe with BUTTERBYTE STORE — premium fashion for the modern Indian.",1050.00,750.00,29,28,In Stock,f,f,f,3.5,100,2026-05-31 01:08:01.492711+00
877a6f99-d3e6-4454-9a18-a10fa94da1ac,men-printed-regular-fit-spread-c,Men Printed Regular Fit Spread C,BUTTERBYTE STORE,,5cf0aeba-6b4d-471f-9d95-4a59aae4aa11,"Discover the Men Printed Regular Fit Spread C from BUTTERBYTE STORE — a thoughtfully designed shirt crafted for the modern Indian wardrobe. Made with premium, breathable fabric and finished with meticulous tailoring, this Men Printed Regular Fit Spread C blends contemporary design with timeless ethnic sensibility — ideal for festive occasions, everyday wear, gifting and special celebrations.

Key Highlights:
• Premium soft-touch fabric with a comfortable hand feel
• Tailored fit designed for all-day comfort and easy movement
• Durable double-stitched seams and color-fast dyes for long-lasting wear
• Easy care — machine washable, low maintenance
• Versatile styling — pair with traditional or contemporary essentials

Why shop the Men Printed Regular Fit Spread C at BUTTERBYTE STORE? Enjoy authentic quality, pan-India shipping, secure checkout, easy 7-day returns and dedicated customer support. Elevate your ethnic and everyday wardrobe with BUTTERBYTE STORE — premium fashion for the modern Indian.",840.00,600.00,29,60,In Stock,f,f,f,5.0,137,2026-05-31 01:08:01.526542+00
a63bf6fd-8bcf-4294-b748-cf1ea0fef898,white-men-regular-fit-shirt-wit-2,White Men Regular Fit Shirt Wit,BUTTERBYTE STORE,,5cf0aeba-6b4d-471f-9d95-4a59aae4aa11,"Discover the White Men Regular Fit Shirt Wit from BUTTERBYTE STORE — a thoughtfully designed shirt crafted for the modern Indian wardrobe. Made with premium, breathable fabric and finished with meticulous tailoring, this White Men Regular Fit Shirt Wit blends contemporary design with timeless ethnic sensibility — ideal for festive occasions, everyday wear, gifting and special celebrations.

Key Highlights:
• Premium soft-touch fabric with a comfortable hand feel
• Tailored fit designed for all-day comfort and easy movement
• Durable double-stitched seams and color-fast dyes for long-lasting wear
• Easy care — machine washable, low maintenance
• Versatile styling — pair with traditional or contemporary essentials

Why shop the White Men Regular Fit Shirt Wit at BUTTERBYTE STORE? Enjoy authentic quality, pan-India shipping, secure checkout, easy 7-day returns and dedicated customer support. Elevate your ethnic and everyday wardrobe with BUTTERBYTE STORE — premium fashion for the modern Indian.",840.00,600.00,29,19,In Stock,f,f,t,3.5,144,2026-05-31 01:08:01.5604+00
a2b9ea99-b4b9-450b-8617-14af505accfd,men-tailored-fit-shirt,Men Tailored Fit Shirt,BUTTERBYTE STORE,,5cf0aeba-6b4d-471f-9d95-4a59aae4aa11,"Discover the Men Tailored Fit Shirt from BUTTERBYTE STORE — a thoughtfully designed shirt crafted for the modern Indian wardrobe. Made with premium, breathable fabric and finished with meticulous tailoring, this Men Tailored Fit Shirt blends contemporary design with timeless ethnic sensibility — ideal for festive occasions, everyday wear, gifting and special celebrations.

Key Highlights:
• Premium soft-touch fabric with a comfortable hand feel
• Tailored fit designed for all-day comfort and easy movement
• Durable double-stitched seams and color-fast dyes for long-lasting wear
• Easy care — machine washable, low maintenance
• Versatile styling — pair with traditional or contemporary essentials

Why shop the Men Tailored Fit Shirt at BUTTERBYTE STORE? Enjoy authentic quality, pan-India shipping, secure checkout, easy 7-day returns and dedicated customer support. Elevate your ethnic and everyday wardrobe with BUTTERBYTE STORE — premium fashion for the modern Indian.",770.00,550.00,29,23,In Stock,f,f,f,3.5,119,2026-05-31 01:08:01.594302+00
4871db02-d4c7-4159-a32d-7e2c5d6cb5a4,micro-print-slim-fit,Micro Print Slim Fit,BUTTERBYTE STORE,,5cf0aeba-6b4d-471f-9d95-4a59aae4aa11,"Discover the Micro Print Slim Fit from BUTTERBYTE STORE — a thoughtfully designed shirt crafted for the modern Indian wardrobe. Made with premium, breathable fabric and finished with meticulous tailoring, this Micro Print Slim Fit blends contemporary design with timeless ethnic sensibility — ideal for festive occasions, everyday wear, gifting and special celebrations.

Key Highlights:
• Premium soft-touch fabric with a comfortable hand feel
• Tailored fit designed for all-day comfort and easy movement
• Durable double-stitched seams and color-fast dyes for long-lasting wear
• Easy care — machine washable, low maintenance
• Versatile styling — pair with traditional or contemporary essentials

Why shop the Micro Print Slim Fit at BUTTERBYTE STORE? Enjoy authentic quality, pan-India shipping, secure checkout, easy 7-day returns and dedicated customer support. Elevate your ethnic and everyday wardrobe with BUTTERBYTE STORE — premium fashion for the modern Indian.",840.00,600.00,29,24,In Stock,f,f,f,5.0,68,2026-05-31 01:08:01.628057+00
f54bbc9c-beed-444d-8696-9a88f2439167,collar-short-sleeve,Collar Short Sleeve,BUTTERBYTE STORE,,5cf0aeba-6b4d-471f-9d95-4a59aae4aa11,"Discover the Collar Short Sleeve from BUTTERBYTE STORE — a thoughtfully designed shirt crafted for the modern Indian wardrobe. Made with premium, breathable fabric and finished with meticulous tailoring, this Collar Short Sleeve blends contemporary design with timeless ethnic sensibility — ideal for festive occasions, everyday wear, gifting and special celebrations.

Key Highlights:
• Premium soft-touch fabric with a comfortable hand feel
• Tailored fit designed for all-day comfort and easy movement
• Durable double-stitched seams and color-fast dyes for long-lasting wear
• Easy care — machine washable, low maintenance
• Versatile styling — pair with traditional or contemporary essentials

Why shop the Collar Short Sleeve at BUTTERBYTE STORE? Enjoy authentic quality, pan-India shipping, secure checkout, easy 7-day returns and dedicated customer support. Elevate your ethnic and everyday wardrobe with BUTTERBYTE STORE — premium fashion for the modern Indian.",840.00,599.00,29,24,In Stock,t,f,f,5.0,135,2026-05-31 01:08:01.662087+00
d3fbab3d-4ed3-490f-8bd4-5895f9730873,slim-fit-cotton-dobby-shirt,Slim Fit Cotton Dobby Shirt,BUTTERBYTE STORE,,5cf0aeba-6b4d-471f-9d95-4a59aae4aa11,"Discover the Slim Fit Cotton Dobby Shirt from BUTTERBYTE STORE — a thoughtfully designed shirt crafted for the modern Indian wardrobe. Made with premium, breathable fabric and finished with meticulous tailoring, this Slim Fit Cotton Dobby Shirt blends contemporary design with timeless ethnic sensibility — ideal for festive occasions, everyday wear, gifting and special celebrations.

Key Highlights:
• Premium soft-touch fabric with a comfortable hand feel
• Tailored fit designed for all-day comfort and easy movement
• Durable double-stitched seams and color-fast dyes for long-lasting wear
• Easy care — machine washable, low maintenance
• Versatile styling — pair with traditional or contemporary essentials

Why shop the Slim Fit Cotton Dobby Shirt at BUTTERBYTE STORE? Enjoy authentic quality, pan-India shipping, secure checkout, easy 7-day returns and dedicated customer support. Elevate your ethnic and everyday wardrobe with BUTTERBYTE STORE — premium fashion for the modern Indian.",420.00,300.00,29,36,In Stock,f,f,t,3.5,154,2026-05-31 01:08:01.695894+00
17da73c2-d4f3-4e57-b758-793ed6280951,green-checked-shirt-with,Green Checked Shirt With,BUTTERBYTE STORE,,5cf0aeba-6b4d-471f-9d95-4a59aae4aa11,"Discover the Green Checked Shirt With from BUTTERBYTE STORE — a thoughtfully designed shirt crafted for the modern Indian wardrobe. Made with premium, breathable fabric and finished with meticulous tailoring, this Green Checked Shirt With blends contemporary design with timeless ethnic sensibility — ideal for festive occasions, everyday wear, gifting and special celebrations.

Key Highlights:
• Premium soft-touch fabric with a comfortable hand feel
• Tailored fit designed for all-day comfort and easy movement
• Durable double-stitched seams and color-fast dyes for long-lasting wear
• Easy care — machine washable, low maintenance
• Versatile styling — pair with traditional or contemporary essentials

Why shop the Green Checked Shirt With at BUTTERBYTE STORE? Enjoy authentic quality, pan-India shipping, secure checkout, easy 7-day returns and dedicated customer support. Elevate your ethnic and everyday wardrobe with BUTTERBYTE STORE — premium fashion for the modern Indian.",980.00,700.00,29,46,In Stock,f,f,f,5.0,12,2026-05-31 01:08:01.729722+00
68b190c3-6cc3-4821-9702-a694d8736fc5,men-checked-regular-fit-shirt-2,Men Checked Regular Fit Shirt,BUTTERBYTE STORE,,5cf0aeba-6b4d-471f-9d95-4a59aae4aa11,"Discover the Men Checked Regular Fit Shirt from BUTTERBYTE STORE — a thoughtfully designed shirt crafted for the modern Indian wardrobe. Made with premium, breathable fabric and finished with meticulous tailoring, this Men Checked Regular Fit Shirt blends contemporary design with timeless ethnic sensibility — ideal for festive occasions, everyday wear, gifting and special celebrations.

Key Highlights:
• Premium soft-touch fabric with a comfortable hand feel
• Tailored fit designed for all-day comfort and easy movement
• Durable double-stitched seams and color-fast dyes for long-lasting wear
• Easy care — machine washable, low maintenance
• Versatile styling — pair with traditional or contemporary essentials

Why shop the Men Checked Regular Fit Shirt at BUTTERBYTE STORE? Enjoy authentic quality, pan-India shipping, secure checkout, easy 7-day returns and dedicated customer support. Elevate your ethnic and everyday wardrobe with BUTTERBYTE STORE — premium fashion for the modern Indian.",1120.00,800.00,29,59,In Stock,t,t,t,4.0,75,2026-05-31 01:08:01.763563+00
65a8b654-e133-4388-a860-6dd8717f6631,slim-fit-shirt-4,Slim Fit Shirt,BUTTERBYTE STORE,,5cf0aeba-6b4d-471f-9d95-4a59aae4aa11,"Discover the Slim Fit Shirt from BUTTERBYTE STORE — a thoughtfully designed shirt crafted for the modern Indian wardrobe. Made with premium, breathable fabric and finished with meticulous tailoring, this Slim Fit Shirt blends contemporary design with timeless ethnic sensibility — ideal for festive occasions, everyday wear, gifting and special celebrations.

Key Highlights:
• Premium soft-touch fabric with a comfortable hand feel
• Tailored fit designed for all-day comfort and easy movement
• Durable double-stitched seams and color-fast dyes for long-lasting wear
• Easy care — machine washable, low maintenance
• Versatile styling — pair with traditional or contemporary essentials

Why shop the Slim Fit Shirt at BUTTERBYTE STORE? Enjoy authentic quality, pan-India shipping, secure checkout, easy 7-day returns and dedicated customer support. Elevate your ethnic and everyday wardrobe with BUTTERBYTE STORE — premium fashion for the modern Indian.",700.00,500.00,29,42,In Stock,f,f,f,4.0,171,2026-05-31 01:08:01.797484+00
5365efd7-c535-4042-9806-f24e0af303e1,collar-full-sleev,Collar Full Sleev,BUTTERBYTE STORE,,5cf0aeba-6b4d-471f-9d95-4a59aae4aa11,"Discover the Collar Full Sleev from BUTTERBYTE STORE — a thoughtfully designed shirt crafted for the modern Indian wardrobe. Made with premium, breathable fabric and finished with meticulous tailoring, this Collar Full Sleev blends contemporary design with timeless ethnic sensibility — ideal for festive occasions, everyday wear, gifting and special celebrations.

Key Highlights:
• Premium soft-touch fabric with a comfortable hand feel
• Tailored fit designed for all-day comfort and easy movement
• Durable double-stitched seams and color-fast dyes for long-lasting wear
• Easy care — machine washable, low maintenance
• Versatile styling — pair with traditional or contemporary essentials

Why shop the Collar Full Sleev at BUTTERBYTE STORE? Enjoy authentic quality, pan-India shipping, secure checkout, easy 7-day returns and dedicated customer support. Elevate your ethnic and everyday wardrobe with BUTTERBYTE STORE — premium fashion for the modern Indian.",1540.00,1100.00,29,27,In Stock,f,f,f,4.0,21,2026-05-31 01:08:01.831273+00
65e03d34-894c-4361-be02-2291858da700,grey-men-regular-fit-cotton-shirt,Grey Men Regular Fit Cotton Shirt,BUTTERBYTE STORE,,5cf0aeba-6b4d-471f-9d95-4a59aae4aa11,"Discover the Grey Men Regular Fit Cotton Shirt from BUTTERBYTE STORE — a thoughtfully designed shirt crafted for the modern Indian wardrobe. Made with premium, breathable fabric and finished with meticulous tailoring, this Grey Men Regular Fit Cotton Shirt blends contemporary design with timeless ethnic sensibility — ideal for festive occasions, everyday wear, gifting and special celebrations.

Key Highlights:
• Premium soft-touch fabric with a comfortable hand feel
• Tailored fit designed for all-day comfort and easy movement
• Durable double-stitched seams and color-fast dyes for long-lasting wear
• Easy care — machine washable, low maintenance
• Versatile styling — pair with traditional or contemporary essentials

Why shop the Grey Men Regular Fit Cotton Shirt at BUTTERBYTE STORE? Enjoy authentic quality, pan-India shipping, secure checkout, easy 7-day returns and dedicated customer support. Elevate your ethnic and everyday wardrobe with BUTTERBYTE STORE — premium fashion for the modern Indian.",840.00,600.00,29,57,In Stock,f,f,t,5.0,142,2026-05-31 01:08:01.865413+00
e81cbdc2-f6e1-4a2a-bfb8-dc4c0c89532a,fit-printed-shirt-2,Fit Printed Shirt,BUTTERBYTE STORE,,5cf0aeba-6b4d-471f-9d95-4a59aae4aa11,"Discover the Fit Printed Shirt from BUTTERBYTE STORE — a thoughtfully designed shirt crafted for the modern Indian wardrobe. Made with premium, breathable fabric and finished with meticulous tailoring, this Fit Printed Shirt blends contemporary design with timeless ethnic sensibility — ideal for festive occasions, everyday wear, gifting and special celebrations.

Key Highlights:
• Premium soft-touch fabric with a comfortable hand feel
• Tailored fit designed for all-day comfort and easy movement
• Durable double-stitched seams and color-fast dyes for long-lasting wear
• Easy care — machine washable, low maintenance
• Versatile styling — pair with traditional or contemporary essentials

Why shop the Fit Printed Shirt at BUTTERBYTE STORE? Enjoy authentic quality, pan-India shipping, secure checkout, easy 7-day returns and dedicated customer support. Elevate your ethnic and everyday wardrobe with BUTTERBYTE STORE — premium fashion for the modern Indian.",560.00,400.00,29,18,In Stock,f,f,f,5.0,138,2026-05-31 01:08:01.899531+00
2d925cac-9cc7-4a92-8bbc-eeac2badbadb,slim-fit-shirt-3,Slim Fit Shirt,BUTTERBYTE STORE,,5cf0aeba-6b4d-471f-9d95-4a59aae4aa11,"Discover the Slim Fit Shirt from BUTTERBYTE STORE — a thoughtfully designed shirt crafted for the modern Indian wardrobe. Made with premium, breathable fabric and finished with meticulous tailoring, this Slim Fit Shirt blends contemporary design with timeless ethnic sensibility — ideal for festive occasions, everyday wear, gifting and special celebrations.

Key Highlights:
• Premium soft-touch fabric with a comfortable hand feel
• Tailored fit designed for all-day comfort and easy movement
• Durable double-stitched seams and color-fast dyes for long-lasting wear
• Easy care — machine washable, low maintenance
• Versatile styling — pair with traditional or contemporary essentials

Why shop the Slim Fit Shirt at BUTTERBYTE STORE? Enjoy authentic quality, pan-India shipping, secure checkout, easy 7-day returns and dedicated customer support. Elevate your ethnic and everyday wardrobe with BUTTERBYTE STORE — premium fashion for the modern Indian.",560.00,400.00,29,46,In Stock,f,t,f,5.0,176,2026-05-31 01:08:01.933391+00
d52e1cf4-7a87-4712-b7e0-504bc4247ebc,performance-men-side-pocket-gym-shorts,Performance Men Side Pocket Gym Shorts,BUTTERBYTE STORE,,21839048-deb4-4dcb-9384-a5cb49e7dfa8,"Discover the Performance Men Side Pocket Gym Shorts from BUTTERBYTE STORE — a thoughtfully designed shorts crafted for the modern Indian wardrobe. Made with premium, breathable fabric and finished with meticulous tailoring, this Performance Men Side Pocket Gym Shorts blends contemporary design with timeless ethnic sensibility — ideal for festive occasions, everyday wear, gifting and special celebrations.

Key Highlights:
• Premium soft-touch fabric with a comfortable hand feel
• Tailored fit designed for all-day comfort and easy movement
• Durable double-stitched seams and color-fast dyes for long-lasting wear
• Easy care — machine washable, low maintenance
• Versatile styling — pair with traditional or contemporary essentials

Why shop the Performance Men Side Pocket Gym Shorts at BUTTERBYTE STORE? Enjoy authentic quality, pan-India shipping, secure checkout, easy 7-day returns and dedicated customer support. Elevate your ethnic and everyday wardrobe with BUTTERBYTE STORE — premium fashion for the modern Indian.",630.00,450.00,29,52,In Stock,t,f,t,4.0,101,2026-05-31 01:08:01.967222+00
7ed541ae-fd28-4b59-84bc-fca33c5adeaa,black-knit-sport-shorts,Black Knit Sport Shorts,BUTTERBYTE STORE,,21839048-deb4-4dcb-9384-a5cb49e7dfa8,"Discover the Black Knit Sport Shorts from BUTTERBYTE STORE — a thoughtfully designed shorts crafted for the modern Indian wardrobe. Made with premium, breathable fabric and finished with meticulous tailoring, this Black Knit Sport Shorts blends contemporary design with timeless ethnic sensibility — ideal for festive occasions, everyday wear, gifting and special celebrations.

Key Highlights:
• Premium soft-touch fabric with a comfortable hand feel
• Tailored fit designed for all-day comfort and easy movement
• Durable double-stitched seams and color-fast dyes for long-lasting wear
• Easy care — machine washable, low maintenance
• Versatile styling — pair with traditional or contemporary essentials

Why shop the Black Knit Sport Shorts at BUTTERBYTE STORE? Enjoy authentic quality, pan-India shipping, secure checkout, easy 7-day returns and dedicated customer support. Elevate your ethnic and everyday wardrobe with BUTTERBYTE STORE — premium fashion for the modern Indian.",2590.00,1850.00,29,56,In Stock,f,f,t,5.0,133,2026-05-31 01:08:02.00123+00
8d96045f-17f3-45c7-8b0e-22a62651fe64,men-light-blue-solid-casual-shorts-2,Men Light Blue Solid Casual Shorts,BUTTERBYTE STORE,,21839048-deb4-4dcb-9384-a5cb49e7dfa8,"Discover the Men Light Blue Solid Casual Shorts from BUTTERBYTE STORE — a thoughtfully designed shorts crafted for the modern Indian wardrobe. Made with premium, breathable fabric and finished with meticulous tailoring, this Men Light Blue Solid Casual Shorts blends contemporary design with timeless ethnic sensibility — ideal for festive occasions, everyday wear, gifting and special celebrations.

Key Highlights:
• Premium soft-touch fabric with a comfortable hand feel
• Tailored fit designed for all-day comfort and easy movement
• Durable double-stitched seams and color-fast dyes for long-lasting wear
• Easy care — machine washable, low maintenance
• Versatile styling — pair with traditional or contemporary essentials

Why shop the Men Light Blue Solid Casual Shorts at BUTTERBYTE STORE? Enjoy authentic quality, pan-India shipping, secure checkout, easy 7-day returns and dedicated customer support. Elevate your ethnic and everyday wardrobe with BUTTERBYTE STORE — premium fashion for the modern Indian.",980.00,700.00,29,41,In Stock,f,t,f,3.5,124,2026-05-31 01:08:02.035063+00
974d1779-c9c2-42d8-8973-edc50ecb2c6d,men-cream-slim-fit-printed-mid-rise-shorts,Men Cream Slim Fit Printed Mid Rise Shorts,BUTTERBYTE STORE,,21839048-deb4-4dcb-9384-a5cb49e7dfa8,"Discover the Men Cream Slim Fit Printed Mid Rise Shorts from BUTTERBYTE STORE — a thoughtfully designed shorts crafted for the modern Indian wardrobe. Made with premium, breathable fabric and finished with meticulous tailoring, this Men Cream Slim Fit Printed Mid Rise Shorts blends contemporary design with timeless ethnic sensibility — ideal for festive occasions, everyday wear, gifting and special celebrations.

Key Highlights:
• Premium soft-touch fabric with a comfortable hand feel
• Tailored fit designed for all-day comfort and easy movement
• Durable double-stitched seams and color-fast dyes for long-lasting wear
• Easy care — machine washable, low maintenance
• Versatile styling — pair with traditional or contemporary essentials

Why shop the Men Cream Slim Fit Printed Mid Rise Shorts at BUTTERBYTE STORE? Enjoy authentic quality, pan-India shipping, secure checkout, easy 7-day returns and dedicated customer support. Elevate your ethnic and everyday wardrobe with BUTTERBYTE STORE — premium fashion for the modern Indian.",4200.00,3000.00,29,17,In Stock,t,f,f,3.5,142,2026-05-31 01:08:02.069003+00
9c2602b0-1053-485b-960e-0d98ceb16bf7,men-olive-cotton-blend-solid-shorts-2,Men Olive Cotton Blend Solid Shorts,BUTTERBYTE STORE,,21839048-deb4-4dcb-9384-a5cb49e7dfa8,"Discover the Men Olive Cotton Blend Solid Shorts from BUTTERBYTE STORE — a thoughtfully designed shorts crafted for the modern Indian wardrobe. Made with premium, breathable fabric and finished with meticulous tailoring, this Men Olive Cotton Blend Solid Shorts blends contemporary design with timeless ethnic sensibility — ideal for festive occasions, everyday wear, gifting and special celebrations.

Key Highlights:
• Premium soft-touch fabric with a comfortable hand feel
• Tailored fit designed for all-day comfort and easy movement
• Durable double-stitched seams and color-fast dyes for long-lasting wear
• Easy care — machine washable, low maintenance
• Versatile styling — pair with traditional or contemporary essentials

Why shop the Men Olive Cotton Blend Solid Shorts at BUTTERBYTE STORE? Enjoy authentic quality, pan-India shipping, secure checkout, easy 7-day returns and dedicated customer support. Elevate your ethnic and everyday wardrobe with BUTTERBYTE STORE — premium fashion for the modern Indian.",2940.00,2100.00,29,10,In Stock,f,f,f,4.0,27,2026-05-31 01:08:02.10285+00
3ae8e5da-b3f4-4ade-8bd1-e99ad189b0cc,men-green-sports-shorts,Men Green Sports Shorts,BUTTERBYTE STORE,,21839048-deb4-4dcb-9384-a5cb49e7dfa8,"Discover the Men Green Sports Shorts from BUTTERBYTE STORE — a thoughtfully designed shorts crafted for the modern Indian wardrobe. Made with premium, breathable fabric and finished with meticulous tailoring, this Men Green Sports Shorts blends contemporary design with timeless ethnic sensibility — ideal for festive occasions, everyday wear, gifting and special celebrations.

Key Highlights:
• Premium soft-touch fabric with a comfortable hand feel
• Tailored fit designed for all-day comfort and easy movement
• Durable double-stitched seams and color-fast dyes for long-lasting wear
• Easy care — machine washable, low maintenance
• Versatile styling — pair with traditional or contemporary essentials

Why shop the Men Green Sports Shorts at BUTTERBYTE STORE? Enjoy authentic quality, pan-India shipping, secure checkout, easy 7-day returns and dedicated customer support. Elevate your ethnic and everyday wardrobe with BUTTERBYTE STORE — premium fashion for the modern Indian.",3150.00,2250.00,29,22,In Stock,f,t,f,4.0,164,2026-05-31 01:08:02.136686+00
74ab5340-7bde-425b-adb1-e219c05793d0,regular-fit-sweatshorts,Regular Fit Sweatshorts,BUTTERBYTE STORE,,21839048-deb4-4dcb-9384-a5cb49e7dfa8,"Discover the Regular Fit Sweatshorts from BUTTERBYTE STORE — a thoughtfully designed shorts crafted for the modern Indian wardrobe. Made with premium, breathable fabric and finished with meticulous tailoring, this Regular Fit Sweatshorts blends contemporary design with timeless ethnic sensibility — ideal for festive occasions, everyday wear, gifting and special celebrations.

Key Highlights:
• Premium soft-touch fabric with a comfortable hand feel
• Tailored fit designed for all-day comfort and easy movement
• Durable double-stitched seams and color-fast dyes for long-lasting wear
• Easy care — machine washable, low maintenance
• Versatile styling — pair with traditional or contemporary essentials

Why shop the Regular Fit Sweatshorts at BUTTERBYTE STORE? Enjoy authentic quality, pan-India shipping, secure checkout, easy 7-day returns and dedicated customer support. Elevate your ethnic and everyday wardrobe with BUTTERBYTE STORE — premium fashion for the modern Indian.",2380.00,1700.00,29,37,In Stock,t,f,f,3.5,115,2026-05-31 01:08:02.170738+00
b5527988-cdb2-4100-8e06-bfc8636cd85a,men-olive-solid-regular-fit-short,Men Olive Solid Regular Fit Short,BUTTERBYTE STORE,,21839048-deb4-4dcb-9384-a5cb49e7dfa8,"Discover the Men Olive Solid Regular Fit Short from BUTTERBYTE STORE — a thoughtfully designed shorts crafted for the modern Indian wardrobe. Made with premium, breathable fabric and finished with meticulous tailoring, this Men Olive Solid Regular Fit Short blends contemporary design with timeless ethnic sensibility — ideal for festive occasions, everyday wear, gifting and special celebrations.

Key Highlights:
• Premium soft-touch fabric with a comfortable hand feel
• Tailored fit designed for all-day comfort and easy movement
• Durable double-stitched seams and color-fast dyes for long-lasting wear
• Easy care — machine washable, low maintenance
• Versatile styling — pair with traditional or contemporary essentials

Why shop the Men Olive Solid Regular Fit Short at BUTTERBYTE STORE? Enjoy authentic quality, pan-India shipping, secure checkout, easy 7-day returns and dedicated customer support. Elevate your ethnic and everyday wardrobe with BUTTERBYTE STORE — premium fashion for the modern Indian.",3500.00,2500.00,29,21,In Stock,t,f,f,3.5,164,2026-05-31 01:08:02.204541+00
d99360df-dd27-4fa4-9eec-8833a272d01e,mens-blue-distressed-cargo-denim-shorts-2,Mens Blue Distressed Cargo Denim Shorts,BUTTERBYTE STORE,,21839048-deb4-4dcb-9384-a5cb49e7dfa8,"Discover the Mens Blue Distressed Cargo Denim Shorts from BUTTERBYTE STORE — a thoughtfully designed shorts crafted for the modern Indian wardrobe. Made with premium, breathable fabric and finished with meticulous tailoring, this Mens Blue Distressed Cargo Denim Shorts blends contemporary design with timeless ethnic sensibility — ideal for festive occasions, everyday wear, gifting and special celebrations.

Key Highlights:
• Premium soft-touch fabric with a comfortable hand feel
• Tailored fit designed for all-day comfort and easy movement
• Durable double-stitched seams and color-fast dyes for long-lasting wear
• Easy care — machine washable, low maintenance
• Versatile styling — pair with traditional or contemporary essentials

Why shop the Mens Blue Distressed Cargo Denim Shorts at BUTTERBYTE STORE? Enjoy authentic quality, pan-India shipping, secure checkout, easy 7-day returns and dedicated customer support. Elevate your ethnic and everyday wardrobe with BUTTERBYTE STORE — premium fashion for the modern Indian.",3430.00,2450.00,29,55,In Stock,f,f,f,3.5,22,2026-05-31 01:08:02.238587+00
09577b5d-028b-41f5-934f-a59b4f18c246,cream-textured-regular-fit-shorts-2,Cream Textured Regular Fit Shorts,BUTTERBYTE STORE,,21839048-deb4-4dcb-9384-a5cb49e7dfa8,"Discover the Cream Textured Regular Fit Shorts from BUTTERBYTE STORE — a thoughtfully designed shorts crafted for the modern Indian wardrobe. Made with premium, breathable fabric and finished with meticulous tailoring, this Cream Textured Regular Fit Shorts blends contemporary design with timeless ethnic sensibility — ideal for festive occasions, everyday wear, gifting and special celebrations.

Key Highlights:
• Premium soft-touch fabric with a comfortable hand feel
• Tailored fit designed for all-day comfort and easy movement
• Durable double-stitched seams and color-fast dyes for long-lasting wear
• Easy care — machine washable, low maintenance
• Versatile styling — pair with traditional or contemporary essentials

Why shop the Cream Textured Regular Fit Shorts at BUTTERBYTE STORE? Enjoy authentic quality, pan-India shipping, secure checkout, easy 7-day returns and dedicated customer support. Elevate your ethnic and everyday wardrobe with BUTTERBYTE STORE — premium fashion for the modern Indian.",2870.00,2050.00,29,19,In Stock,f,f,f,3.5,159,2026-05-31 01:08:02.272487+00
3576338d-9a17-40ad-bd2b-05f583ce21c8,pure-cotton-ultra-light-lounge-shorts,Pure Cotton Ultra Light Lounge Shorts,BUTTERBYTE STORE,,21839048-deb4-4dcb-9384-a5cb49e7dfa8,"Discover the Pure Cotton Ultra Light Lounge Shorts from BUTTERBYTE STORE — a thoughtfully designed shorts crafted for the modern Indian wardrobe. Made with premium, breathable fabric and finished with meticulous tailoring, this Pure Cotton Ultra Light Lounge Shorts blends contemporary design with timeless ethnic sensibility — ideal for festive occasions, everyday wear, gifting and special celebrations.

Key Highlights:
• Premium soft-touch fabric with a comfortable hand feel
• Tailored fit designed for all-day comfort and easy movement
• Durable double-stitched seams and color-fast dyes for long-lasting wear
• Easy care — machine washable, low maintenance
• Versatile styling — pair with traditional or contemporary essentials

Why shop the Pure Cotton Ultra Light Lounge Shorts at BUTTERBYTE STORE? Enjoy authentic quality, pan-India shipping, secure checkout, easy 7-day returns and dedicated customer support. Elevate your ethnic and everyday wardrobe with BUTTERBYTE STORE — premium fashion for the modern Indian.",3360.00,2400.00,29,32,In Stock,f,f,f,4.0,105,2026-05-31 01:08:02.30635+00
a2996240-d183-4287-979f-9d8780fce28a,men-green-flex-9-inches-lived-in-khaki-short-2,Men Green Flex 9 Inches Lived In Khaki Short,BUTTERBYTE STORE,,21839048-deb4-4dcb-9384-a5cb49e7dfa8,"Discover the Men Green Flex 9 Inches Lived In Khaki Short from BUTTERBYTE STORE — a thoughtfully designed shorts crafted for the modern Indian wardrobe. Made with premium, breathable fabric and finished with meticulous tailoring, this Men Green Flex 9 Inches Lived In Khaki Short blends contemporary design with timeless ethnic sensibility — ideal for festive occasions, everyday wear, gifting and special celebrations.

Key Highlights:
• Premium soft-touch fabric with a comfortable hand feel
• Tailored fit designed for all-day comfort and easy movement
• Durable double-stitched seams and color-fast dyes for long-lasting wear
• Easy care — machine washable, low maintenance
• Versatile styling — pair with traditional or contemporary essentials

Why shop the Men Green Flex 9 Inches Lived In Khaki Short at BUTTERBYTE STORE? Enjoy authentic quality, pan-India shipping, secure checkout, easy 7-day returns and dedicated customer support. Elevate your ethnic and everyday wardrobe with BUTTERBYTE STORE — premium fashion for the modern Indian.",1400.00,1000.00,29,58,In Stock,f,t,f,5.0,55,2026-05-31 01:08:02.340334+00
ba5a4a88-fe62-4627-b4c0-df7ad5c45157,cotton-relaxed-solid-shorts,Cotton Relaxed Solid Shorts,BUTTERBYTE STORE,,21839048-deb4-4dcb-9384-a5cb49e7dfa8,"Discover the Cotton Relaxed Solid Shorts from BUTTERBYTE STORE — a thoughtfully designed shorts crafted for the modern Indian wardrobe. Made with premium, breathable fabric and finished with meticulous tailoring, this Cotton Relaxed Solid Shorts blends contemporary design with timeless ethnic sensibility — ideal for festive occasions, everyday wear, gifting and special celebrations.

Key Highlights:
• Premium soft-touch fabric with a comfortable hand feel
• Tailored fit designed for all-day comfort and easy movement
• Durable double-stitched seams and color-fast dyes for long-lasting wear
• Easy care — machine washable, low maintenance
• Versatile styling — pair with traditional or contemporary essentials

Why shop the Cotton Relaxed Solid Shorts at BUTTERBYTE STORE? Enjoy authentic quality, pan-India shipping, secure checkout, easy 7-day returns and dedicated customer support. Elevate your ethnic and everyday wardrobe with BUTTERBYTE STORE — premium fashion for the modern Indian.",2870.00,2050.00,29,46,In Stock,f,f,f,5.0,62,2026-05-31 01:08:02.374308+00
526e5bbd-aec0-434a-a4d5-e26072f952bd,men-turquoise-regular-fit-sweatshorts,Men Turquoise Regular Fit Sweatshorts,BUTTERBYTE STORE,,21839048-deb4-4dcb-9384-a5cb49e7dfa8,"Discover the Men Turquoise Regular Fit Sweatshorts from BUTTERBYTE STORE — a thoughtfully designed shorts crafted for the modern Indian wardrobe. Made with premium, breathable fabric and finished with meticulous tailoring, this Men Turquoise Regular Fit Sweatshorts blends contemporary design with timeless ethnic sensibility — ideal for festive occasions, everyday wear, gifting and special celebrations.

Key Highlights:
• Premium soft-touch fabric with a comfortable hand feel
• Tailored fit designed for all-day comfort and easy movement
• Durable double-stitched seams and color-fast dyes for long-lasting wear
• Easy care — machine washable, low maintenance
• Versatile styling — pair with traditional or contemporary essentials

Why shop the Men Turquoise Regular Fit Sweatshorts at BUTTERBYTE STORE? Enjoy authentic quality, pan-India shipping, secure checkout, easy 7-day returns and dedicated customer support. Elevate your ethnic and everyday wardrobe with BUTTERBYTE STORE — premium fashion for the modern Indian.",3430.00,2450.00,29,51,In Stock,t,f,f,5.0,168,2026-05-31 01:08:02.408127+00
6af1a60f-1e55-4f3a-be63-c2e6c3128395,pro-men-s-dri-fit-fitness-shorts,Pro Men S Dri Fit Fitness Shorts,BUTTERBYTE STORE,,21839048-deb4-4dcb-9384-a5cb49e7dfa8,"Discover the Pro Men S Dri Fit Fitness Shorts from BUTTERBYTE STORE — a thoughtfully designed shorts crafted for the modern Indian wardrobe. Made with premium, breathable fabric and finished with meticulous tailoring, this Pro Men S Dri Fit Fitness Shorts blends contemporary design with timeless ethnic sensibility — ideal for festive occasions, everyday wear, gifting and special celebrations.

Key Highlights:
• Premium soft-touch fabric with a comfortable hand feel
• Tailored fit designed for all-day comfort and easy movement
• Durable double-stitched seams and color-fast dyes for long-lasting wear
• Easy care — machine washable, low maintenance
• Versatile styling — pair with traditional or contemporary essentials

Why shop the Pro Men S Dri Fit Fitness Shorts at BUTTERBYTE STORE? Enjoy authentic quality, pan-India shipping, secure checkout, easy 7-day returns and dedicated customer support. Elevate your ethnic and everyday wardrobe with BUTTERBYTE STORE — premium fashion for the modern Indian.",1540.00,1100.00,29,12,In Stock,t,f,f,5.0,115,2026-05-31 01:08:02.441931+00
0fbb15e0-abb0-4d7a-b47b-a4a926766d37,blue-pure-cotton-oex04-boxer-shorts,Blue Pure Cotton Oex04 Boxer Shorts,BUTTERBYTE STORE,,21839048-deb4-4dcb-9384-a5cb49e7dfa8,"Discover the Blue Pure Cotton Oex04 Boxer Shorts from BUTTERBYTE STORE — a thoughtfully designed shorts crafted for the modern Indian wardrobe. Made with premium, breathable fabric and finished with meticulous tailoring, this Blue Pure Cotton Oex04 Boxer Shorts blends contemporary design with timeless ethnic sensibility — ideal for festive occasions, everyday wear, gifting and special celebrations.

Key Highlights:
• Premium soft-touch fabric with a comfortable hand feel
• Tailored fit designed for all-day comfort and easy movement
• Durable double-stitched seams and color-fast dyes for long-lasting wear
• Easy care — machine washable, low maintenance
• Versatile styling — pair with traditional or contemporary essentials

Why shop the Blue Pure Cotton Oex04 Boxer Shorts at BUTTERBYTE STORE? Enjoy authentic quality, pan-India shipping, secure checkout, easy 7-day returns and dedicated customer support. Elevate your ethnic and everyday wardrobe with BUTTERBYTE STORE — premium fashion for the modern Indian.",2240.00,1600.00,29,9,In Stock,f,f,f,4.0,166,2026-05-31 01:08:02.475802+00
fd2179c9-1d78-4725-84a0-a1375cd0e70e,performance-men-side-pocket-gym-shorts-2,Performance Men Side Pocket Gym Shorts,BUTTERBYTE STORE,,21839048-deb4-4dcb-9384-a5cb49e7dfa8,"Discover the Performance Men Side Pocket Gym Shorts from BUTTERBYTE STORE — a thoughtfully designed shorts crafted for the modern Indian wardrobe. Made with premium, breathable fabric and finished with meticulous tailoring, this Performance Men Side Pocket Gym Shorts blends contemporary design with timeless ethnic sensibility — ideal for festive occasions, everyday wear, gifting and special celebrations.

Key Highlights:
• Premium soft-touch fabric with a comfortable hand feel
• Tailored fit designed for all-day comfort and easy movement
• Durable double-stitched seams and color-fast dyes for long-lasting wear
• Easy care — machine washable, low maintenance
• Versatile styling — pair with traditional or contemporary essentials

Why shop the Performance Men Side Pocket Gym Shorts at BUTTERBYTE STORE? Enjoy authentic quality, pan-India shipping, secure checkout, easy 7-day returns and dedicated customer support. Elevate your ethnic and everyday wardrobe with BUTTERBYTE STORE — premium fashion for the modern Indian.",3920.00,2800.00,29,49,In Stock,f,f,f,3.5,153,2026-05-31 01:08:02.509621+00
da6042c1-35d7-495e-bf40-a8a46a187e23,men-super-combed-cotton-rich-shorts-performance-grey-and-navy-moonstruck,Men Super Combed Cotton Rich Shorts Performance Grey And Navy Moonstruck,BUTTERBYTE STORE,,21839048-deb4-4dcb-9384-a5cb49e7dfa8,"Discover the Men Super Combed Cotton Rich Shorts Performance Grey And Navy Moonstruck from BUTTERBYTE STORE — a thoughtfully designed shorts crafted for the modern Indian wardrobe. Made with premium, breathable fabric and finished with meticulous tailoring, this Men Super Combed Cotton Rich Shorts Performance Grey And Navy Moonstruck blends contemporary design with timeless ethnic sensibility — ideal for festive occasions, everyday wear, gifting and special celebrations.

Key Highlights:
• Premium soft-touch fabric with a comfortable hand feel
• Tailored fit designed for all-day comfort and easy movement
• Durable double-stitched seams and color-fast dyes for long-lasting wear
• Easy care — machine washable, low maintenance
• Versatile styling — pair with traditional or contemporary essentials

Why shop the Men Super Combed Cotton Rich Shorts Performance Grey And Navy Moonstruck at BUTTERBYTE STORE? Enjoy authentic quality, pan-India shipping, secure checkout, easy 7-day returns and dedicated customer support. Elevate your ethnic and everyday wardrobe with BUTTERBYTE STORE — premium fashion for the modern Indian.",4060.00,2900.00,29,54,In Stock,f,f,f,3.5,47,2026-05-31 01:08:02.543511+00
73b8b02d-f0cd-459c-bd3d-98ae57a97bc1,grey-men-s-regular-fit-solid-mid-rise-shorts,Grey Men S Regular Fit Solid Mid Rise Shorts,BUTTERBYTE STORE,,21839048-deb4-4dcb-9384-a5cb49e7dfa8,"Discover the Grey Men S Regular Fit Solid Mid Rise Shorts from BUTTERBYTE STORE — a thoughtfully designed shorts crafted for the modern Indian wardrobe. Made with premium, breathable fabric and finished with meticulous tailoring, this Grey Men S Regular Fit Solid Mid Rise Shorts blends contemporary design with timeless ethnic sensibility — ideal for festive occasions, everyday wear, gifting and special celebrations.

Key Highlights:
• Premium soft-touch fabric with a comfortable hand feel
• Tailored fit designed for all-day comfort and easy movement
• Durable double-stitched seams and color-fast dyes for long-lasting wear
• Easy care — machine washable, low maintenance
• Versatile styling — pair with traditional or contemporary essentials

Why shop the Grey Men S Regular Fit Solid Mid Rise Shorts at BUTTERBYTE STORE? Enjoy authentic quality, pan-India shipping, secure checkout, easy 7-day returns and dedicated customer support. Elevate your ethnic and everyday wardrobe with BUTTERBYTE STORE — premium fashion for the modern Indian.",3430.00,2450.00,29,9,In Stock,f,f,f,5.0,38,2026-05-31 01:08:02.57748+00
003a9279-6656-44a0-b003-94f1d9b19c0c,men-grey-regular-fit-sweatshorts,Men Grey Regular Fit Sweatshorts,BUTTERBYTE STORE,,21839048-deb4-4dcb-9384-a5cb49e7dfa8,"Discover the Men Grey Regular Fit Sweatshorts from BUTTERBYTE STORE — a thoughtfully designed shorts crafted for the modern Indian wardrobe. Made with premium, breathable fabric and finished with meticulous tailoring, this Men Grey Regular Fit Sweatshorts blends contemporary design with timeless ethnic sensibility — ideal for festive occasions, everyday wear, gifting and special celebrations.

Key Highlights:
• Premium soft-touch fabric with a comfortable hand feel
• Tailored fit designed for all-day comfort and easy movement
• Durable double-stitched seams and color-fast dyes for long-lasting wear
• Easy care — machine washable, low maintenance
• Versatile styling — pair with traditional or contemporary essentials

Why shop the Men Grey Regular Fit Sweatshorts at BUTTERBYTE STORE? Enjoy authentic quality, pan-India shipping, secure checkout, easy 7-day returns and dedicated customer support. Elevate your ethnic and everyday wardrobe with BUTTERBYTE STORE — premium fashion for the modern Indian.",980.00,700.00,29,28,In Stock,f,f,f,4.0,105,2026-05-31 01:08:02.611399+00
e403d0c3-6889-4ec6-83ff-cea6fcbec7cc,short-men-blue-sports-shorts-2,Short Men Blue Sports Shorts,BUTTERBYTE STORE,,21839048-deb4-4dcb-9384-a5cb49e7dfa8,"Discover the Short Men Blue Sports Shorts from BUTTERBYTE STORE — a thoughtfully designed shorts crafted for the modern Indian wardrobe. Made with premium, breathable fabric and finished with meticulous tailoring, this Short Men Blue Sports Shorts blends contemporary design with timeless ethnic sensibility — ideal for festive occasions, everyday wear, gifting and special celebrations.

Key Highlights:
• Premium soft-touch fabric with a comfortable hand feel
• Tailored fit designed for all-day comfort and easy movement
• Durable double-stitched seams and color-fast dyes for long-lasting wear
• Easy care — machine washable, low maintenance
• Versatile styling — pair with traditional or contemporary essentials

Why shop the Short Men Blue Sports Shorts at BUTTERBYTE STORE? Enjoy authentic quality, pan-India shipping, secure checkout, easy 7-day returns and dedicated customer support. Elevate your ethnic and everyday wardrobe with BUTTERBYTE STORE — premium fashion for the modern Indian.",3220.00,2300.00,29,33,In Stock,f,f,f,4.0,85,2026-05-31 01:08:02.646038+00
29b90bf2-61f6-40bc-ace6-fa43f88126b3,men-white-solid-shorts,Men White Solid Shorts,BUTTERBYTE STORE,,21839048-deb4-4dcb-9384-a5cb49e7dfa8,"Discover the Men White Solid Shorts from BUTTERBYTE STORE — a thoughtfully designed shorts crafted for the modern Indian wardrobe. Made with premium, breathable fabric and finished with meticulous tailoring, this Men White Solid Shorts blends contemporary design with timeless ethnic sensibility — ideal for festive occasions, everyday wear, gifting and special celebrations.

Key Highlights:
• Premium soft-touch fabric with a comfortable hand feel
• Tailored fit designed for all-day comfort and easy movement
• Durable double-stitched seams and color-fast dyes for long-lasting wear
• Easy care — machine washable, low maintenance
• Versatile styling — pair with traditional or contemporary essentials

Why shop the Men White Solid Shorts at BUTTERBYTE STORE? Enjoy authentic quality, pan-India shipping, secure checkout, easy 7-day returns and dedicated customer support. Elevate your ethnic and everyday wardrobe with BUTTERBYTE STORE — premium fashion for the modern Indian.",2310.00,1650.00,29,46,In Stock,t,f,f,5.0,139,2026-05-31 01:08:02.679794+00
916c4291-b7e9-43fe-970a-739b772986c5,green-pure-cotton-oex04-boxer-shorts,Green Pure Cotton Oex04 Boxer Shorts,BUTTERBYTE STORE,,21839048-deb4-4dcb-9384-a5cb49e7dfa8,"Discover the Green Pure Cotton Oex04 Boxer Shorts from BUTTERBYTE STORE — a thoughtfully designed shorts crafted for the modern Indian wardrobe. Made with premium, breathable fabric and finished with meticulous tailoring, this Green Pure Cotton Oex04 Boxer Shorts blends contemporary design with timeless ethnic sensibility — ideal for festive occasions, everyday wear, gifting and special celebrations.

Key Highlights:
• Premium soft-touch fabric with a comfortable hand feel
• Tailored fit designed for all-day comfort and easy movement
• Durable double-stitched seams and color-fast dyes for long-lasting wear
• Easy care — machine washable, low maintenance
• Versatile styling — pair with traditional or contemporary essentials

Why shop the Green Pure Cotton Oex04 Boxer Shorts at BUTTERBYTE STORE? Enjoy authentic quality, pan-India shipping, secure checkout, easy 7-day returns and dedicated customer support. Elevate your ethnic and everyday wardrobe with BUTTERBYTE STORE — premium fashion for the modern Indian.",700.00,500.00,29,42,In Stock,f,f,f,4.0,130,2026-05-31 01:08:02.713552+00
0437c2bc-32ae-422e-9aae-967350deaf5e,men-beige-cotton-printed-shorts,Men Beige Cotton Printed Shorts,BUTTERBYTE STORE,,21839048-deb4-4dcb-9384-a5cb49e7dfa8,"Discover the Men Beige Cotton Printed Shorts from BUTTERBYTE STORE — a thoughtfully designed shorts crafted for the modern Indian wardrobe. Made with premium, breathable fabric and finished with meticulous tailoring, this Men Beige Cotton Printed Shorts blends contemporary design with timeless ethnic sensibility — ideal for festive occasions, everyday wear, gifting and special celebrations.

Key Highlights:
• Premium soft-touch fabric with a comfortable hand feel
• Tailored fit designed for all-day comfort and easy movement
• Durable double-stitched seams and color-fast dyes for long-lasting wear
• Easy care — machine washable, low maintenance
• Versatile styling — pair with traditional or contemporary essentials

Why shop the Men Beige Cotton Printed Shorts at BUTTERBYTE STORE? Enjoy authentic quality, pan-India shipping, secure checkout, easy 7-day returns and dedicated customer support. Elevate your ethnic and everyday wardrobe with BUTTERBYTE STORE — premium fashion for the modern Indian.",3290.00,2350.00,29,54,In Stock,f,f,f,4.0,88,2026-05-31 01:08:02.747593+00
d67292a0-9548-407a-af27-c6ff3c4062df,brown-men-s-regular-fit-solid-mid-rise-shorts,Brown Men S Regular Fit Solid Mid Rise Shorts,BUTTERBYTE STORE,,21839048-deb4-4dcb-9384-a5cb49e7dfa8,"Discover the Brown Men S Regular Fit Solid Mid Rise Shorts from BUTTERBYTE STORE — a thoughtfully designed shorts crafted for the modern Indian wardrobe. Made with premium, breathable fabric and finished with meticulous tailoring, this Brown Men S Regular Fit Solid Mid Rise Shorts blends contemporary design with timeless ethnic sensibility — ideal for festive occasions, everyday wear, gifting and special celebrations.

Key Highlights:
• Premium soft-touch fabric with a comfortable hand feel
• Tailored fit designed for all-day comfort and easy movement
• Durable double-stitched seams and color-fast dyes for long-lasting wear
• Easy care — machine washable, low maintenance
• Versatile styling — pair with traditional or contemporary essentials

Why shop the Brown Men S Regular Fit Solid Mid Rise Shorts at BUTTERBYTE STORE? Enjoy authentic quality, pan-India shipping, secure checkout, easy 7-day returns and dedicated customer support. Elevate your ethnic and everyday wardrobe with BUTTERBYTE STORE — premium fashion for the modern Indian.",3430.00,2450.00,29,42,In Stock,f,f,f,4.0,79,2026-05-31 01:08:02.78147+00
7330aa3a-6a75-4965-ae75-ac85270eb7a1,men-blue-baggy-denim-shorts,Men Blue Baggy Denim Shorts,BUTTERBYTE STORE,,21839048-deb4-4dcb-9384-a5cb49e7dfa8,"Discover the Men Blue Baggy Denim Shorts from BUTTERBYTE STORE — a thoughtfully designed shorts crafted for the modern Indian wardrobe. Made with premium, breathable fabric and finished with meticulous tailoring, this Men Blue Baggy Denim Shorts blends contemporary design with timeless ethnic sensibility — ideal for festive occasions, everyday wear, gifting and special celebrations.

Key Highlights:
• Premium soft-touch fabric with a comfortable hand feel
• Tailored fit designed for all-day comfort and easy movement
• Durable double-stitched seams and color-fast dyes for long-lasting wear
• Easy care — machine washable, low maintenance
• Versatile styling — pair with traditional or contemporary essentials

Why shop the Men Blue Baggy Denim Shorts at BUTTERBYTE STORE? Enjoy authentic quality, pan-India shipping, secure checkout, easy 7-day returns and dedicated customer support. Elevate your ethnic and everyday wardrobe with BUTTERBYTE STORE — premium fashion for the modern Indian.",1120.00,800.00,29,22,In Stock,t,f,f,3.5,99,2026-05-31 01:08:02.81536+00
ada9efa9-b0dc-4ee6-aea3-08a1a7445772,evostripe-men-black-shorts-dk,Evostripe Men Black Shorts Dk,BUTTERBYTE STORE,,21839048-deb4-4dcb-9384-a5cb49e7dfa8,"Discover the Evostripe Men Black Shorts Dk from BUTTERBYTE STORE — a thoughtfully designed shorts crafted for the modern Indian wardrobe. Made with premium, breathable fabric and finished with meticulous tailoring, this Evostripe Men Black Shorts Dk blends contemporary design with timeless ethnic sensibility — ideal for festive occasions, everyday wear, gifting and special celebrations.

Key Highlights:
• Premium soft-touch fabric with a comfortable hand feel
• Tailored fit designed for all-day comfort and easy movement
• Durable double-stitched seams and color-fast dyes for long-lasting wear
• Easy care — machine washable, low maintenance
• Versatile styling — pair with traditional or contemporary essentials

Why shop the Evostripe Men Black Shorts Dk at BUTTERBYTE STORE? Enjoy authentic quality, pan-India shipping, secure checkout, easy 7-day returns and dedicated customer support. Elevate your ethnic and everyday wardrobe with BUTTERBYTE STORE — premium fashion for the modern Indian.",1190.00,850.00,29,10,In Stock,f,f,f,3.5,43,2026-05-31 01:08:02.849239+00
264a226b-ccdc-4191-bc3e-1d6b0ad6acdf,men-s-indigo-blue-acid-wash-utility-denim-shorts-2,Men S Indigo Blue Acid Wash Utility Denim Shorts,BUTTERBYTE STORE,,21839048-deb4-4dcb-9384-a5cb49e7dfa8,"Discover the Men S Indigo Blue Acid Wash Utility Denim Shorts from BUTTERBYTE STORE — a thoughtfully designed shorts crafted for the modern Indian wardrobe. Made with premium, breathable fabric and finished with meticulous tailoring, this Men S Indigo Blue Acid Wash Utility Denim Shorts blends contemporary design with timeless ethnic sensibility — ideal for festive occasions, everyday wear, gifting and special celebrations.

Key Highlights:
• Premium soft-touch fabric with a comfortable hand feel
• Tailored fit designed for all-day comfort and easy movement
• Durable double-stitched seams and color-fast dyes for long-lasting wear
• Easy care — machine washable, low maintenance
• Versatile styling — pair with traditional or contemporary essentials

Why shop the Men S Indigo Blue Acid Wash Utility Denim Shorts at BUTTERBYTE STORE? Enjoy authentic quality, pan-India shipping, secure checkout, easy 7-day returns and dedicated customer support. Elevate your ethnic and everyday wardrobe with BUTTERBYTE STORE — premium fashion for the modern Indian.",1960.00,1400.00,29,59,In Stock,f,f,f,5.0,10,2026-05-31 01:08:02.883249+00
a5718547-dee6-48a4-8602-16b6749fc48e,men-s-18cm-approx-training-shorts,Men S 18cm Approx Training Shorts,BUTTERBYTE STORE,,21839048-deb4-4dcb-9384-a5cb49e7dfa8,"Discover the Men S 18cm Approx Training Shorts from BUTTERBYTE STORE — a thoughtfully designed shorts crafted for the modern Indian wardrobe. Made with premium, breathable fabric and finished with meticulous tailoring, this Men S 18cm Approx Training Shorts blends contemporary design with timeless ethnic sensibility — ideal for festive occasions, everyday wear, gifting and special celebrations.

Key Highlights:
• Premium soft-touch fabric with a comfortable hand feel
• Tailored fit designed for all-day comfort and easy movement
• Durable double-stitched seams and color-fast dyes for long-lasting wear
• Easy care — machine washable, low maintenance
• Versatile styling — pair with traditional or contemporary essentials

Why shop the Men S 18cm Approx Training Shorts at BUTTERBYTE STORE? Enjoy authentic quality, pan-India shipping, secure checkout, easy 7-day returns and dedicated customer support. Elevate your ethnic and everyday wardrobe with BUTTERBYTE STORE — premium fashion for the modern Indian.",910.00,650.00,29,21,In Stock,f,f,t,5.0,25,2026-05-31 01:08:02.91755+00
1657f65e-a9ad-4064-87f7-4180575e7d1e,navy-blue-men-s-regular-fit-solid-mid-rise-shorts,Navy Blue Men S Regular Fit Solid Mid Rise Shorts,BUTTERBYTE STORE,,21839048-deb4-4dcb-9384-a5cb49e7dfa8,"Discover the Navy Blue Men S Regular Fit Solid Mid Rise Shorts from BUTTERBYTE STORE — a thoughtfully designed shorts crafted for the modern Indian wardrobe. Made with premium, breathable fabric and finished with meticulous tailoring, this Navy Blue Men S Regular Fit Solid Mid Rise Shorts blends contemporary design with timeless ethnic sensibility — ideal for festive occasions, everyday wear, gifting and special celebrations.

Key Highlights:
• Premium soft-touch fabric with a comfortable hand feel
• Tailored fit designed for all-day comfort and easy movement
• Durable double-stitched seams and color-fast dyes for long-lasting wear
• Easy care — machine washable, low maintenance
• Versatile styling — pair with traditional or contemporary essentials

Why shop the Navy Blue Men S Regular Fit Solid Mid Rise Shorts at BUTTERBYTE STORE? Enjoy authentic quality, pan-India shipping, secure checkout, easy 7-day returns and dedicated customer support. Elevate your ethnic and everyday wardrobe with BUTTERBYTE STORE — premium fashion for the modern Indian.",3150.00,2250.00,29,23,In Stock,f,f,f,3.5,103,2026-05-31 01:08:02.951462+00
775d5cdb-42ab-4317-8b3e-dd4bdb1877b0,solid-relaxed-fit-shorts,Solid Relaxed Fit Shorts,BUTTERBYTE STORE,,21839048-deb4-4dcb-9384-a5cb49e7dfa8,"Discover the Solid Relaxed Fit Shorts from BUTTERBYTE STORE — a thoughtfully designed shorts crafted for the modern Indian wardrobe. Made with premium, breathable fabric and finished with meticulous tailoring, this Solid Relaxed Fit Shorts blends contemporary design with timeless ethnic sensibility — ideal for festive occasions, everyday wear, gifting and special celebrations.

Key Highlights:
• Premium soft-touch fabric with a comfortable hand feel
• Tailored fit designed for all-day comfort and easy movement
• Durable double-stitched seams and color-fast dyes for long-lasting wear
• Easy care — machine washable, low maintenance
• Versatile styling — pair with traditional or contemporary essentials

Why shop the Solid Relaxed Fit Shorts at BUTTERBYTE STORE? Enjoy authentic quality, pan-India shipping, secure checkout, easy 7-day returns and dedicated customer support. Elevate your ethnic and everyday wardrobe with BUTTERBYTE STORE — premium fashion for the modern Indian.",3850.00,2750.00,29,33,In Stock,f,f,f,4.0,38,2026-05-31 01:08:02.985446+00
5a51d6c7-625b-4d18-98f8-86673861bdc5,men-s-grey-solid-shorts,Men S Grey Solid Shorts,BUTTERBYTE STORE,,21839048-deb4-4dcb-9384-a5cb49e7dfa8,"Discover the Men S Grey Solid Shorts from BUTTERBYTE STORE — a thoughtfully designed shorts crafted for the modern Indian wardrobe. Made with premium, breathable fabric and finished with meticulous tailoring, this Men S Grey Solid Shorts blends contemporary design with timeless ethnic sensibility — ideal for festive occasions, everyday wear, gifting and special celebrations.

Key Highlights:
• Premium soft-touch fabric with a comfortable hand feel
• Tailored fit designed for all-day comfort and easy movement
• Durable double-stitched seams and color-fast dyes for long-lasting wear
• Easy care — machine washable, low maintenance
• Versatile styling — pair with traditional or contemporary essentials

Why shop the Men S Grey Solid Shorts at BUTTERBYTE STORE? Enjoy authentic quality, pan-India shipping, secure checkout, easy 7-day returns and dedicated customer support. Elevate your ethnic and everyday wardrobe with BUTTERBYTE STORE — premium fashion for the modern Indian.",2660.00,1900.00,29,39,In Stock,f,f,f,5.0,80,2026-05-31 01:08:03.020225+00
